Date,Adj Close,Close,High,Low,Open,Volume
2021-09-16,7.460000038146973,7.460000038146973,7.489999771118164,7.130000114440918,7.289999961853027,288000
2021-09-17,7.460000038146973,7.460000038146973,7.550000190734863,7.380000114440918,7.449999809265137,515800
2021-09-20,6.96999979019165,6.96999979019165,7.304999828338623,6.940000057220459,7.25,442600
2021-09-21,6.78000020980835,6.78000020980835,7.090000152587891,6.760000228881836,7.039999961853027,351200
2021-09-22,6.980000019073486,6.980000019073486,7.130000114440918,6.800000190734863,6.869999885559082,448200
2021-09-23,7.159999847412109,7.159999847412109,7.239999771118164,7.014999866485596,7.050000190734863,228400
2021-09-24,7.239999771118164,7.239999771118164,7.329999923706055,7.079999923706055,7.170000076293945,242800
2021-09-27,7.239999771118164,7.239999771118164,7.510000228881836,7.239999771118164,7.269999980926514,297000
2021-09-28,7.050000190734863,7.050000190734863,7.289999961853027,7.050000190734863,7.179999828338623,248700
2021-09-29,7.039999961853027,7.039999961853027,7.179999828338623,6.980000019073486,7.130000114440918,273400
2021-09-30,7.179999828338623,7.179999828338623,7.25,7.079999923706055,7.079999923706055,247900
2021-10-01,7.190000057220459,7.190000057220459,7.340000152587891,7.099999904632568,7.230000019073486,261800
2021-10-04,6.809999942779541,6.809999942779541,7.25,6.795000076293945,7.230000019073486,307800
2021-10-05,6.869999885559082,6.869999885559082,7.03000020980835,6.800000190734863,6.809999942779541,309900
2021-10-06,6.869999885559082,6.869999885559082,6.920000076293945,6.710000038146973,6.800000190734863,224800
2021-10-07,6.900000095367432,6.900000095367432,7.070000171661377,6.880000114440918,6.909999847412109,463600
2021-10-08,6.789999961853027,6.789999961853027,7.065000057220459,6.769999980926514,6.940000057220459,357600
2021-10-11,6.809999942779541,6.809999942779541,6.96999979019165,6.75,6.75,195200
2021-10-12,6.75,6.75,6.940000057220459,6.739999771118164,6.829999923706055,292500
2021-10-13,7.199999809265137,7.199999809265137,7.21999979019165,6.760000228881836,6.760000228881836,360900
2021-10-14,7.340000152587891,7.340000152587891,7.579999923706055,7.25,7.25,362100
2021-10-15,7.21999979019165,7.21999979019165,7.449999809265137,7.179999828338623,7.389999866485596,211000
2021-10-18,7.159999847412109,7.159999847412109,7.28000020980835,7.099999904632568,7.170000076293945,210000
2021-10-19,7.420000076293945,7.420000076293945,7.449999809265137,7.170000076293945,7.258999824523926,233500
2021-10-20,7.409999847412109,7.409999847412109,7.570000171661377,7.300000190734863,7.420000076293945,305600
2021-10-21,7.519999980926514,7.519999980926514,7.579999923706055,7.369999885559082,7.369999885559082,234500
2021-10-22,7.5,7.5,7.610000133514404,7.409999847412109,7.5,432100
2021-10-25,7.590000152587891,7.590000152587891,7.671000003814697,7.4710001945495605,7.5,252400
2021-10-26,7.5,7.5,7.822000026702881,7.489999771118164,7.590000152587891,510000
2021-10-27,7.690000057220459,7.690000057220459,7.880000114440918,7.5,7.5,385900
2021-10-28,7.659999847412109,7.659999847412109,7.739999771118164,7.570000171661377,7.71999979019165,380400
2021-10-29,7.650000095367432,7.650000095367432,7.710000038146973,7.610000133514404,7.610000133514404,272300
2021-11-01,7.659999847412109,7.659999847412109,7.71999979019165,7.579999923706055,7.639999866485596,302000
2021-11-02,7.860000133514404,7.860000133514404,8.0,7.71999979019165,7.760000228881836,666800
2021-11-03,8.369999885559082,8.369999885559082,8.460000038146973,7.840000152587891,7.889999866485596,709900
2021-11-04,8.640000343322754,8.640000343322754,8.859999656677246,8.380000114440918,8.510000228881836,1252400
2021-11-05,5.860000133514404,5.860000133514404,6.920000076293945,5.75,6.803999900817871,5693100
2021-11-08,5.849999904632568,5.849999904632568,6.0,5.610000133514404,5.980000019073486,7146500
2021-11-09,5.75,5.75,5.940000057220459,5.730000019073486,5.900000095367432,1238000
2021-11-10,5.75,5.75,5.914999961853027,5.550000190734863,5.730000019073486,922700
2021-11-11,6.039999961853027,6.039999961853027,6.139999866485596,5.769999980926514,5.769999980926514,969700
2021-11-12,6.079999923706055,6.079999923706055,6.119999885559082,5.949999809265137,6.050000190734863,705100
2021-11-15,6.039999961853027,6.039999961853027,6.300000190734863,5.989999771118164,6.090000152587891,653500
2021-11-16,6.010000228881836,6.010000228881836,6.085000038146973,5.931000232696533,6.0,698800
2021-11-17,6.010000228881836,6.010000228881836,6.179999828338623,5.965000152587891,6.019999980926514,901400
2021-11-18,6.03000020980835,6.03000020980835,6.139999866485596,5.889999866485596,6.010000228881836,779900
2021-11-19,6.159999847412109,6.159999847412109,6.239999771118164,5.989999771118164,5.989999771118164,484500
2021-11-22,6.0,6.0,6.202000141143799,5.96999979019165,6.179999828338623,466000
2021-11-23,5.920000076293945,5.920000076293945,6.010000228881836,5.75,5.940000057220459,624300
2021-11-24,6.03000020980835,6.03000020980835,6.050000190734863,5.769999980926514,5.869999885559082,334100
2021-11-26,6.03000020980835,6.03000020980835,6.079999923706055,5.889999866485596,5.940000057220459,282200
2021-11-29,5.949999809265137,5.949999809265137,6.065000057220459,5.809999942779541,6.039999961853027,409500
2021-11-30,5.909999847412109,5.909999847412109,5.96999979019165,5.755000114440918,5.929999828338623,484300
2021-12-01,5.670000076293945,5.670000076293945,6.03000020980835,5.610000133514404,6.0,738200
2021-12-02,5.53000020980835,5.53000020980835,5.744999885559082,5.489999771118164,5.639999866485596,549400
2021-12-03,5.400000095367432,5.400000095367432,5.599999904632568,5.289999961853027,5.519999980926514,536700
2021-12-06,5.460000038146973,5.460000038146973,5.519999980926514,5.199999809265137,5.380000114440918,536500
2021-12-07,5.679999828338623,5.679999828338623,5.739999771118164,5.539999961853027,5.559999942779541,406000
2021-12-08,5.909999847412109,5.909999847412109,6.019999980926514,5.590000152587891,5.650000095367432,362100
2021-12-09,5.929999828338623,5.929999828338623,6.139999866485596,5.869999885559082,5.889999866485596,529500
2021-12-10,5.78000020980835,5.78000020980835,6.070000171661377,5.760000228881836,6.0,435400
2021-12-13,5.690000057220459,5.690000057220459,5.78000020980835,5.59499979019165,5.730000019073486,321000
2021-12-14,5.610000133514404,5.610000133514404,5.710000038146973,5.539999961853027,5.599999904632568,396400
2021-12-15,5.739999771118164,5.739999771118164,5.739999771118164,5.429999828338623,5.599999904632568,280200
2021-12-16,5.440000057220459,5.440000057220459,5.760000228881836,5.380000114440918,5.760000228881836,503800
2021-12-17,5.670000076293945,5.670000076293945,5.679999828338623,5.289999961853027,5.389999866485596,596500
2021-12-20,5.380000114440918,5.380000114440918,5.550000190734863,5.28000020980835,5.550000190734863,357400
2021-12-21,5.46999979019165,5.46999979019165,5.545000076293945,5.400000095367432,5.400000095367432,393400
2021-12-22,5.460000038146973,5.460000038146973,5.480000019073486,5.320000171661377,5.480000019073486,484500
2021-12-23,5.639999866485596,5.639999866485596,5.650000095367432,5.449999809265137,5.449999809265137,640900
2021-12-27,5.590000152587891,5.590000152587891,5.684999942779541,5.590000152587891,5.610000133514404,559200
2021-12-28,5.480000019073486,5.480000019073486,5.619999885559082,5.460000038146973,5.590000152587891,356400
2021-12-29,5.300000190734863,5.300000190734863,5.5,5.289999961853027,5.489999771118164,423600
2021-12-30,5.349999904632568,5.349999904632568,5.449999809265137,5.159999847412109,5.289999961853027,609700
2021-12-31,5.139999866485596,5.139999866485596,5.449999809265137,5.119999885559082,5.369999885559082,618500
2022-01-03,5.269999980926514,5.269999980926514,5.304999828338623,5.079999923706055,5.199999809265137,478600
2022-01-04,5.289999961853027,5.289999961853027,5.375,5.199999809265137,5.300000190734863,549400
2022-01-05,5.03000020980835,5.03000020980835,5.340000152587891,5.010000228881836,5.260000228881836,465100
2022-01-06,4.769999980926514,4.769999980926514,5.072000026702881,4.760000228881836,5.0,991200
2022-01-07,4.690000057220459,4.690000057220459,4.8470001220703125,4.630000114440918,4.800000190734863,556600
2022-01-10,4.380000114440918,4.380000114440918,4.670000076293945,4.349999904632568,4.670000076293945,1007100
2022-01-11,4.409999847412109,4.409999847412109,4.5,4.269999980926514,4.320000171661377,529100
2022-01-12,4.420000076293945,4.420000076293945,4.570000171661377,4.409999847412109,4.46999979019165,530900
2022-01-13,4.199999809265137,4.199999809265137,4.420000076293945,4.190000057220459,4.420000076293945,566300
2022-01-14,4.110000133514404,4.110000133514404,4.239999771118164,4.039999961853027,4.190000057220459,755400
2022-01-18,3.9700000286102295,3.9700000286102295,4.150000095367432,3.9600000381469727,4.079999923706055,470200
2022-01-19,4.099999904632568,4.099999904632568,4.139999866485596,3.9700000286102295,3.9700000286102295,458500
2022-01-20,3.9800000190734863,3.9800000190734863,4.150000095367432,3.9600000381469727,4.099999904632568,381200
2022-01-21,3.859999895095825,3.859999895095825,4.03000020980835,3.8499999046325684,3.9600000381469727,464800
2022-01-24,4.019999980926514,4.019999980926514,4.03000020980835,3.630000114440918,3.7699999809265137,802400
2022-01-25,3.950000047683716,3.950000047683716,4.03000020980835,3.869999885559082,3.9700000286102295,335300
2022-01-26,3.9200000762939453,3.9200000762939453,4.150000095367432,3.859999895095825,4.0,421500
2022-01-27,3.7699999809265137,3.7699999809265137,3.990000009536743,3.75,3.990000009536743,350100
2022-01-28,3.819999933242798,3.819999933242798,3.819999933242798,3.6600000858306885,3.759999990463257,228200
2022-01-31,4.099999904632568,4.099999904632568,4.099999904632568,3.8399999141693115,3.8399999141693115,280300
2022-02-01,4.119999885559082,4.119999885559082,4.230000019073486,4.050000190734863,4.130000114440918,364400
2022-02-02,4.0,4.0,4.199999809265137,3.869999885559082,4.150000095367432,236100
2022-02-03,3.8499999046325684,3.8499999046325684,3.953000068664551,3.8299999237060547,3.9100000858306885,207900
2022-02-04,3.950000047683716,3.950000047683716,3.990000009536743,3.7799999713897705,3.8499999046325684,244800
2022-02-07,3.930000066757202,3.930000066757202,4.010000228881836,3.8399999141693115,3.950000047683716,534700
2022-02-08,3.869999885559082,3.869999885559082,4.0,3.8350000381469727,3.940000057220459,597600
2022-02-09,4.050000190734863,4.050000190734863,4.110000133514404,3.9000000953674316,3.9000000953674316,411100
2022-02-10,3.930000066757202,3.930000066757202,4.130000114440918,3.9200000762939453,3.9600000381469727,260100
2022-02-11,3.809999942779541,3.809999942779541,3.9800000190734863,3.799999952316284,3.9100000858306885,331000
2022-02-14,3.640000104904175,3.640000104904175,3.809999942779541,3.632999897003174,3.7799999713897705,449400
2022-02-15,3.890000104904175,3.890000104904175,3.934999942779541,3.690000057220459,3.690000057220459,272700
2022-02-16,4.309999942779541,4.309999942779541,4.389999866485596,3.8299999237060547,3.869999885559082,876600
2022-02-17,4.21999979019165,4.21999979019165,4.53000020980835,4.15500020980835,4.28000020980835,548500
2022-02-18,4.369999885559082,4.369999885559082,4.559999942779541,4.190000057220459,4.190000057220459,711900
2022-02-22,3.9600000381469727,3.9600000381469727,4.329999923706055,3.930000066757202,4.199999809265137,788700
2022-02-23,3.8399999141693115,3.8399999141693115,4.090000152587891,3.809999942779541,4.0,333000
2022-02-24,4.059999942779541,4.059999942779541,4.070000171661377,3.490000009536743,3.740000009536743,771900
2022-02-25,3.450000047683716,3.450000047683716,3.825000047683716,3.4000000953674316,3.7899999618530273,1404300
2022-02-28,3.630000114440918,3.630000114440918,3.6500000953674316,3.3399999141693115,3.4000000953674316,468700
2022-03-01,3.619999885559082,3.619999885559082,3.6500000953674316,3.490000009536743,3.5999999046325684,301800
2022-03-02,3.700000047683716,3.700000047683716,3.7300000190734863,3.509999990463257,3.619999885559082,214700
2022-03-03,3.5999999046325684,3.5999999046325684,3.7109999656677246,3.5799999237060547,3.700000047683716,181600
2022-03-04,3.4100000858306885,3.4100000858306885,3.5899999141693115,3.4100000858306885,3.549999952316284,399400
2022-03-07,3.559999942779541,3.559999942779541,3.640000104904175,3.4000000953674316,3.440000057220459,192600
2022-03-08,3.7300000190734863,3.7300000190734863,3.7850000858306885,3.5199999809265137,3.559999942779541,382800
2022-03-09,3.7200000286102295,3.7200000286102295,3.890000104904175,3.700000047683716,3.7799999713897705,218100
2022-03-10,3.5999999046325684,3.5999999046325684,3.640000104904175,3.5,3.619999885559082,189500
2022-03-11,3.450000047683716,3.450000047683716,3.6700000762939453,3.450000047683716,3.6700000762939453,148500
2022-03-14,3.0199999809265137,3.0199999809265137,3.4600000381469727,3.0,3.4600000381469727,732600
2022-03-15,3.140000104904175,3.140000104904175,3.1700000762939453,3.0,3.0,144200
2022-03-16,3.2799999713897705,3.2799999713897705,3.3399999141693115,3.109999895095825,3.174999952316284,277200
2022-03-17,3.319999933242798,3.319999933242798,3.369999885559082,3.190000057220459,3.259999990463257,138900
2022-03-18,3.609999895095825,3.609999895095825,3.640000104904175,3.2799999713897705,3.2799999713897705,378100
2022-03-21,3.3299999237060547,3.3299999237060547,3.609999895095825,3.299999952316284,3.569999933242798,308400
2022-03-22,3.299999952316284,3.299999952316284,3.4800000190734863,3.299999952316284,3.3399999141693115,145400
2022-03-23,3.3399999141693115,3.3399999141693115,3.450000047683716,3.25,3.3499999046325684,248300
2022-03-24,3.359999895095825,3.359999895095825,3.380000114440918,3.2200000286102295,3.380000114440918,178900
2022-03-25,3.2699999809265137,3.2699999809265137,3.369999885559082,3.2300000190734863,3.359999895095825,201800
2022-03-28,3.240000009536743,3.240000009536743,3.2699999809265137,3.109999895095825,3.2699999809265137,303900
2022-03-29,3.3399999141693115,3.3399999141693115,3.390000104904175,3.2899999618530273,3.2899999618530273,117900
2022-03-30,3.490000009536743,3.490000009536743,3.619999885559082,3.309999942779541,3.3299999237060547,625500
2022-03-31,3.6500000953674316,3.6500000953674316,3.680000066757202,3.48799991607666,3.5,332200
2022-04-01,3.309999942779541,3.309999942779541,3.740999937057495,3.2899999618530273,3.6600000858306885,506100
2022-04-04,3.4100000858306885,3.4100000858306885,3.4700000286102295,3.2200000286102295,3.309999942779541,286300
2022-04-05,3.299999952316284,3.299999952316284,3.4200000762939453,3.2899999618530273,3.4200000762939453,219800
2022-04-06,3.1500000953674316,3.1500000953674316,3.2799999713897705,3.1500000953674316,3.2200000286102295,260400
2022-04-07,3.2200000286102295,3.2200000286102295,3.24399995803833,3.109999895095825,3.190000057220459,215900
2022-04-08,3.0999999046325684,3.0999999046325684,3.2100000381469727,3.0899999141693115,3.2100000381469727,159700
2022-04-11,3.069999933242798,3.069999933242798,3.140000104904175,3.0,3.0899999141693115,90900
2022-04-12,3.0299999713897705,3.0299999713897705,3.140000104904175,3.0199999809265137,3.0999999046325684,192100
2022-04-13,3.0899999141693115,3.0899999141693115,3.109999895095825,3.0299999713897705,3.0399999618530273,77000
2022-04-14,3.0299999713897705,3.0299999713897705,3.119999885559082,3.0299999713897705,3.049999952316284,158500
2022-04-18,3.0399999618530273,3.0399999618530273,3.109999895095825,2.950000047683716,3.049999952316284,292200
2022-04-19,3.0199999809265137,3.0199999809265137,3.075000047683716,2.990000009536743,3.069999933242798,135700
2022-04-20,3.069999933242798,3.069999933242798,3.119999885559082,2.9700000286102295,3.0,292800
2022-04-21,2.9600000381469727,2.9600000381469727,3.1500000953674316,2.950000047683716,3.1500000953674316,309800
2022-04-22,2.8399999141693115,2.8399999141693115,2.984999895095825,2.759999990463257,2.940000057220459,255900
2022-04-25,2.799999952316284,2.799999952316284,2.875999927520752,2.759999990463257,2.8499999046325684,202300
2022-04-26,2.680000066757202,2.680000066757202,2.809999942779541,2.619999885559082,2.799999952316284,304000
2022-04-27,2.5,2.5,2.680000066757202,2.4800000190734863,2.680000066757202,489300
2022-04-28,2.5799999237060547,2.5799999237060547,2.6600000858306885,2.450000047683716,2.559999942779541,364700
2022-04-29,2.569999933242798,2.569999933242798,2.7200000286102295,2.5299999713897705,2.5299999713897705,97400
2022-05-02,2.5899999141693115,2.5899999141693115,2.5999999046325684,2.5199999809265137,2.5399999618530273,326900
2022-05-03,2.7699999809265137,2.7699999809265137,2.799999952316284,2.5799999237060547,2.5799999237060547,246400
2022-05-04,2.8499999046325684,2.8499999046325684,2.859999895095825,2.6600000858306885,2.759999990463257,167400
2022-05-05,2.609999895095825,2.609999895095825,2.8499999046325684,2.609999895095825,2.7899999618530273,220100
2022-05-06,2.5299999713897705,2.5299999713897705,2.6700000762939453,2.4200000762939453,2.5899999141693115,305200
2022-05-09,2.2100000381469727,2.2100000381469727,2.4700000286102295,2.009999990463257,2.4600000381469727,456600
2022-05-10,2.2799999713897705,2.2799999713897705,2.3259999752044678,2.140000104904175,2.240000009536743,249500
2022-05-11,2.119999885559082,2.119999885559082,2.309999942779541,2.0299999713897705,2.25,356400
2022-05-12,2.174999952316284,2.174999952316284,2.259999990463257,2.059999942779541,2.109999895095825,199000
2022-05-13,2.3299999237060547,2.3299999237060547,2.3299999237060547,2.25,2.259999990463257,192200
2022-05-16,2.3299999237060547,2.3299999237060547,2.430000066757202,2.2709999084472656,2.299999952316284,165300
2022-05-17,2.4700000286102295,2.4700000286102295,2.4800000190734863,2.3499999046325684,2.3499999046325684,138000
2022-05-18,2.380000114440918,2.380000114440918,2.559999942779541,2.369999885559082,2.450000047683716,74700
2022-05-19,2.4800000190734863,2.4800000190734863,2.5299999713897705,2.2799999713897705,2.380000114440918,216900
2022-05-20,2.2899999618530273,2.2899999618530273,2.5,2.259999990463257,2.5,156900
2022-05-23,2.240000009536743,2.240000009536743,2.3499999046325684,2.2300000190734863,2.299999952316284,114900
2022-05-24,2.1600000858306885,2.1600000858306885,2.259999990463257,2.119999885559082,2.259999990463257,190300
2022-05-25,2.190000057220459,2.190000057220459,2.194999933242798,2.119999885559082,2.119999885559082,74300
2022-05-26,2.299999952316284,2.299999952316284,2.3499999046325684,2.180000066757202,2.200000047683716,197700
2022-05-27,2.25,2.25,2.3299999237060547,2.2200000286102295,2.319999933242798,160300
2022-05-31,2.369999885559082,2.369999885559082,2.390000104904175,2.240000009536743,2.2899999618530273,216200
2022-06-01,2.2899999618530273,2.2899999618530273,2.4000000953674316,2.2300000190734863,2.369999885559082,201900
2022-06-02,2.309999942779541,2.309999942779541,2.4000000953674316,2.25,2.2799999713897705,257300
2022-06-03,2.25,2.25,2.319999933242798,2.2200000286102295,2.309999942779541,197300
2022-06-06,2.180000066757202,2.180000066757202,2.2920000553131104,2.1600000858306885,2.259999990463257,136900
2022-06-07,2.2899999618530273,2.2899999618530273,2.380000114440918,2.1500000953674316,2.1600000858306885,225500
2022-06-08,2.440000057220459,2.440000057220459,2.549999952316284,2.240000009536743,2.240000009536743,264400
2022-06-09,2.240000009536743,2.240000009536743,2.390000104904175,2.2200000286102295,2.380000114440918,199000
2022-06-10,2.0899999141693115,2.0899999141693115,2.2009999752044678,2.049999952316284,2.200000047683716,318800
2022-06-13,1.9800000190734863,1.9800000190734863,2.069999933242798,1.8600000143051147,2.0399999618530273,328800
2022-06-14,1.940000057220459,1.940000057220459,2.0190000534057617,1.909999966621399,2.009999990463257,315300
2022-06-15,1.9800000190734863,1.9800000190734863,2.009999990463257,1.909999966621399,1.9500000476837158,352100
2022-06-16,1.8300000429153442,1.8300000429153442,1.940000057220459,1.8200000524520874,1.899999976158142,180900
2022-06-17,1.8600000143051147,1.8600000143051147,1.9600000381469727,1.809999942779541,1.8700000047683716,226200
2022-06-21,1.9299999475479126,1.9299999475479126,1.9600000381469727,1.809999942779541,1.8600000143051147,237800
2022-06-22,1.9800000190734863,1.9800000190734863,2.059999942779541,1.899999976158142,1.899999976158142,163600
2022-06-23,1.975000023841858,1.975000023841858,2.059999942779541,1.899999976158142,1.9600000381469727,274700
2022-06-24,1.8600000143051147,1.8600000143051147,2.005000114440918,1.8300000429153442,1.9700000286102295,478300
2022-06-27,1.7699999809265137,1.7699999809265137,1.8849999904632568,1.7000000476837158,1.8600000143051147,556300
2022-06-28,1.75,1.75,1.8869999647140503,1.722000002861023,1.7699999809265137,179600
2022-06-29,1.659999966621399,1.659999966621399,1.75,1.649999976158142,1.75,116300
2022-06-30,1.5499999523162842,1.5499999523162842,1.659999966621399,1.5199999809265137,1.659999966621399,217600
2022-07-01,1.559999942779541,1.559999942779541,1.5720000267028809,1.5089999437332153,1.5499999523162842,201600
2022-07-05,1.5299999713897705,1.5299999713897705,1.559999942779541,1.4900000095367432,1.5499999523162842,308400
2022-07-06,1.5299999713897705,1.5299999713897705,1.5800000429153442,1.5,1.5199999809265137,224400
2022-07-07,1.6200000047683716,1.6200000047683716,1.687999963760376,1.559999942779541,1.559999942779541,202900
2022-07-08,1.6299999952316284,1.6299999952316284,1.687999963760376,1.600000023841858,1.6399999856948853,99000
2022-07-11,1.5,1.5,1.659999966621399,1.5,1.6100000143051147,131500
2022-07-12,1.5199999809265137,1.5199999809265137,1.5700000524520874,1.5,1.559999942779541,131300
2022-07-13,1.6100000143051147,1.6100000143051147,1.649999976158142,1.4800000190734863,1.5089999437332153,130000
2022-07-14,1.559999942779541,1.559999942779541,1.6100000143051147,1.559999942779541,1.6100000143051147,26700
2022-07-15,1.6299999952316284,1.6299999952316284,1.6799999475479126,1.5299999713897705,1.559999942779541,149600
2022-07-18,1.659999966621399,1.659999966621399,1.7799999713897705,1.649999976158142,1.6799999475479126,285400
2022-07-19,1.7599999904632568,1.7599999904632568,1.7799999713897705,1.690000057220459,1.690000057220459,131000
2022-07-20,1.8600000143051147,1.8600000143051147,1.899999976158142,1.7569999694824219,1.7799999713897705,208900
2022-07-21,1.8200000524520874,1.8200000524520874,1.8799999952316284,1.7999999523162842,1.809999942779541,98000
2022-07-22,1.6799999475479126,1.6799999475479126,1.8200000524520874,1.6399999856948853,1.8200000524520874,187900
2022-07-25,1.649999976158142,1.649999976158142,1.7100000381469727,1.6399999856948853,1.659999966621399,108800
2022-07-26,1.659999966621399,1.659999966621399,1.75,1.6200000047683716,1.6200000047683716,86900
2022-07-27,1.7300000190734863,1.7300000190734863,1.75,1.6799999475479126,1.6799999475479126,190100
2022-07-28,1.7100000381469727,1.7100000381469727,1.8209999799728394,1.6799999475479126,1.7400000095367432,120300
2022-07-29,1.7200000286102295,1.7200000286102295,1.75,1.649999976158142,1.7200000286102295,238800
2022-08-01,1.7100000381469727,1.7100000381469727,1.7400000095367432,1.6649999618530273,1.7000000476837158,149900
2022-08-02,1.850000023841858,1.850000023841858,1.8899999856948853,1.659999966621399,1.690000057220459,237700
2022-08-03,1.9199999570846558,1.9199999570846558,1.940000057220459,1.8300000429153442,1.850000023841858,220900
2022-08-04,1.9700000286102295,1.9700000286102295,2.049999952316284,1.8700000047683716,1.9500000476837158,380200
2022-08-05,1.8600000143051147,1.8600000143051147,1.9500000476837158,1.809999942779541,1.9299999475479126,255300
2022-08-08,1.9199999570846558,1.9199999570846558,1.9900000095367432,1.8609999418258667,1.8700000047683716,201500
2022-08-09,1.840000033378601,1.840000033378601,1.9199999570846558,1.7949999570846558,1.909999966621399,267900
2022-08-10,2.0899999141693115,2.0899999141693115,2.0999999046325684,1.8899999856948853,1.9299999475479126,245400
2022-08-11,2.200000047683716,2.200000047683716,2.259999990463257,2.109999895095825,2.1500000953674316,303500
2022-08-12,2.5999999046325684,2.5999999046325684,2.680000066757202,2.190000057220459,2.2300000190734863,677400
2022-08-15,2.859999895095825,2.859999895095825,3.0299999713897705,2.5,2.5899999141693115,1026700
2022-08-16,2.859999895095825,2.859999895095825,3.049999952316284,2.809999942779541,2.859999895095825,656000
2022-08-17,2.799999952316284,2.799999952316284,2.880000114440918,2.687999963760376,2.880000114440918,271200
2022-08-18,2.740000009536743,2.740000009536743,2.799999952316284,2.630000114440918,2.799999952316284,249300
2022-08-19,2.5199999809265137,2.5199999809265137,2.740000009536743,2.5,2.740000009536743,252500
2022-08-22,2.4700000286102295,2.4700000286102295,2.5,2.369999885559082,2.5,157700
2022-08-23,2.4100000858306885,2.4100000858306885,2.5,2.3499999046325684,2.4200000762939453,218100
2022-08-24,2.759999990463257,2.759999990463257,2.759999990463257,2.4000000953674316,2.4800000190734863,274600
2022-08-25,2.759999990463257,2.759999990463257,2.859999895095825,2.690000057220459,2.799999952316284,222700
2022-08-26,2.559999942779541,2.559999942779541,2.809999942779541,2.549999952316284,2.809999942779541,211100
2022-08-29,2.440000057220459,2.440000057220459,2.549999952316284,2.4100000858306885,2.5,154500
2022-08-30,2.4000000953674316,2.4000000953674316,2.4600000381469727,2.3499999046325684,2.4600000381469727,70600
2022-08-31,2.4100000858306885,2.4100000858306885,2.4600000381469727,2.3499999046325684,2.4200000762939453,123700
2022-09-01,2.180000066757202,2.180000066757202,2.369999885559082,2.1600000858306885,2.369999885559082,150500
2022-09-02,2.2699999809265137,2.2699999809265137,2.318000078201294,2.109999895095825,2.190000057220459,241500
2022-09-06,2.1500000953674316,2.1500000953674316,2.2899999618530273,2.1500000953674316,2.240000009536743,86000
2022-09-07,2.309999942779541,2.309999942779541,2.319999933242798,2.140000104904175,2.140000104904175,114000
2022-09-08,2.3499999046325684,2.3499999046325684,2.369999885559082,2.2699999809265137,2.2699999809265137,122000
2022-09-09,2.5,2.5,2.5399999618530273,2.4000000953674316,2.4000000953674316,151200
2022-09-12,2.5,2.5,2.690000057220459,2.4600000381469727,2.559999942779541,255000
2022-09-13,2.4200000762939453,2.4200000762939453,2.5,2.3299999237060547,2.380000114440918,192400
2022-09-14,2.5299999713897705,2.5299999713897705,2.609999895095825,2.434999942779541,2.4700000286102295,256300
2022-09-15,2.5,2.5,2.630000114440918,2.4600000381469727,2.5299999713897705,2386000
2022-09-16,3.759999990463257,3.759999990463257,3.940000057220459,2.869999885559082,3.009999990463257,77414200
2022-09-19,3.6600000858306885,3.6600000858306885,3.680000066757202,3.380000114440918,3.569999933242798,5167100
2022-09-20,3.180000066757202,3.180000066757202,4.0,3.049999952316284,3.7200000286102295,3467500
2022-09-21,3.3299999237060547,3.3299999237060547,3.440000057220459,3.119999885559082,3.2100000381469727,878700
2022-09-22,3.009999990463257,3.009999990463257,3.3299999237060547,2.994999885559082,3.2899999618530273,535700
2022-09-23,2.8499999046325684,2.8499999046325684,2.9800000190734863,2.7200000286102295,2.9600000381469727,642000
2022-09-26,2.7699999809265137,2.7699999809265137,2.9000000953674316,2.7300000190734863,2.8499999046325684,237700
2022-09-27,2.8299999237060547,2.8299999237060547,2.890000104904175,2.759999990463257,2.809999942779541,260000
2022-09-28,2.950000047683716,2.950000047683716,2.9800000190734863,2.803999900817871,2.8299999237060547,459600
2022-09-29,2.6600000858306885,2.6600000858306885,2.940000057220459,2.609999895095825,2.9000000953674316,376200
2022-09-30,2.7200000286102295,2.7200000286102295,2.8350000381469727,2.6700000762939453,2.680000066757202,394300
2022-10-03,2.75,2.75,2.765000104904175,2.6500000953674316,2.759999990463257,251000
2022-10-04,2.940000057220459,2.940000057220459,2.990000009536743,2.7899999618530273,2.819999933242798,424400
2022-10-05,3.009999990463257,3.009999990463257,3.0899999141693115,2.869999885559082,2.9100000858306885,582300
2022-10-06,2.930000066757202,2.930000066757202,3.115000009536743,2.9000000953674316,3.0299999713897705,261700
2022-10-07,2.7799999713897705,2.7799999713897705,2.9100000858306885,2.740000009536743,2.890000104904175,262000
2022-10-10,2.6700000762939453,2.6700000762939453,2.7899999618530273,2.549999952316284,2.7699999809265137,272400
2022-10-11,2.630000114440918,2.630000114440918,2.700000047683716,2.5199999809265137,2.6600000858306885,395700
2022-10-12,2.630000114440918,2.630000114440918,2.700000047683716,2.5899999141693115,2.619999885559082,154800
2022-10-13,2.7300000190734863,2.7300000190734863,2.759999990463257,2.5220000743865967,2.619999885559082,192700
2022-10-14,2.740000009536743,2.740000009536743,2.8499999046325684,2.700000047683716,2.7699999809265137,160600
2022-10-17,2.799999952316284,2.799999952316284,2.9100000858306885,2.7300000190734863,2.7300000190734863,204200
2022-10-18,2.9200000762939453,2.9200000762939453,2.9700000286102295,2.8350000381469727,2.869999885559082,224700
2022-10-19,2.799999952316284,2.799999952316284,2.950000047683716,2.7699999809265137,2.930000066757202,200700
2022-10-20,2.8299999237060547,2.8299999237060547,2.9100000858306885,2.6600000858306885,2.799999952316284,152200
2022-10-21,2.740000009536743,2.740000009536743,2.8499999046325684,2.700000047683716,2.8399999141693115,277300
2022-10-24,2.7100000381469727,2.7100000381469727,2.799999952316284,2.630000114440918,2.740000009536743,283600
2022-10-25,2.859999895095825,2.859999895095825,2.9600000381469727,2.7300000190734863,2.7300000190734863,239100
2022-10-26,2.890000104904175,2.890000104904175,2.9549999237060547,2.8299999237060547,2.8299999237060547,149300
2022-10-27,2.809999942779541,2.809999942779541,3.0,2.799999952316284,2.9700000286102295,280700
2022-10-28,2.799999952316284,2.799999952316284,2.8499999046325684,2.755000114440918,2.8299999237060547,168000
2022-10-31,2.75,2.75,2.8299999237060547,2.7100000381469727,2.7899999618530273,175000
2022-11-01,2.7300000190734863,2.7300000190734863,2.8299999237060547,2.7100000381469727,2.819999933242798,150300
2022-11-02,2.5899999141693115,2.5899999141693115,2.859999895095825,2.569999933242798,2.7200000286102295,166200
2022-11-03,2.430000066757202,2.430000066757202,2.5899999141693115,2.390000104904175,2.5899999141693115,419900
2022-11-04,2.0799999237060547,2.0799999237060547,2.4200000762939453,2.069999933242798,2.2699999809265137,458300
2022-11-07,2.1600000858306885,2.1600000858306885,2.180000066757202,2.119999885559082,2.140000104904175,283500
2022-11-08,2.1500000953674316,2.1500000953674316,2.2200000286102295,2.119999885559082,2.180000066757202,156600
2022-11-09,2.0899999141693115,2.0899999141693115,2.240000009536743,2.0799999237060547,2.240000009536743,231400
2022-11-10,2.2049999237060547,2.2049999237060547,2.240000009536743,2.069999933242798,2.2300000190734863,248800
2022-11-11,2.3299999237060547,2.3299999237060547,2.3299999237060547,2.1700000762939453,2.240000009536743,201600
2022-11-14,2.3399999141693115,2.3399999141693115,2.3399999141693115,2.2799999713897705,2.2799999713897705,144300
2022-11-15,2.3499999046325684,2.3499999046325684,2.4200000762939453,2.315000057220459,2.4000000953674316,129000
2022-11-16,2.1500000953674316,2.1500000953674316,2.299999952316284,2.119999885559082,2.299999952316284,249700
2022-11-17,2.190000057220459,2.190000057220459,2.240000009536743,2.0899999141693115,2.0999999046325684,95200
2022-11-18,2.130000114440918,2.130000114440918,2.2049999237060547,2.119999885559082,2.180000066757202,64200
2022-11-21,2.25,2.25,2.2799999713897705,2.0899999141693115,2.119999885559082,260000
2022-11-22,2.2799999713897705,2.2799999713897705,2.319999933242798,2.180000066757202,2.200000047683716,110400
2022-11-23,2.180000066757202,2.180000066757202,2.380000114440918,2.1700000762939453,2.2679998874664307,159900
2022-11-25,2.190000057220459,2.190000057220459,2.2300000190734863,2.109999895095825,2.180000066757202,27400
2022-11-28,2.109999895095825,2.109999895095825,2.240000009536743,2.0999999046325684,2.180000066757202,148100
2022-11-29,2.109999895095825,2.109999895095825,2.1500000953674316,2.0899999141693115,2.109999895095825,121600
2022-11-30,2.200000047683716,2.200000047683716,2.200000047683716,2.0199999809265137,2.0999999046325684,118700
2022-12-01,2.2300000190734863,2.2300000190734863,2.3299999237060547,2.121000051498413,2.180000066757202,75400
2022-12-02,2.319999933242798,2.319999933242798,2.3499999046325684,2.1700000762939453,2.1700000762939453,141400
2022-12-05,2.2899999618530273,2.2899999618530273,2.440000057220459,2.240000009536743,2.3299999237060547,123200
2022-12-06,2.0999999046325684,2.0999999046325684,2.2799999713897705,2.049999952316284,2.2799999713897705,205700
2022-12-07,2.0999999046325684,2.0999999046325684,2.1700000762939453,2.049999952316284,2.0999999046325684,178800
2022-12-08,2.180000066757202,2.180000066757202,2.180000066757202,2.0999999046325684,2.130000114440918,77900
2022-12-09,2.119999885559082,2.119999885559082,2.184999942779541,2.109999895095825,2.1500000953674316,46500
2022-12-12,2.1500000953674316,2.1500000953674316,2.200000047683716,2.0999999046325684,2.109999895095825,93800
2022-12-13,2.140000104904175,2.140000104904175,2.2799999713897705,2.130000114440918,2.1500000953674316,183100
2022-12-14,2.130000114440918,2.130000114440918,2.200000047683716,2.130000114440918,2.140000104904175,161900
2022-12-15,2.119999885559082,2.119999885559082,2.1600000858306885,2.119999885559082,2.130000114440918,194400
2022-12-16,2.1500000953674316,2.1500000953674316,2.200000047683716,2.119999885559082,2.1500000953674316,157400
2022-12-19,2.130000114440918,2.130000114440918,2.1600000858306885,2.119999885559082,2.1500000953674316,198400
2022-12-20,2.2100000381469727,2.2100000381469727,2.299999952316284,2.130000114440918,2.130000114440918,188600
2022-12-21,2.130000114440918,2.130000114440918,2.240000009536743,2.130000114440918,2.200000047683716,66500
2022-12-22,2.0,2.0,2.130000114440918,1.9500000476837158,2.130000114440918,214500
2022-12-23,1.9500000476837158,1.9500000476837158,1.9800000190734863,1.8700000047683716,1.9600000381469727,204100
2022-12-27,1.8300000429153442,1.8300000429153442,1.9299999475479126,1.7999999523162842,1.8700000047683716,203900
2022-12-28,1.7400000095367432,1.7400000095367432,1.8609999418258667,1.690999984741211,1.8300000429153442,227100
2022-12-29,1.899999976158142,1.899999976158142,1.9800000190734863,1.7300000190734863,1.7300000190734863,280900
2022-12-30,1.8899999856948853,1.8899999856948853,1.940000057220459,1.850000023841858,1.899999976158142,221100
2023-01-03,1.8799999952316284,1.8799999952316284,1.9900000095367432,1.8600000143051147,1.940000057220459,133400
2023-01-04,1.9199999570846558,1.9199999570846558,1.9500000476837158,1.8799999952316284,1.899999976158142,114900
2023-01-05,1.8799999952316284,1.8799999952316284,1.9199999570846558,1.8700000047683716,1.9199999570846558,57800
2023-01-06,1.8600000143051147,1.8600000143051147,1.909000039100647,1.8300000429153442,1.899999976158142,159900
2023-01-09,2.1500000953674316,2.1500000953674316,2.2799999713897705,1.9229999780654907,1.9299999475479126,216300
2023-01-10,2.119999885559082,2.119999885559082,2.25,2.119999885559082,2.1500000953674316,166200
2023-01-11,2.1500000953674316,2.1500000953674316,2.2300000190734863,2.119999885559082,2.1500000953674316,111800
2023-01-12,2.3499999046325684,2.3499999046325684,2.390000104904175,2.140000104904175,2.1700000762939453,264300
2023-01-13,2.430000066757202,2.430000066757202,2.4649999141693115,2.319999933242798,2.3299999237060547,163600
2023-01-17,2.440000057220459,2.440000057220459,2.5299999713897705,2.319999933242798,2.430000066757202,238900
2023-01-18,2.369999885559082,2.369999885559082,2.549999952316284,2.359999895095825,2.4600000381469727,138800
2023-01-19,2.2899999618530273,2.2899999618530273,2.3499999046325684,2.239000082015991,2.319999933242798,57000
2023-01-20,2.2100000381469727,2.2100000381469727,2.299999952316284,2.180000066757202,2.2899999618530273,125200
2023-01-23,2.240000009536743,2.240000009536743,2.299999952316284,2.180000066757202,2.2300000190734863,121500
2023-01-24,2.2200000286102295,2.2200000286102295,2.3399999141693115,2.2100000381469727,2.2200000286102295,81900
2023-01-25,2.200000047683716,2.200000047683716,2.259999990463257,2.130000114440918,2.2100000381469727,57300
2023-01-26,2.200000047683716,2.200000047683716,2.299999952316284,2.200000047683716,2.2200000286102295,151700
2023-01-27,2.369999885559082,2.369999885559082,2.430000066757202,2.174999952316284,2.2300000190734863,107900
2023-01-30,2.3299999237060547,2.3299999237060547,2.440000057220459,2.3299999237060547,2.390000104904175,143200
2023-01-31,2.390000104904175,2.390000104904175,2.440000057220459,2.3299999237060547,2.3299999237060547,72200
2023-02-01,2.5999999046325684,2.5999999046325684,2.6500000953674316,2.359999895095825,2.369999885559082,262700
2023-02-02,2.819999933242798,2.819999933242798,2.880000114440918,2.5889999866485596,2.5999999046325684,713300
2023-02-03,2.700000047683716,2.700000047683716,2.8959999084472656,2.6700000762939453,2.809999942779541,193900
2023-02-06,2.6500000953674316,2.6500000953674316,2.7300000190734863,2.6500000953674316,2.6700000762939453,74600
2023-02-07,2.619999885559082,2.619999885559082,2.680000066757202,2.549999952316284,2.619999885559082,95300
2023-02-08,2.549999952316284,2.549999952316284,2.6500000953674316,2.549999952316284,2.5999999046325684,85700
2023-02-09,2.630000114440918,2.630000114440918,2.700000047683716,2.5999999046325684,2.5999999046325684,117200
2023-02-10,2.6500000953674316,2.6500000953674316,2.700000047683716,2.5899999141693115,2.640000104904175,75800
2023-02-13,2.640000104904175,2.640000104904175,2.815000057220459,2.619999885559082,2.700000047683716,131900
2023-02-14,2.700000047683716,2.700000047683716,2.7119998931884766,2.609999895095825,2.6600000858306885,165700
2023-02-15,2.8299999237060547,2.8299999237060547,2.9100000858306885,2.690000057220459,2.690000057220459,233400
2023-02-16,2.950000047683716,2.950000047683716,3.059999942779541,2.8299999237060547,2.8499999046325684,417400
2023-02-17,2.799999952316284,2.799999952316284,3.01200008392334,2.7929999828338623,2.9700000286102295,207300
2023-02-21,2.7200000286102295,2.7200000286102295,2.9100000858306885,2.7100000381469727,2.859999895095825,166600
2023-02-22,2.819999933242798,2.819999933242798,2.990000009536743,2.7200000286102295,2.7200000286102295,320000
2023-02-23,3.0399999618530273,3.0399999618530273,3.0399999618530273,2.9000000953674316,3.0399999618530273,456300
2023-02-24,2.609999895095825,2.609999895095825,2.9700000286102295,2.5899999141693115,2.9700000286102295,329700
2023-02-27,2.5899999141693115,2.5899999141693115,2.700000047683716,2.5399999618530273,2.700000047683716,186000
2023-02-28,2.809999942779541,2.809999942779541,2.8499999046325684,2.559999942779541,2.559999942779541,177300
2023-03-01,2.7300000190734863,2.7300000190734863,2.9000000953674316,2.7300000190734863,2.7699999809265137,143600
2023-03-02,2.690000057220459,2.690000057220459,2.8299999237060547,2.6700000762939453,2.740000009536743,86500
2023-03-03,2.7300000190734863,2.7300000190734863,2.75,2.680000066757202,2.7300000190734863,97400
2023-03-06,2.7799999713897705,2.7799999713897705,2.859999895095825,2.7100000381469727,2.7300000190734863,120700
2023-03-07,2.75,2.75,2.8299999237060547,2.7200000286102295,2.759999990463257,42600
2023-03-08,2.819999933242798,2.819999933242798,2.8399999141693115,2.75,2.75,50800
2023-03-09,2.809999942779541,2.809999942779541,2.9100000858306885,2.809999942779541,2.8450000286102295,117200
2023-03-10,2.6600000858306885,2.6600000858306885,2.8299999237060547,2.6600000858306885,2.799999952316284,222900
2023-03-13,2.6700000762939453,2.6700000762939453,2.75,2.5899999141693115,2.609999895095825,169500
2023-03-14,2.6600000858306885,2.6600000858306885,2.75,2.6500000953674316,2.7200000286102295,109600
2023-03-15,2.440000057220459,2.440000057220459,2.5999999046325684,2.4000000953674316,2.5999999046325684,222200
2023-03-16,2.4800000190734863,2.4800000190734863,2.5,2.3949999809265137,2.4200000762939453,77400
2023-03-17,2.359999895095825,2.359999895095825,2.549999952316284,2.299999952316284,2.4700000286102295,341300
2023-03-20,2.4000000953674316,2.4000000953674316,2.444000005722046,2.3399999141693115,2.369999885559082,75000
2023-03-21,2.430000066757202,2.430000066757202,2.5,2.380000114440918,2.4200000762939453,50700
2023-03-22,2.369999885559082,2.369999885559082,2.493000030517578,2.369999885559082,2.450000047683716,49600
2023-03-23,2.4600000381469727,2.4600000381469727,2.4700000286102295,2.359999895095825,2.359999895095825,84300
2023-03-24,2.4100000858306885,2.4100000858306885,2.430000066757202,2.3610000610351562,2.4200000762939453,51000
2023-03-27,1.7200000286102295,1.7200000286102295,2.365000009536743,1.7100000381469727,2.359999895095825,808000
2023-03-28,1.8200000524520874,1.8200000524520874,1.8700000047683716,1.7000000476837158,1.7599999904632568,494200
2023-03-29,1.8300000429153442,1.8300000429153442,1.8300000429153442,1.7450000047683716,1.8200000524520874,226700
2023-03-30,1.9299999475479126,1.9299999475479126,1.9800000190734863,1.7910000085830688,1.8600000143051147,288600
2023-03-31,2.2100000381469727,2.2100000381469727,2.2300000190734863,1.9199999570846558,1.9199999570846558,358000
2023-04-03,2.2899999618530273,2.2899999618530273,2.309999942779541,2.140000104904175,2.140000104904175,190600
2023-04-04,2.2100000381469727,2.2100000381469727,2.319999933242798,2.200000047683716,2.319999933242798,80200
2023-04-05,2.109999895095825,2.109999895095825,2.2100000381469727,2.0280001163482666,2.2100000381469727,129400
2023-04-06,2.140000104904175,2.140000104904175,2.1700000762939453,2.049999952316284,2.109999895095825,69500
2023-04-10,2.2200000286102295,2.2200000286102295,2.234999895095825,2.109999895095825,2.119999885559082,62900
2023-04-11,2.2799999713897705,2.2799999713897705,2.309999942779541,2.180000066757202,2.2200000286102295,69000
2023-04-12,2.299999952316284,2.299999952316284,2.3499999046325684,2.25,2.25,105400
2023-04-13,2.2300000190734863,2.2300000190734863,2.315000057220459,2.2100000381469727,2.299999952316284,100200
2023-04-14,2.119999885559082,2.119999885559082,2.259999990463257,2.049999952316284,2.2300000190734863,74600
2023-04-17,2.190000057220459,2.190000057220459,2.240000009536743,2.069999933242798,2.0799999237060547,129100
2023-04-18,2.200000047683716,2.200000047683716,2.325000047683716,2.1700000762939453,2.180000066757202,256600
2023-04-19,2.190000057220459,2.190000057220459,2.309000015258789,2.1600000858306885,2.2300000190734863,142500
2023-04-20,2.119999885559082,2.119999885559082,2.299999952316284,2.119999885559082,2.180000066757202,129300
2023-04-21,2.140000104904175,2.140000104904175,2.1600000858306885,2.0899999141693115,2.140000104904175,58600
2023-04-24,2.1500000953674316,2.1500000953674316,2.1600000858306885,2.0399999618530273,2.119999885559082,166100
2023-04-25,2.009999990463257,2.009999990463257,2.1500000953674316,2.0,2.1500000953674316,85200
2023-04-26,2.059999942779541,2.059999942779541,2.069999933242798,2.009999990463257,2.009999990463257,64700
2023-04-27,1.9500000476837158,1.9500000476837158,2.0799999237060547,1.9199999570846558,2.0799999237060547,223000
2023-04-28,1.940000057220459,1.940000057220459,1.9800000190734863,1.8799999952316284,1.9700000286102295,107200
2023-05-01,1.8200000524520874,1.8200000524520874,2.0199999809265137,1.8200000524520874,1.909999966621399,188300
2023-05-02,1.850000023841858,1.850000023841858,1.8700000047683716,1.7999999523162842,1.8200000524520874,75100
2023-05-03,1.7899999618530273,1.7899999618530273,1.8600000143051147,1.7799999713897705,1.8300000429153442,385700
2023-05-04,1.8700000047683716,1.8700000047683716,1.909999966621399,1.75,1.8200000524520874,627200
2023-05-05,1.6649999618530273,1.6649999618530273,1.840000033378601,1.600000023841858,1.600000023841858,567800
2023-05-08,1.7699999809265137,1.7699999809265137,1.840000033378601,1.7400000095367432,1.7599999904632568,223000
2023-05-09,1.7999999523162842,1.7999999523162842,1.8300000429153442,1.6799999475479126,1.7699999809265137,184500
2023-05-10,1.850000023841858,1.850000023841858,1.9199999570846558,1.809999942779541,1.850000023841858,238400
2023-05-11,1.7100000381469727,1.7100000381469727,1.850000023841858,1.7100000381469727,1.850000023841858,137000
2023-05-12,1.690000057220459,1.690000057220459,1.7599999904632568,1.659999966621399,1.7200000286102295,88000
2023-05-15,1.6399999856948853,1.6399999856948853,1.7100000381469727,1.6399999856948853,1.6799999475479126,98300
2023-05-16,1.7300000190734863,1.7300000190734863,1.7599999904632568,1.649999976158142,1.649999976158142,244200
2023-05-17,1.7400000095367432,1.7400000095367432,1.809999942779541,1.7200000286102295,1.809999942779541,116200
2023-05-18,1.75,1.75,1.7580000162124634,1.7100000381469727,1.7400000095367432,104300
2023-05-19,1.7100000381469727,1.7100000381469727,1.753999948501587,1.7100000381469727,1.7300000190734863,42100
2023-05-22,1.7599999904632568,1.7599999904632568,1.7799999713897705,1.7000000476837158,1.7000000476837158,120000
2023-05-23,1.7200000286102295,1.7200000286102295,1.7790000438690186,1.7000000476837158,1.75,138200
2023-05-24,1.7599999904632568,1.7599999904632568,1.7799999713897705,1.715000033378601,1.7200000286102295,160400
2023-05-25,1.75,1.75,1.7799999713897705,1.7200000286102295,1.7699999809265137,166000
2023-05-26,1.899999976158142,1.899999976158142,1.909000039100647,1.7599999904632568,1.7799999713897705,274500
2023-05-30,2.299999952316284,2.299999952316284,2.3399999141693115,1.9700000286102295,2.0199999809265137,783300
2023-05-31,2.2200000286102295,2.2200000286102295,2.440000057220459,2.190999984741211,2.319999933242798,341300
2023-06-01,2.2100000381469727,2.2100000381469727,2.25,2.0799999237060547,2.190000057220459,239300
2023-06-02,2.2699999809265137,2.2699999809265137,2.2699999809265137,2.1600000858306885,2.2100000381469727,148200
2023-06-05,2.3299999237060547,2.3299999237060547,2.430000066757202,2.259999990463257,2.299999952316284,196900
2023-06-06,2.7200000286102295,2.7200000286102295,2.819999933242798,2.359999895095825,2.359999895095825,916000
2023-06-07,2.7200000286102295,2.7200000286102295,2.7799999713897705,2.6389999389648438,2.759999990463257,400300
2023-06-08,3.119999885559082,3.119999885559082,3.1700000762939453,2.7200000286102295,2.7200000286102295,1116100
2023-06-09,3.2100000381469727,3.2100000381469727,3.299999952316284,3.1600000858306885,3.25,836400
2023-06-12,3.2899999618530273,3.2899999618530273,3.359999895095825,3.1500000953674316,3.200000047683716,602100
2023-06-13,3.640000104904175,3.640000104904175,3.7100000381469727,3.2799999713897705,3.2799999713897705,1280800
2023-06-14,3.759999990463257,3.759999990463257,4.110000133514404,3.6500000953674316,3.700000047683716,2136200
2023-06-15,4.329999923706055,4.329999923706055,4.349999904632568,3.609999895095825,3.619999885559082,2347700
2023-06-16,4.849999904632568,4.849999904632568,4.989999771118164,4.550000190734863,4.699999809265137,3899100
2023-06-20,5.199999809265137,5.199999809265137,5.670000076293945,5.046999931335449,5.050000190734863,8224500
2023-06-21,4.164999961853027,4.164999961853027,5.150000095367432,4.050000190734863,4.949999809265137,6117700
2023-06-22,3.7699999809265137,3.7699999809265137,4.699999809265137,3.5910000801086426,4.695000171661377,6424000
2023-06-23,4.340000152587891,4.340000152587891,4.380000114440918,3.7300000190734863,3.7699999809265137,2514800
2023-06-26,4.650000095367432,4.650000095367432,4.78000020980835,3.9000000953674316,4.139999866485596,1823200
2023-06-27,4.849999904632568,4.849999904632568,4.989999771118164,4.599999904632568,4.71999979019165,1406300
2023-06-28,5.170000076293945,5.170000076293945,5.329999923706055,4.519999980926514,4.900000095367432,2038300
2023-06-29,5.429999828338623,5.429999828338623,5.820000171661377,5.079999923706055,5.130000114440918,2344500
2023-06-30,5.960000038146973,5.960000038146973,6.940000057220459,5.690000057220459,5.690000057220459,7148900
2023-07-03,6.070000171661377,6.070000171661377,6.630000114440918,5.710000038146973,6.255000114440918,2705600
2023-07-05,7.03000020980835,7.03000020980835,7.309999942779541,6.0,6.050000190734863,5343100
2023-07-06,6.510000228881836,6.510000228881836,7.190000057220459,6.349999904632568,6.889999866485596,3035900
2023-07-07,7.190000057220459,7.190000057220459,8.100000381469727,6.590000152587891,6.590000152587891,5758300
2023-07-10,8.34000015258789,8.34000015258789,8.369999885559082,7.309999942779541,7.400000095367432,4763200
2023-07-11,9.75,9.75,10.0,8.550000190734863,8.614999771118164,7547200
2023-07-12,9.539999961853027,9.539999961853027,10.378999710083008,8.880000114440918,10.319999694824219,6554000
2023-07-13,10.65999984741211,10.65999984741211,11.479999542236328,9.489999771118164,9.5,7110300
2023-07-14,9.140000343322754,9.140000343322754,11.343000411987305,8.8100004196167,10.899999618530273,5528200
2023-07-17,8.890000343322754,8.890000343322754,9.829999923706055,8.539999961853027,9.010000228881836,3893600
2023-07-18,7.670000076293945,7.670000076293945,9.119999885559082,7.559999942779541,8.789999961853027,5437100
2023-07-19,8.670000076293945,8.670000076293945,9.380000114440918,7.75,7.75,4994700
2023-07-20,8.119999885559082,8.119999885559082,8.479999542236328,7.900000095367432,8.34000015258789,2169000
2023-07-21,7.909999847412109,7.909999847412109,8.880000114440918,7.744999885559082,8.449999809265137,2452500
2023-07-24,8.520000457763672,8.520000457763672,8.680000305175781,7.769999980926514,7.875,2382700
2023-07-25,8.430000305175781,8.430000305175781,9.0,8.220000267028809,8.479999542236328,1809900
2023-07-26,7.949999809265137,7.949999809265137,8.779999732971191,7.889999866485596,8.520000457763672,1700600
2023-07-27,6.190000057220459,6.190000057220459,8.220000267028809,6.159999847412109,8.010000228881836,4212900
2023-07-28,6.710000038146973,6.710000038146973,6.949999809265137,6.25,6.349999904632568,2304800
2023-07-31,6.75,6.75,6.78000020980835,5.860000133514404,6.730000019073486,2401300
2023-08-01,7.03000020980835,7.03000020980835,7.099999904632568,6.480000019073486,6.760000228881836,1742000
2023-08-02,7.389999866485596,7.389999866485596,7.5,6.619999885559082,6.809999942779541,2222100
2023-08-03,6.590000152587891,6.590000152587891,8.119999885559082,6.5,7.630000114440918,4415400
2023-08-04,11.010000228881836,11.010000228881836,11.289999961853027,8.050000190734863,8.369999885559082,31770800
2023-08-07,12.380000114440918,12.380000114440918,13.170000076293945,10.928999900817871,11.069999694824219,16940800
2023-08-08,12.1899995803833,12.1899995803833,12.199999809265137,11.34000015258789,11.630000114440918,5693600
2023-08-09,12.15999984741211,12.15999984741211,12.380000114440918,11.430000305175781,12.260000228881836,2767700
2023-08-10,14.4399995803833,14.4399995803833,14.770000457763672,11.350000381469727,12.039999961853027,8934200
2023-08-11,12.390000343322754,12.390000343322754,14.039999961853027,12.100000381469727,14.0,4778000
2023-08-14,14.84000015258789,14.84000015258789,15.0,12.100000381469727,12.25,4503500
2023-08-15,14.789999961853027,14.789999961853027,15.899999618530273,14.109999656677246,14.895000457763672,6348500
2023-08-16,13.029999732971191,13.029999732971191,14.369999885559082,12.800000190734863,14.199999809265137,3755700
2023-08-17,12.930000305175781,12.930000305175781,13.838000297546387,12.3100004196167,13.180000305175781,2930200
2023-08-18,12.800000190734863,12.800000190734863,13.239999771118164,11.850000381469727,12.59000015258789,2924700
2023-08-21,15.4399995803833,15.4399995803833,15.59000015258789,13.359999656677246,13.489999771118164,7897900
2023-08-22,15.479999542236328,15.479999542236328,16.149999618530273,14.630000114440918,15.539999961853027,3933000
2023-08-23,15.329999923706055,15.329999923706055,15.729999542236328,14.350000381469727,15.140000343322754,2518700
2023-08-24,14.09000015258789,14.09000015258789,16.260000228881836,13.800000190734863,15.600000381469727,2771000
2023-08-25,12.989999771118164,12.989999771118164,14.09000015258789,12.789999961853027,13.800000190734863,2317700
2023-08-28,12.970000267028809,12.970000267028809,14.079999923706055,12.760000228881836,13.0,2677300
2023-08-29,14.100000381469727,14.100000381469727,14.670000076293945,12.8100004196167,13.0,3660000
2023-08-30,15.220000267028809,15.220000267028809,15.461000442504883,13.989999771118164,14.430000305175781,2827900
2023-08-31,13.770000457763672,13.770000457763672,15.779999732971191,13.4399995803833,15.229999542236328,3029500
2023-09-01,13.9399995803833,13.9399995803833,14.289999961853027,13.5,13.9399995803833,1410600
2023-09-05,12.949999809265137,12.949999809265137,13.779999732971191,12.8100004196167,13.779999732971191,1894400
2023-09-06,12.449999809265137,12.449999809265137,13.260000228881836,12.029999732971191,12.949999809265137,2108600
2023-09-07,12.319999694824219,12.319999694824219,12.65999984741211,11.850000381469727,12.25,1759600
2023-09-08,11.800000190734863,11.800000190734863,12.979999542236328,11.550000190734863,12.539999961853027,2273200
2023-09-11,11.649999618530273,11.649999618530273,12.079999923706055,11.430000305175781,12.079999923706055,1532900
2023-09-12,11.359999656677246,11.359999656677246,12.550000190734863,11.3100004196167,11.649999618530273,1814500
2023-09-13,9.119999885559082,9.119999885559082,10.699999809265137,8.817999839782715,9.75,6637400
2023-09-14,9.755000114440918,9.755000114440918,10.119999885559082,9.15999984741211,9.15999984741211,3323000
2023-09-15,9.84000015258789,9.84000015258789,10.039999961853027,9.45199966430664,9.800000190734863,2205600
2023-09-18,9.880000114440918,9.880000114440918,10.239999771118164,9.630000114440918,9.670000076293945,3166200
2023-09-19,9.640000343322754,9.640000343322754,10.130000114440918,9.359999656677246,9.899999618530273,2451800
2023-09-20,9.84000015258789,9.84000015258789,10.229999542236328,9.600000381469727,9.65999984741211,1847800
2023-09-21,9.3100004196167,9.3100004196167,9.654000282287598,9.0,9.510000228881836,2280100
2023-09-22,9.579999923706055,9.579999923706055,9.6899995803833,9.289999961853027,9.470000267028809,1536700
2023-09-25,9.390000343322754,9.390000343322754,9.6899995803833,9.239999771118164,9.369999885559082,994200
2023-09-26,9.75,9.75,9.829999923706055,9.350000381469727,9.399999618530273,1150800
2023-09-27,10.279999732971191,10.279999732971191,10.399999618530273,9.869999885559082,9.880000114440918,1951300
2023-09-28,11.020000457763672,11.020000457763672,11.289999961853027,10.15999984741211,10.300000190734863,2229400
2023-09-29,10.970000267028809,10.970000267028809,11.380000114440918,10.710000038146973,11.279999732971191,1899200
2023-10-02,11.270000457763672,11.270000457763672,11.680000305175781,10.880000114440918,11.0,2937000
2023-10-03,10.319999694824219,10.319999694824219,11.319999694824219,9.949999809265137,11.0600004196167,2155900
2023-10-04,8.90999984741211,8.90999984741211,10.550000190734863,8.789999961853027,10.34000015258789,3012400
2023-10-05,9.119999885559082,9.119999885559082,9.210000038146973,8.510000228881836,8.960000038146973,1841700
2023-10-06,9.079999923706055,9.079999923706055,9.420000076293945,8.770000457763672,8.770000457763672,1073400
2023-10-09,7.585000038146973,7.585000038146973,8.881999969482422,7.357999801635742,8.739999771118164,3246600
2023-10-10,7.460000038146973,7.460000038146973,7.989999771118164,7.425000190734863,7.710000038146973,2257600
2023-10-11,7.789999961853027,7.789999961853027,7.96999979019165,7.5,7.5,1413900
2023-10-12,7.949999809265137,7.949999809265137,8.670000076293945,7.800000190734863,7.840000152587891,1913600
2023-10-13,7.550000190734863,7.550000190734863,7.880000114440918,7.179999828338623,7.849999904632568,1938700
2023-10-16,7.650000095367432,7.650000095367432,7.949999809265137,7.550000190734863,7.599999904632568,989200
2023-10-17,7.590000152587891,7.590000152587891,7.928999900817871,7.460000038146973,7.480000019073486,1181100
2023-10-18,7.550000190734863,7.550000190734863,7.960000038146973,7.360000133514404,7.510000228881836,1270200
2023-10-19,7.449999809265137,7.449999809265137,7.71999979019165,7.2870001792907715,7.579999923706055,1391500
2023-10-20,6.909999847412109,6.909999847412109,7.400000095367432,6.800000190734863,7.400000095367432,1723500
2023-10-23,7.170000076293945,7.170000076293945,7.295000076293945,6.659999847412109,6.699999809265137,1207200
2023-10-24,7.440000057220459,7.440000057220459,7.630000114440918,7.190000057220459,7.190000057220459,1011200
2023-10-25,7.119999885559082,7.119999885559082,7.510000228881836,7.050000190734863,7.5,728200
2023-10-26,6.869999885559082,6.869999885559082,7.239999771118164,6.809999942779541,7.050000190734863,821400
2023-10-27,7.039999961853027,7.039999961853027,7.320000171661377,6.889999866485596,7.099999904632568,897400
2023-10-30,7.079999923706055,7.079999923706055,7.309999942779541,6.875,7.139999866485596,754000
2023-10-31,7.429999828338623,7.429999828338623,7.454999923706055,6.980000019073486,7.130000114440918,724600
2023-11-01,7.71999979019165,7.71999979019165,7.75,7.125999927520752,7.409999847412109,967400
2023-11-02,8.569999694824219,8.569999694824219,8.619999885559082,7.900000095367432,8.0,1802300
2023-11-03,9.470000267028809,9.470000267028809,9.640000343322754,8.489999771118164,8.699999809265137,2522900
2023-11-06,9.6899995803833,9.6899995803833,10.079999923706055,9.319999694824219,9.479999542236328,1889800
2023-11-07,9.890000343322754,9.890000343322754,10.260000228881836,9.329999923706055,9.699999809265137,1634300
2023-11-08,9.850000381469727,9.850000381469727,10.069999694824219,9.59000015258789,9.960000038146973,868700
2023-11-09,9.760000228881836,9.760000228881836,10.170000076293945,9.645000457763672,10.069999694824219,2102000
2023-11-10,9.364999771118164,9.364999771118164,9.880000114440918,8.359999656677246,9.289999961853027,3479600
2023-11-13,11.0,11.0,11.0600004196167,8.960000038146973,8.960000038146973,2839900
2023-11-14,12.279999732971191,12.279999732971191,12.550000190734863,10.880000114440918,11.229999542236328,5085000
2023-11-15,12.710000038146973,12.710000038146973,13.270000457763672,12.116999626159668,12.220000267028809,3727100
2023-11-16,12.829999923706055,12.829999923706055,12.989999771118164,12.350000381469727,12.359999656677246,1737600
2023-11-17,12.75,12.75,13.149999618530273,12.710000038146973,12.970000267028809,2085600
2023-11-20,14.460000038146973,14.460000038146973,14.630000114440918,12.850000381469727,12.90999984741211,4643700
2023-11-21,13.329999923706055,13.329999923706055,14.324999809265137,13.149999618530273,14.149999618530273,1900100
2023-11-22,13.210000038146973,13.210000038146973,13.960000038146973,13.010000228881836,13.619999885559082,1484000
2023-11-24,13.039999961853027,13.039999961853027,13.630000114440918,12.920000076293945,13.25,906500
2023-11-27,14.399999618530273,14.399999618530273,14.579000473022461,12.850000381469727,12.869999885559082,3073300
2023-11-28,14.609999656677246,14.609999656677246,15.199999809265137,13.880000114440918,14.609999656677246,2960500
2023-11-29,14.899999618530273,14.899999618530273,16.200000762939453,14.779999732971191,14.8100004196167,3232200
2023-11-30,13.25,13.25,14.600000381469727,12.65999984741211,14.300000190734863,9549300
2023-12-01,16.450000762939453,16.450000762939453,16.479999542236328,12.979999542236328,13.1899995803833,5624700
2023-12-04,16.68000030517578,16.68000030517578,17.020000457763672,15.989999771118164,16.1200008392334,3204900
2023-12-05,16.1299991607666,16.1299991607666,16.725000381469727,15.800000190734863,16.43000030517578,1636300
2023-12-06,17.219999313354492,17.219999313354492,18.65999984741211,16.40999984741211,16.520000457763672,5106000
2023-12-07,17.65999984741211,17.65999984741211,18.329999923706055,16.799999237060547,17.15999984741211,2460400
2023-12-08,19.760000228881836,19.760000228881836,19.84000015258789,17.829999923706055,17.829999923706055,4883800
2023-12-11,18.559999465942383,18.559999465942383,19.799999237060547,18.010000228881836,19.799999237060547,2813400
2023-12-12,18.579999923706055,18.579999923706055,19.43000030517578,18.0,18.510000228881836,2362100
2023-12-13,21.6200008392334,21.6200008392334,21.649999618530273,18.645000457763672,18.770000457763672,5601100
2023-12-14,23.190000534057617,23.190000534057617,23.68000030517578,21.600000381469727,22.0,3953800
2023-12-15,21.725000381469727,21.725000381469727,23.950000762939453,20.81999969482422,23.709999084472656,4571000
2023-12-18,22.5,22.5,23.25,21.479999542236328,22.15999984741211,2612500
2023-12-19,23.010000228881836,23.010000228881836,24.079999923706055,22.1200008392334,22.920000076293945,2993400
2023-12-20,20.6200008392334,20.6200008392334,22.767000198364258,20.600000381469727,22.700000762939453,2869400
2023-12-21,20.739999771118164,20.739999771118164,21.860000610351562,19.510000228881836,21.190000534057617,3627200
2023-12-22,20.899999618530273,20.899999618530273,21.6200008392334,19.8700008392334,20.81999969482422,2219100
2023-12-26,22.81999969482422,22.81999969482422,23.65999984741211,21.18000030517578,21.200000762939453,3015500
2023-12-27,22.520000457763672,22.520000457763672,22.950000762939453,21.850000381469727,22.8799991607666,1974100
2023-12-28,21.899999618530273,21.899999618530273,22.75,21.510000228881836,22.479999542236328,1662100
2023-12-29,19.31999969482422,19.31999969482422,22.15999984741211,17.72100067138672,21.760000228881836,7625300
2024-01-02,18.690000534057617,18.690000534057617,19.0,17.510000228881836,18.81999969482422,2874900
2024-01-03,17.459999084472656,17.459999084472656,18.68000030517578,17.440000534057617,18.0,1941300
2024-01-04,18.530000686645508,18.530000686645508,18.559999465942383,17.3799991607666,17.5,2066300
2024-01-05,20.149999618530273,20.149999618530273,20.290000915527344,17.920000076293945,18.40999984741211,3031300
2024-01-08,20.18000030517578,20.18000030517578,21.280000686645508,19.479999542236328,20.100000381469727,2624300
2024-01-09,21.770000457763672,21.770000457763672,22.010000228881836,19.510000228881836,19.8799991607666,2682600
2024-01-10,21.600000381469727,21.600000381469727,22.850000381469727,21.34000015258789,22.1200008392334,2227500
2024-01-11,18.34000015258789,18.34000015258789,21.829999923706055,16.701000213623047,21.65999984741211,8288200
2024-01-12,17.40999984741211,17.40999984741211,18.56800079345703,17.260000228881836,18.030000686645508,1902400
2024-01-16,17.290000915527344,17.290000915527344,17.979999542236328,16.579999923706055,17.059999465942383,2419200
2024-01-17,16.860000610351562,16.860000610351562,17.5,16.299999237060547,16.6299991607666,1902700
2024-01-18,16.6200008392334,16.6200008392334,18.15999984741211,16.420000076293945,17.43000030517578,2807300
2024-01-19,15.8100004196167,15.8100004196167,16.79800033569336,15.020000457763672,16.610000610351562,3512900
2024-01-22,17.100000381469727,17.100000381469727,17.190000534057617,15.890000343322754,16.100000381469727,2396400
2024-01-23,18.1299991607666,18.1299991607666,18.6299991607666,17.18000030517578,17.18000030517578,2990600
2024-01-24,16.59000015258789,16.59000015258789,18.799999237060547,16.549999237060547,18.5,1948700
2024-01-25,16.34000015258789,16.34000015258789,17.1299991607666,16.149999618530273,16.889999389648438,1694100
2024-01-26,14.989999771118164,14.989999771118164,16.350000381469727,14.880000114440918,16.219999313354492,2258300
2024-01-29,15.96500015258789,15.96500015258789,16.030000686645508,14.800000190734863,15.029999732971191,2724600
2024-01-30,16.690000534057617,16.690000534057617,18.040000915527344,16.6299991607666,17.149999618530273,4371600
2024-01-31,15.729999542236328,15.729999542236328,16.822999954223633,15.680000305175781,16.420000076293945,2262600
2024-02-01,16.520000457763672,16.520000457763672,16.829999923706055,15.800000190734863,15.9399995803833,1939700
2024-02-02,18.829999923706055,18.829999923706055,18.989999771118164,16.31999969482422,16.489999771118164,4200800
2024-02-05,19.739999771118164,19.739999771118164,19.785999298095703,17.549999237060547,18.93000030517578,4514200
2024-02-06,19.360000610351562,19.360000610351562,20.639999389648438,18.860000610351562,20.15999984741211,3801400
2024-02-07,19.1299991607666,19.1299991607666,19.920000076293945,18.760000228881836,19.190000534057617,2039900
2024-02-08,18.889999389648438,18.889999389648438,20.059999465942383,18.700000762939453,18.940000534057617,3370500
2024-02-09,20.030000686645508,20.030000686645508,20.149999618530273,17.719999313354492,19.020000457763672,3470300
2024-02-12,21.010000228881836,21.010000228881836,22.350000381469727,20.1299991607666,20.559999465942383,3766800
2024-02-13,18.770000457763672,18.770000457763672,19.8799991607666,18.350000381469727,19.850000381469727,4354400
2024-02-14,20.8799991607666,20.8799991607666,21.15999984741211,19.90999984741211,20.299999237060547,3156600
2024-02-15,22.40999984741211,22.40999984741211,22.860000610351562,20.399999618530273,21.149999618530273,3720200
2024-02-16,21.34000015258789,21.34000015258789,24.75,21.25,22.899999618530273,5203300
2024-02-20,19.829999923706055,19.829999923706055,21.34000015258789,18.8700008392334,20.719999313354492,2849300
2024-02-21,19.190000534057617,19.190000534057617,19.600000381469727,18.479999542236328,19.0,2515700
2024-02-22,20.350000381469727,20.350000381469727,20.871999740600586,19.25,19.969999313354492,7040800
2024-02-23,14.149999618530273,14.149999618530273,14.680000305175781,12.140000343322754,13.739999771118164,19663300
2024-02-26,14.729999542236328,14.729999542236328,15.505000114440918,14.039999961853027,14.039999961853027,6341200
2024-02-27,15.420000076293945,15.420000076293945,15.979999542236328,14.649999618530273,15.149999618530273,3206600
2024-02-28,14.079999923706055,14.079999923706055,15.600000381469727,14.029999732971191,15.399999618530273,2906600
2024-02-29,15.979999542236328,15.979999542236328,16.5,15.050000190734863,15.050000190734863,5229600
2024-03-01,15.40999984741211,15.40999984741211,16.290000915527344,14.890000343322754,16.290000915527344,3475600
2024-03-04,14.960000038146973,14.960000038146973,15.9399995803833,14.770000457763672,15.5,2622200
2024-03-05,14.739999771118164,14.739999771118164,15.210000038146973,14.529999732971191,14.739999771118164,2330600
2024-03-06,14.899999618530273,14.899999618530273,15.848999977111816,14.229999542236328,14.979999542236328,3216300
2024-03-07,14.84000015258789,14.84000015258789,15.220000267028809,14.4399995803833,15.010000228881836,1989300
2024-03-08,14.760000228881836,14.760000228881836,16.239999771118164,14.640000343322754,15.069999694824219,2787200
2024-03-11,14.3100004196167,14.3100004196167,15.001999855041504,13.951000213623047,14.880000114440918,1890900
2024-03-12,14.260000228881836,14.260000228881836,14.649999618530273,14.170000076293945,14.40999984741211,1275900
2024-03-13,13.979999542236328,13.979999542236328,14.524999618530273,13.529999732971191,14.0,1795000
2024-03-14,12.920000076293945,12.920000076293945,13.65999984741211,12.800000190734863,13.550000190734863,2240800
2024-03-15,12.699999809265137,12.699999809265137,13.229999542236328,12.675000190734863,12.880000114440918,1533000
2024-03-18,12.979999542236328,12.979999542236328,13.204999923706055,12.380000114440918,12.720000267028809,1940000
2024-03-19,13.600000381469727,13.600000381469727,13.75,13.0,13.350000381469727,2263900
2024-03-20,14.470000267028809,14.470000267028809,14.630000114440918,13.529999732971191,13.850000381469727,1758300
2024-03-21,14.920000076293945,14.920000076293945,15.220000267028809,14.510000228881836,14.550000190734863,2139500
2024-03-22,14.680000305175781,14.680000305175781,15.069999694824219,14.510000228881836,14.699999809265137,997700
2024-03-25,14.5,14.5,15.210000038146973,14.5,14.739999771118164,1166600
2024-03-26,14.4399995803833,14.4399995803833,14.9399995803833,14.430000305175781,14.680000305175781,1150800
2024-03-27,13.960000038146973,13.960000038146973,14.5,13.890000343322754,14.4399995803833,1376800
2024-03-28,13.859999656677246,13.859999656677246,14.444000244140625,13.600000381469727,13.880000114440918,2449400
2024-04-01,13.920000076293945,13.920000076293945,14.687999725341797,13.729999542236328,13.970000267028809,1331600
2024-04-02,13.390000343322754,13.390000343322754,13.670000076293945,13.239999771118164,13.520000457763672,1478600
2024-04-03,13.75,13.75,13.859999656677246,13.319999694824219,13.34000015258789,1203700
2024-04-04,13.0,13.0,14.09000015258789,12.960000038146973,14.09000015258789,1416600
2024-04-05,12.520000457763672,12.520000457763672,13.039999961853027,12.520000457763672,12.8100004196167,1699100
2024-04-08,12.369999885559082,12.369999885559082,12.819999694824219,12.170000076293945,12.699999809265137,1827300
2024-04-09,12.100000381469727,12.100000381469727,12.520000457763672,12.010000228881836,12.510000228881836,1958300
2024-04-10,11.75,11.75,12.204999923706055,11.720000267028809,11.890000343322754,1128700
2024-04-11,11.90999984741211,11.90999984741211,11.970000267028809,11.609999656677246,11.779999732971191,1002300
2024-04-12,11.229999542236328,11.229999542236328,11.819999694824219,11.210000038146973,11.680000305175781,1091500
2024-04-15,11.15999984741211,11.15999984741211,11.380000114440918,10.850000381469727,11.279999732971191,1301600
2024-04-16,11.989999771118164,11.989999771118164,12.289999961853027,10.880000114440918,10.920000076293945,1892000
2024-04-17,11.979999542236328,11.979999542236328,13.199999809265137,11.805000305175781,12.039999961853027,2541200
2024-04-18,11.65999984741211,11.65999984741211,12.600000381469727,11.600000381469727,11.930000305175781,2350300
2024-04-19,12.119999885559082,12.119999885559082,12.4399995803833,11.579999923706055,11.579999923706055,2104900
2024-04-22,11.130000114440918,11.130000114440918,12.15999984741211,10.720000267028809,12.109999656677246,2482800
2024-04-23,11.260000228881836,11.260000228881836,11.6899995803833,11.015000343322754,11.149999618530273,1095900
2024-04-24,10.850000381469727,10.850000381469727,11.449999809265137,10.829999923706055,11.380000114440918,1347500
2024-04-25,10.65999984741211,10.65999984741211,10.760000228881836,10.444999694824219,10.510000228881836,1316100
2024-04-26,10.850000381469727,10.850000381469727,11.479999542236328,10.800000190734863,10.979999542236328,1510800
2024-04-29,10.220000267028809,10.220000267028809,11.020000457763672,10.199999809265137,11.020000457763672,2033800
2024-04-30,9.850000381469727,9.850000381469727,10.300000190734863,9.789999961853027,10.170000076293945,2608800
2024-05-01,9.899999618530273,9.899999618530273,10.364999771118164,9.640000343322754,9.75,1604900
2024-05-02,10.350000381469727,10.350000381469727,10.550000190734863,9.850000381469727,10.25,892400
2024-05-03,11.069999694824219,11.069999694824219,11.449999809265137,10.539999961853027,10.600000381469727,1829600
2024-05-06,11.949999809265137,11.949999809265137,12.399999618530273,11.260000228881836,11.279999732971191,2963900
2024-05-07,11.65999984741211,11.65999984741211,12.4399995803833,11.350000381469727,11.949999809265137,2720000
2024-05-08,10.829999923706055,10.829999923706055,11.449999809265137,10.59000015258789,11.220000267028809,1991900
2024-05-09,10.539999961853027,10.539999961853027,11.069999694824219,10.420000076293945,10.789999961853027,3191700
2024-05-10,10.220000267028809,10.220000267028809,11.859999656677246,9.8100004196167,10.199999809265137,6361200
2024-05-13,10.0,10.0,10.949999809265137,9.800000190734863,10.300000190734863,2263800
2024-05-14,11.15999984741211,11.15999984741211,11.1899995803833,10.210000038146973,10.239999771118164,2368800
2024-05-15,11.010000228881836,11.010000228881836,11.479999542236328,10.739999771118164,11.399999618530273,1983700
2024-05-16,11.229999542236328,11.229999542236328,11.895000457763672,11.010000228881836,11.300000190734863,2272200
2024-05-17,11.725000381469727,11.725000381469727,11.789999961853027,11.079999923706055,11.199999809265137,1799300
2024-05-20,12.399999618530273,12.399999618530273,12.463000297546387,11.630000114440918,11.699999809265137,1946200
2024-05-21,12.0,12.0,12.300000190734863,11.829999923706055,12.289999961853027,1485500
2024-05-22,11.979999542236328,11.979999542236328,12.289999961853027,11.869999885559082,12.0600004196167,1051800
2024-05-23,11.899999618530273,11.899999618530273,12.399999618530273,11.649999618530273,12.039999961853027,1937400
2024-05-24,12.539999961853027,12.539999961853027,13.039999961853027,11.789999961853027,12.0,2027500
2024-05-28,12.380000114440918,12.380000114440918,12.800000190734863,12.100000381469727,12.75,1505800
2024-05-29,11.979999542236328,11.979999542236328,12.289999961853027,11.899999618530273,12.039999961853027,1053300
2024-05-30,11.59000015258789,11.59000015258789,12.170000076293945,11.550000190734863,11.979999542236328,1220700
2024-05-31,10.489999771118164,10.489999771118164,11.819999694824219,10.350000381469727,11.6899995803833,2245300
2024-06-03,10.729999542236328,10.729999542236328,11.109999656677246,10.479999542236328,10.739999771118164,1304100
2024-06-04,10.050000190734863,10.050000190734863,10.649999618530273,9.869999885559082,10.600000381469727,2232700
2024-06-05,10.579999923706055,10.579999923706055,10.619999885559082,9.989999771118164,10.100000381469727,1505400
2024-06-06,10.380000114440918,10.380000114440918,10.680000305175781,10.229999542236328,10.5,1111800
2024-06-07,10.550000190734863,10.550000190734863,10.880000114440918,10.289999961853027,10.3100004196167,1157000
2024-06-10,10.170000076293945,10.170000076293945,10.529999732971191,9.979999542236328,10.359999656677246,1176300
2024-06-11,10.170000076293945,10.170000076293945,10.319999694824219,9.859999656677246,10.229999542236328,1957300
2024-06-12,10.4399995803833,10.4399995803833,10.75,10.300000190734863,10.649999618530273,1381700
2024-06-13,10.09000015258789,10.09000015258789,10.739999771118164,9.96500015258789,10.4399995803833,1172400
2024-06-14,10.079999923706055,10.079999923706055,10.229999542236328,9.819999694824219,10.050000190734863,1182800
2024-06-17,10.170000076293945,10.170000076293945,10.305000305175781,9.819999694824219,10.010000228881836,1385700
2024-06-18,10.039999961853027,10.039999961853027,10.390000343322754,9.920000076293945,10.210000038146973,927600
2024-06-20,8.869999885559082,8.869999885559082,10.09000015258789,8.800000190734863,10.0,1992200
2024-06-21,9.100000381469727,9.100000381469727,9.25,8.729999542236328,9.0,2064300
2024-06-24,8.670000076293945,8.670000076293945,9.140000343322754,8.649999618530273,9.039999961853027,1550800
2024-06-25,8.59000015258789,8.59000015258789,8.800000190734863,8.479999542236328,8.680000305175781,1167700
2024-06-26,8.510000228881836,8.510000228881836,8.699999809265137,8.295000076293945,8.569999694824219,1386500
2024-06-27,8.520000457763672,8.520000457763672,9.050000190734863,8.399999618530273,8.5,1765100
2024-06-28,8.289999961853027,8.289999961853027,8.899999618530273,8.25,8.600000381469727,7215000
2024-07-01,8.079999923706055,8.079999923706055,8.65999984741211,7.849999904632568,8.390000343322754,1778500
2024-07-02,7.900000095367432,7.900000095367432,8.1899995803833,7.550000190734863,8.079999923706055,2393500
2024-07-03,8.170000076293945,8.170000076293945,8.239999771118164,7.78000020980835,8.0,763300
2024-07-05,7.670000076293945,7.670000076293945,8.149999618530273,7.630000114440918,8.130000114440918,1580500
2024-07-08,8.539999961853027,8.539999961853027,8.770000457763672,7.739999771118164,7.769999980926514,2454000
2024-07-09,8.489999771118164,8.489999771118164,8.970000267028809,8.175000190734863,8.5,2004500
2024-07-10,9.010000228881836,9.010000228881836,9.09000015258789,8.300000190734863,8.619999885559082,1654200
2024-07-11,9.229999542236328,9.229999542236328,9.4399995803833,9.029999732971191,9.350000381469727,1554000
2024-07-12,9.380000114440918,9.380000114440918,9.539999961853027,9.079999923706055,9.279999732971191,1191000
2024-07-15,10.199999809265137,10.199999809265137,10.289999961853027,9.449999809265137,9.569999694824219,2831900
2024-07-16,11.890000343322754,11.890000343322754,12.109999656677246,10.350000381469727,10.369999885559082,4291000
2024-07-17,10.954999923706055,10.954999923706055,11.949999809265137,10.579999923706055,11.289999961853027,2681200
2024-07-18,10.399999618530273,10.399999618530273,11.550000190734863,10.239999771118164,11.069999694824219,2820600
2024-07-19,9.675000190734863,9.675000190734863,10.470000267028809,9.59000015258789,10.40999984741211,2011700
2024-07-22,9.649999618530273,9.649999618530273,9.899999618530273,9.119999885559082,9.84000015258789,2109100
2024-07-23,9.850000381469727,9.850000381469727,10.260000228881836,9.579999923706055,9.619999885559082,1299400
2024-07-24,8.960000038146973,8.960000038146973,9.829999923706055,8.9399995803833,9.649999618530273,1988700
2024-07-25,8.609999656677246,8.609999656677246,9.039999961853027,8.470000267028809,8.899999618530273,2101500
2024-07-26,8.670000076293945,8.670000076293945,9.239999771118164,8.625,9.020000457763672,1351200
2024-07-29,8.220000267028809,8.220000267028809,8.930000305175781,8.140000343322754,8.680000305175781,1317600
2024-07-30,8.119999885559082,8.119999885559082,8.529999732971191,7.985000133514404,8.369999885559082,2311600
2024-07-31,9.550000190734863,9.550000190734863,9.729999542236328,8.15999984741211,8.199999809265137,3619800
2024-08-01,8.399999618530273,8.399999618530273,9.979999542236328,8.305000305175781,9.609999656677246,3055800
2024-08-02,7.650000095367432,7.650000095367432,7.980000019073486,7.5,7.940000057220459,3095200
2024-08-05,6.96999979019165,6.96999979019165,7.320000171661377,6.699999809265137,6.889999866485596,1953700
2024-08-06,7.289999961853027,7.289999961853027,7.739999771118164,6.800000190734863,7.170000076293945,3421600
2024-08-07,6.869999885559082,6.869999885559082,8.6899995803833,6.860000133514404,8.300000190734863,4188400
2024-08-08,8.569999694824219,8.569999694824219,8.569999694824219,7.039999961853027,7.050000190734863,2652600
2024-08-09,7.739999771118164,7.739999771118164,8.640000343322754,7.599999904632568,8.600000381469727,2343500
2024-08-12,7.849999904632568,7.849999904632568,8.15999984741211,7.670000076293945,7.78000020980835,1350600
2024-08-13,8.020000457763672,8.020000457763672,8.149999618530273,7.885000228881836,8.050000190734863,1334200
2024-08-14,8.140000343322754,8.140000343322754,8.1899995803833,7.71999979019165,8.109999656677246,1546300
2024-08-15,8.529999732971191,8.529999732971191,8.59000015258789,8.199999809265137,8.300000190734863,1404500
2024-08-16,8.279999732971191,8.279999732971191,8.649999618530273,8.220000267028809,8.460000038146973,1214100
2024-08-19,8.600000381469727,8.600000381469727,8.75,8.220000267028809,8.350000381469727,1563200
2024-08-20,8.779999732971191,8.779999732971191,8.859999656677246,8.539999961853027,8.59000015258789,1539100
2024-08-21,8.920000076293945,8.920000076293945,8.944999694824219,8.430000305175781,8.850000381469727,1502900
2024-08-22,9.029999732971191,9.029999732971191,9.520000457763672,8.800000190734863,8.930000305175781,3012600
2024-08-23,9.710000038146973,9.710000038146973,9.720000267028809,8.869999885559082,9.1899995803833,2349100
2024-08-26,9.619999885559082,9.619999885559082,9.8100004196167,9.430000305175781,9.779999732971191,1400600
2024-08-27,9.180000305175781,9.180000305175781,9.6850004196167,9.140000343322754,9.539999961853027,1109000
2024-08-28,9.119999885559082,9.119999885559082,9.270000457763672,8.550000190734863,9.199999809265137,1686700
2024-08-29,10.300000190734863,10.300000190734863,10.585000038146973,9.130000114440918,9.199999809265137,3669800
2024-08-30,11.350000381469727,11.350000381469727,11.359999656677246,10.385000228881836,10.399999618530273,4196300
2024-09-03,12.260000228881836,12.260000228881836,12.75,11.890000343322754,12.0,6185000
2024-09-04,13.0,13.0,13.649999618530273,11.899999618530273,12.0,4302100
2024-09-05,12.239999771118164,12.239999771118164,13.597999572753906,12.140000343322754,13.020000457763672,2977300
2024-09-06,11.8100004196167,11.8100004196167,12.239999771118164,11.479999542236328,12.170000076293945,1807900
2024-09-09,13.020000457763672,13.020000457763672,13.130000114440918,11.8100004196167,11.84000015258789,2827900
2024-09-10,12.515000343322754,12.515000343322754,13.25,12.149999618530273,13.100000381469727,1764000
2024-09-11,13.029999732971191,13.029999732971191,13.350000381469727,12.09000015258789,12.520000457763672,2511800
2024-09-12,14.520000457763672,14.520000457763672,14.989999771118164,13.40999984741211,13.470000267028809,4594200
2024-09-13,14.609999656677246,14.609999656677246,14.967000007629395,14.149999618530273,14.539999961853027,1832300
2024-09-16,13.1899995803833,13.1899995803833,14.710000038146973,13.15999984741211,14.670000076293945,2942100
2024-09-17,13.579999923706055,13.579999923706055,13.670000076293945,13.178999900817871,13.510000228881836,1342400
2024-09-18,13.279999732971191,13.279999732971191,13.890000343322754,12.800000190734863,13.619999885559082,1352000
2024-09-19,14.199999809265137,14.199999809265137,14.390000343322754,13.640000343322754,14.09000015258789,1799900
2024-09-20,13.829999923706055,13.829999923706055,14.149999618530273,13.550000190734863,14.09000015258789,1552500
2024-09-23,14.0600004196167,14.0600004196167,14.718000411987305,13.8100004196167,14.020000457763672,1768600
2024-09-24,15.979999542236328,15.979999542236328,16.989999771118164,14.300000190734863,14.359999656677246,5535600
2024-09-25,15.380000114440918,15.380000114440918,16.100000381469727,15.149999618530273,16.0,2120300
2024-09-26,14.8100004196167,14.8100004196167,16.610000610351562,14.760000228881836,15.949999809265137,2467800
2024-09-27,13.734999656677246,13.734999656677246,15.270000457763672,13.550000190734863,14.829999923706055,2721200
2024-09-30,14.3100004196167,14.3100004196167,14.699999809265137,13.470000267028809,13.630000114440918,3393400
2024-10-01,13.319999694824219,13.319999694824219,14.300000190734863,13.149999618530273,14.029999732971191,1922400
2024-10-02,13.75,13.75,13.779999732971191,12.420000076293945,13.25,2092100
2024-10-03,14.194999694824219,14.194999694824219,14.4399995803833,13.380000114440918,13.649999618530273,1328600
2024-10-04,15.359999656677246,15.359999656677246,15.729999542236328,14.300000190734863,14.550000190734863,2484400
2024-10-07,14.9399995803833,14.9399995803833,15.579999923706055,14.510000228881836,15.279999732971191,1877600
2024-10-08,16.450000762939453,16.450000762939453,17.18000030517578,15.0600004196167,15.0600004196167,4281300
2024-10-09,16.170000076293945,16.170000076293945,16.600000381469727,15.670000076293945,16.309999465942383,2082400
2024-10-10,16.65999984741211,16.65999984741211,16.729999542236328,15.539999961853027,16.040000915527344,1452200
2024-10-11,17.860000610351562,17.860000610351562,17.93000030517578,16.59000015258789,16.65999984741211,2331800
2024-10-14,18.420000076293945,18.420000076293945,19.458999633789062,18.100000381469727,18.5,3954000
2024-10-15,17.399999618530273,17.399999618530273,18.790000915527344,16.924999237060547,18.549999237060547,3278000
2024-10-16,18.969999313354492,18.969999313354492,19.440000534057617,17.34000015258789,17.959999084472656,3669800
2024-10-17,19.0,19.0,19.540000915527344,18.520000457763672,19.440000534057617,2489900
2024-10-18,18.56999969482422,18.56999969482422,20.34000015258789,18.34000015258789,19.200000762939453,2812900
2024-10-21,18.510000228881836,18.510000228881836,18.75,17.799999237060547,18.56999969482422,1878600
2024-10-22,17.6299991607666,17.6299991607666,18.3700008392334,17.402999877929688,18.100000381469727,1896200
2024-10-23,17.010000228881836,17.010000228881836,18.450000762939453,16.93000030517578,17.469999313354492,2126700
2024-10-24,17.450000762939453,17.450000762939453,17.68000030517578,16.9950008392334,17.260000228881836,1642700
2024-10-25,17.440000534057617,17.440000534057617,18.549999237060547,17.3799991607666,17.920000076293945,1661200
2024-10-28,16.600000381469727,16.600000381469727,17.799999237060547,16.59000015258789,17.6299991607666,2582200
2024-10-29,15.670000076293945,15.670000076293945,16.670000076293945,15.1899995803833,16.350000381469727,4009100
2024-10-30,16.350000381469727,16.350000381469727,16.489999771118164,15.0,15.289999961853027,2297100
2024-10-31,15.619999885559082,15.619999885559082,16.219999313354492,15.5,16.010000228881836,1742000
2024-11-01,16.84000015258789,16.84000015258789,17.059999465942383,15.90999984741211,15.960000038146973,2367400
2024-11-04,16.399999618530273,16.399999618530273,17.43000030517578,16.329999923706055,16.84000015258789,1912100
2024-11-05,16.540000915527344,16.540000915527344,17.350000381469727,16.450000762939453,16.799999237060547,2078200
2024-11-06,16.209999084472656,16.209999084472656,18.0,15.90999984741211,17.530000686645508,4279900
2024-11-07,17.899999618530273,17.899999618530273,18.34000015258789,16.299999237060547,16.829999923706055,7538000
2024-11-08,27.760000228881836,27.760000228881836,27.80500030517578,18.6299991607666,19.5,19430500
2024-11-11,28.290000915527344,28.290000915527344,28.700000762939453,25.760000228881836,27.850000381469727,7278600
2024-11-12,28.540000915527344,28.540000915527344,28.940000534057617,27.200000762939453,27.719999313354492,3771300
2024-11-13,27.260000228881836,27.260000228881836,28.899999618530273,27.110000610351562,28.899999618530273,2816000
2024-11-14,28.149999618530273,28.149999618530273,29.170000076293945,27.100000381469727,27.469999313354492,4176100
2024-11-15,26.799999237060547,26.799999237060547,28.524999618530273,26.18000030517578,27.829999923706055,3451000
2024-11-18,27.31999969482422,27.31999969482422,29.3799991607666,26.270000457763672,26.75,3337900
2024-11-19,28.549999237060547,28.549999237060547,28.6299991607666,26.959999084472656,26.959999084472656,2066000
2024-11-20,34.06999969482422,34.06999969482422,34.09000015258789,29.729999542236328,29.950000762939453,6781300
2024-11-21,35.5,35.5,38.86000061035156,34.86000061035156,36.9900016784668,6408300
2024-11-22,37.9900016784668,37.9900016784668,38.939998626708984,35.17399978637695,35.821998596191406,4942200
2024-11-25,37.90999984741211,37.90999984741211,39.61000061035156,35.81999969482422,38.44499969482422,3574900
2024-11-26,37.02000045776367,37.02000045776367,39.40999984741211,36.16999816894531,38.27000045776367,2906600
2024-11-27,36.41999816894531,36.41999816894531,38.07099914550781,34.43199920654297,37.619998931884766,2928300
2024-11-29,41.220001220703125,41.220001220703125,43.04999923706055,37.4900016784668,37.63999938964844,3853500
2024-12-02,40.7400016784668,40.7400016784668,43.880001068115234,40.724998474121094,42.880001068115234,4014200
2024-12-03,41.7400016784668,41.7400016784668,44.314998626708984,40.25299835205078,40.529998779296875,3244500
2024-12-04,44.029998779296875,44.029998779296875,44.5,39.66999816894531,41.599998474121094,4414000
2024-12-05,34.47999954223633,34.47999954223633,44.20000076293945,34.20000076293945,44.029998779296875,8724000
2024-12-06,38.880001068115234,38.880001068115234,41.290000915527344,36.349998474121094,37.45000076293945,6082500
2024-12-09,36.15999984741211,36.15999984741211,39.38999938964844,34.91400146484375,38.59000015258789,3660800
2024-12-10,33.09000015258789,33.09000015258789,36.09000015258789,31.611000061035156,33.84000015258789,5844900
2024-12-11,33.67499923706055,33.67499923706055,34.73500061035156,31.440000534057617,34.0,3923000
2024-12-12,33.0,33.0,35.44900131225586,32.95000076293945,33.5,2692500
2024-12-13,36.43000030517578,36.43000030517578,38.2400016784668,33.560001373291016,33.75,4420100
2024-12-16,35.09000015258789,35.09000015258789,36.5,34.68000030517578,36.369998931884766,2257200
2024-12-17,32.11000061035156,32.11000061035156,35.005001068115234,31.329999923706055,34.95000076293945,3136500
2024-12-18,33.970001220703125,33.970001220703125,38.95000076293945,33.04999923706055,33.060001373291016,5197500
2024-12-19,32.38999938964844,32.38999938964844,36.45399856567383,31.5,34.900001525878906,3725400
2024-12-20,37.81999969482422,37.81999969482422,37.939998626708984,31.5,32.0,5217300
2024-12-23,36.720001220703125,36.720001220703125,39.029998779296875,35.70000076293945,37.52000045776367,2286700
2024-12-24,39.81999969482422,39.81999969482422,40.15999984741211,36.220001220703125,36.75,1817000
2024-12-26,40.939998626708984,40.939998626708984,41.27000045776367,38.21200180053711,39.18000030517578,1980100
2024-12-27,37.7400016784668,37.7400016784668,40.400001525878906,37.02000045776367,40.189998626708984,2475600
2024-12-30,36.2400016784668,36.2400016784668,36.9900016784668,34.189998626708984,36.97999954223633,2056300
2024-12-31,36.86000061035156,36.86000061035156,37.70000076293945,35.959999084472656,36.400001525878906,2304700
2025-01-02,35.599998474121094,35.599998474121094,37.32699966430664,33.13999938964844,35.970001220703125,3488200
2025-01-03,37.900001525878906,37.900001525878906,38.630001068115234,35.31999969482422,35.849998474121094,2404200
2025-01-06,33.93000030517578,33.93000030517578,39.849998474121094,33.529998779296875,39.5,4706900
2025-01-07,32.97999954223633,32.97999954223633,34.650001525878906,32.5099983215332,33.97999954223633,1974700
2025-01-08,32.369998931884766,32.369998931884766,34.005001068115234,31.893999099731445,32.70000076293945,2644500
2025-01-10,31.600000381469727,31.600000381469727,32.099998474121094,30.34000015258789,31.950000762939453,1718100
2025-01-13,28.989999771118164,28.989999771118164,30.299999237060547,28.399999618530273,30.260000228881836,2206300
2025-01-14,27.790000915527344,27.790000915527344,29.90999984741211,27.0,29.8700008392334,2625800
2025-01-15,31.18000030517578,31.18000030517578,31.290000915527344,28.600000381469727,28.799999237060547,2657200
2025-01-16,30.8799991607666,30.8799991607666,32.43000030517578,30.84000015258789,31.950000762939453,1928700
2025-01-17,31.030000686645508,31.030000686645508,32.11000061035156,29.8799991607666,31.8700008392334,2358700
2025-01-21,30.149999618530273,30.149999618530273,35.43299865722656,29.610000610351562,33.209999084472656,6208500
2025-01-22,33.29999923706055,33.29999923706055,34.20000076293945,30.899999618530273,31.059999465942383,4503500
2025-01-23,32.5,32.5,33.38999938964844,31.610000610351562,32.2400016784668,1827600
2025-01-24,30.690000534057617,30.690000534057617,32.97999954223633,30.639999389648438,32.849998474121094,1914900
2025-01-27,24.540000915527344,24.540000915527344,29.719999313354492,23.940000534057617,28.579999923706055,6411000
2025-01-28,26.670000076293945,26.670000076293945,27.06999969482422,23.649999618530273,25.079999923706055,3500500
2025-01-29,26.530000686645508,26.530000686645508,27.010000228881836,25.5,26.420000076293945,1998500
2025-01-30,28.06999969482422,28.06999969482422,29.0,27.139999389648438,27.139999389648438,2273300
2025-01-31,27.920000076293945,27.920000076293945,29.31999969482422,27.40999984741211,28.479999542236328,2118800
2025-02-03,25.829999923706055,25.829999923706055,27.260000228881836,25.5,26.270000457763672,3201500
2025-02-04,27.114999771118164,27.114999771118164,27.59000015258789,22.719999313354492,24.0,4614600
2025-02-05,28.15999984741211,28.15999984741211,29.40999984741211,26.100000381469727,26.65999984741211,2668400
2025-02-06,30.3799991607666,30.3799991607666,30.799999237060547,28.475000381469727,28.68000030517578,2516800
2025-02-07,29.610000610351562,29.610000610351562,30.774999618530273,28.704999923706055,30.549999237060547,1513500
2025-02-10,30.520000457763672,30.520000457763672,31.93000030517578,28.90999984741211,30.1200008392334,2916000
2025-02-11,27.850000381469727,27.850000381469727,29.757999420166016,27.81999969482422,29.290000915527344,2690800
2025-02-12,25.030000686645508,25.030000686645508,28.232999801635742,24.709999084472656,27.799999237060547,2738800
2025-02-13,27.040000915527344,27.040000915527344,27.549999237060547,25.399999618530273,25.5,2315400
2025-02-14,25.899999618530273,25.899999618530273,27.027000427246094,25.715999603271484,26.540000915527344,2250200
2025-02-18,26.43000030517578,26.43000030517578,28.709999084472656,25.399999618530273,26.190000534057617,3247200
2025-02-19,27.329999923706055,27.329999923706055,30.139999389648438,26.5,26.559999465942383,6111500
2025-02-20,27.5,27.5,29.420000076293945,26.81999969482422,28.299999237060547,3754800
2025-02-21,27.040000915527344,27.040000915527344,31.69499969482422,27.010000228881836,28.690000534057617,7237800
2025-02-24,27.31999969482422,27.31999969482422,31.0,26.760000228881836,27.81999969482422,5812200
2025-02-25,23.34000015258789,23.34000015258789,28.950000762939453,22.270000457763672,27.700000762939453,8281200
2025-02-26,25.190000534057617,25.190000534057617,26.972000122070312,24.600000381469727,24.600000381469727,5919100
2025-02-27,24.040000915527344,24.040000915527344,26.09600067138672,22.010000228881836,24.0,7224300
2025-02-28,21.860000610351562,21.860000610351562,23.5,20.350000381469727,23.288000106811523,5822500
2025-03-03,17.719999313354492,17.719999313354492,22.898000717163086,17.344999313354492,22.200000762939453,7997400
2025-03-04,18.139999389648438,18.139999389648438,18.90999984741211,16.5,17.0,7260500
2025-03-05,18.079999923706055,18.079999923706055,18.41900062561035,17.040000915527344,18.299999237060547,3228700
2025-03-06,15.550000190734863,15.550000190734863,17.290000915527344,15.40999984741211,17.290000915527344,4727600
2025-03-07,15.819999694824219,15.819999694824219,16.209999084472656,14.90999984741211,15.920000076293945,3589400
2025-03-10,14.149999618530273,14.149999618530273,15.199999809265137,13.8149995803833,15.069999694824219,3505100
2025-03-11,15.069999694824219,15.069999694824219,15.289999961853027,13.979999542236328,14.109999656677246,3020400
2025-03-12,17.299999237060547,17.299999237060547,18.510000228881836,16.020000457763672,16.020000457763672,7324400
2025-03-13,15.869999885559082,15.869999885559082,17.15999984741211,15.569999694824219,16.90999984741211,6709800
2025-03-14,22.110000610351562,22.110000610351562,23.690000534057617,19.799999237060547,23.649999618530273,17009500
2025-03-17,20.979999542236328,20.979999542236328,23.700000762939453,20.850000381469727,22.28499984741211,6452900
2025-03-18,20.200000762939453,20.200000762939453,21.799999237060547,20.0,20.940000534057617,5000800
2025-03-19,21.1299991607666,21.1299991607666,21.600000381469727,20.084999084472656,20.399999618530273,3257600
2025-03-20,21.079999923706055,21.079999923706055,21.739999771118164,20.725000381469727,20.93000030517578,2948900
2025-03-21,20.43000030517578,20.43000030517578,20.774999618530273,19.649999618530273,20.774999618530273,3263800
2025-03-24,22.280000686645508,22.280000686645508,22.770000457763672,20.989999771118164,21.184999465942383,4138700
2025-03-25,21.770000457763672,21.770000457763672,22.450000762939453,20.950000762939453,21.90999984741211,2575700
2025-03-26,19.489999771118164,19.489999771118164,22.0,19.399999618530273,21.729999542236328,2966600
2025-03-27,17.780000686645508,17.780000686645508,19.398000717163086,17.5,19.200000762939453,3100400
2025-03-28,16.3799991607666,16.3799991607666,17.591999053955078,15.920000076293945,17.579999923706055,3534300
2025-03-31,15.350000381469727,15.350000381469727,15.885000228881836,15.109999656677246,15.489999771118164,2859500
2025-04-01,15.09000015258789,15.09000015258789,15.359999656677246,14.440999984741211,15.359999656677246,2814400
2025-04-02,15.960000038146973,15.960000038146973,16.43000030517578,14.569999694824219,14.569999694824219,3221200
2025-04-03,12.829999923706055,12.829999923706055,14.869999885559082,12.654999732971191,14.84000015258789,6048000
2025-04-04,10.800000190734863,10.800000190734863,12.399999618530273,10.229999542236328,12.010000228881836,6541600
2025-04-07,11.229999542236328,11.229999542236328,12.989999771118164,9.944999694824219,10.09000015258789,6701700
2025-04-08,10.699999809265137,10.699999809265137,13.069999694824219,10.399999618530273,12.0649995803833,6352000
2025-04-09,13.869999885559082,13.869999885559082,14.505000114440918,10.350000381469727,10.680000305175781,7021400
2025-04-10,11.720000267028809,11.720000267028809,13.446999549865723,11.539999961853027,13.130000114440918,4232600
2025-04-11,11.279999732971191,11.279999732971191,11.670000076293945,10.630000114440918,11.569999694824219,2817100
2025-04-14,11.25,11.25,12.449999809265137,10.835000038146973,12.020000457763672,3357000
2025-04-15,11.449999809265137,11.449999809265137,11.767000198364258,11.25,11.350000381469727,2305000
2025-04-16,10.430000305175781,10.430000305175781,11.029999732971191,10.039999961853027,10.819999694824219,3254800
2025-04-17,10.65999984741211,10.65999984741211,10.710000038146973,10.279999732971191,10.4399995803833,2060700
2025-04-21,10.050000190734863,10.050000190734863,10.355999946594238,9.711000442504883,10.350000381469727,2346400
2025-04-22,10.949999809265137,10.949999809265137,11.0600004196167,10.180000305175781,10.210000038146973,2736000
2025-04-23,11.65999984741211,11.65999984741211,12.972000122070312,11.614999771118164,11.954999923706055,4696300
2025-04-24,12.789999961853027,12.789999961853027,13.109999656677246,11.53499984741211,11.6899995803833,3134200
2025-04-25,12.5600004196167,12.5600004196167,13.057999610900879,12.350000381469727,12.619999885559082,1857700
2025-04-28,13.069999694824219,13.069999694824219,13.539999961853027,12.510000228881836,12.800000190734863,3003100
2025-04-29,12.819999694824219,12.819999694824219,13.100000381469727,12.569999694824219,12.819999694824219,1823400
2025-04-30,12.789999961853027,12.789999961853027,12.819999694824219,11.864999771118164,12.0600004196167,1968200
2025-05-01,14.710000038146973,14.710000038146973,14.96500015258789,13.390000343322754,13.390000343322754,5076200
2025-05-02,14.960000038146973,14.960000038146973,15.430000305175781,14.279999732971191,15.25,4196300
2025-05-05,14.4399995803833,14.4399995803833,14.937999725341797,14.34000015258789,14.510000228881836,1966500
2025-05-06,13.9399995803833,13.9399995803833,14.25,13.40999984741211,13.800000190734863,2544600
2025-05-07,13.979999542236328,13.979999542236328,14.015000343322754,13.3100004196167,13.864999771118164,2027600
2025-05-08,14.760000228881836,14.760000228881836,15.399999618530273,13.90999984741211,15.329999923706055,4567300
2025-05-09,14.670000076293945,14.670000076293945,15.234999656677246,12.557000160217285,13.670000076293945,7922800
2025-05-12,18.239999771118164,18.239999771118164,18.670000076293945,15.760000228881836,16.239999771118164,7280000
2025-05-13,20.290000915527344,20.290000915527344,21.15999984741211,17.850000381469727,18.283000946044922,6945600
2025-05-14,19.110000610351562,19.110000610351562,20.6200008392334,18.523000717163086,20.479999542236328,5753900
2025-05-15,18.8700008392334,18.8700008392334,19.506000518798828,17.399999618530273,18.940000534057617,5189600
2025-05-16,18.690000534057617,18.690000534057617,19.850000381469727,18.549999237060547,19.190000534057617,3100300
2025-05-19,19.040000915527344,19.040000915527344,19.059999465942383,17.83099937438965,18.125,2548700
2025-05-20,18.959999084472656,18.959999084472656,18.989999771118164,18.479999542236328,18.809999465942383,2077700
2025-05-21,17.06999969482422,17.06999969482422,19.218000411987305,16.799999237060547,18.489999771118164,3621900
2025-05-22,17.610000610351562,17.610000610351562,18.09000015258789,17.079999923706055,17.079999923706055,1972600
2025-05-23,17.8799991607666,17.8799991607666,18.038999557495117,16.75,16.799999237060547,2237500
2025-05-27,18.559999465942383,18.559999465942383,19.198999404907227,17.889999389648438,18.5,2739300
2025-05-28,17.649999618530273,17.649999618530273,18.959999084472656,17.565000534057617,18.670000076293945,2913800
2025-05-29,16.93000030517578,16.93000030517578,18.290000915527344,16.530000686645508,18.239999771118164,2613000
2025-05-30,15.420000076293945,15.420000076293945,16.700000762939453,15.0600004196167,16.559999465942383,5025600
2025-06-02,15.515000343322754,15.515000343322754,15.770000457763672,15.0600004196167,15.3100004196167,1896400
2025-06-03,16.760000228881836,16.760000228881836,17.209999084472656,15.470000267028809,15.899999618530273,3519200
2025-06-04,17.110000610351562,17.110000610351562,17.61400032043457,16.530000686645508,17.43000030517578,2137100
2025-06-05,16.260000228881836,16.260000228881836,17.434999465942383,16.0,17.239999771118164,3057400
2025-06-06,16.829999923706055,16.829999923706055,17.450000762939453,16.260000228881836,16.565000534057617,2508100
2025-06-09,16.8700008392334,16.8700008392334,17.25,16.600000381469727,17.25,2281800
2025-06-10,16.440000534057617,16.440000534057617,17.25,16.049999237060547,16.920000076293945,2797100
2025-06-11,16.31999969482422,16.31999969482422,17.5,16.240999221801758,16.84000015258789,3877500
2025-06-12,16.920000076293945,16.920000076293945,19.760000228881836,16.670000076293945,17.649999618530273,18448700
2025-06-13,15.470000267028809,15.470000267028809,16.700000762939453,15.289999961853027,16.520000457763672,4967100
2025-06-16,17.09000015258789,17.09000015258789,18.14900016784668,15.895000457763672,15.970000267028809,5576800
2025-06-17,16.780000686645508,16.780000686645508,17.579999923706055,16.55299949645996,17.075000762939453,4194800
2025-06-18,19.770000457763672,19.770000457763672,20.0,16.899999618530273,17.094999313354492,10371100
2025-06-20,23.450000762939453,23.450000762939453,23.6200008392334,20.040000915527344,20.5,13947100
2025-06-23,22.56999969482422,22.56999969482422,23.010000228881836,21.08099937438965,22.40999984741211,6023600
2025-06-24,23.290000915527344,23.290000915527344,24.459999084472656,22.600000381469727,23.25,5190800
2025-06-25,26.229999542236328,26.229999542236328,26.700000762939453,21.899999618530273,23.40999984741211,8489900
2025-06-26,27.770000457763672,27.770000457763672,28.010000228881836,25.350000381469727,26.0,5632800
2025-06-27,26.219999313354492,26.219999313354492,28.0,25.280000686645508,27.90999984741211,8123800
2025-06-30,25.690000534057617,25.690000534057617,27.600000381469727,25.31999969482422,26.899999618530273,3408200
2025-07-01,25.350000381469727,25.350000381469727,26.010000228881836,23.850000381469727,25.149999618530273,4575500
2025-07-02,26.690000534057617,26.690000534057617,26.739999771118164,23.899999618530273,25.09000015258789,4578600
2025-07-03,28.65999984741211,28.65999984741211,31.014999389648438,26.420000076293945,26.760000228881836,6962100
2025-07-07,26.440000534057617,26.440000534057617,28.0,25.729999542236328,27.809999465942383,6762200
2025-07-08,26.8799991607666,26.8799991607666,27.65999984741211,26.06999969482422,27.15999984741211,4359500
2025-07-09,27.920000076293945,27.920000076293945,28.860000610351562,26.200000762939453,27.579999923706055,5507000
2025-07-10,28.25,28.25,29.0,26.68000030517578,27.889999389648438,3409800
2025-07-11,28.399999618530273,28.399999618530273,29.06999969482422,27.64699935913086,27.64699935913086,3152100
2025-07-14,29.4950008392334,29.4950008392334,29.81999969482422,27.100000381469727,28.235000610351562,4312400
2025-07-15,29.239999771118164,29.239999771118164,31.579999923706055,28.459999084472656,31.239999771118164,4551900
2025-07-16,28.985000610351562,28.985000610351562,29.0,26.360000610351562,28.93000030517578,4855300
2025-07-17,29.420000076293945,29.420000076293945,30.131999969482422,28.6299991607666,29.0,3816200
2025-07-18,28.6299991607666,28.6299991607666,30.200000762939453,27.6299991607666,30.0,3936000
2025-07-21,28.229999542236328,28.229999542236328,29.440000534057617,27.979999542236328,28.68000030517578,3092400
2025-07-22,26.350000381469727,26.350000381469727,28.229999542236328,25.399999618530273,28.18000030517578,5039400
2025-07-23,26.30500030517578,26.30500030517578,27.777999877929688,25.915000915527344,27.200000762939453,3038700
2025-07-24,25.84000015258789,25.84000015258789,27.450000762939453,25.700000762939453,26.559999465942383,3064200
2025-07-25,27.1299991607666,27.1299991607666,27.8799991607666,25.770000457763672,26.40999984741211,4194200
2025-07-28,25.219999313354492,25.219999313354492,27.59000015258789,24.760000228881836,27.510000228881836,5495000
2025-07-29,24.110000610351562,24.110000610351562,26.350000381469727,23.989999771118164,25.540000915527344,4077100
2025-07-30,23.059999465942383,23.059999465942383,24.56999969482422,22.399999618530273,24.299999237060547,5051000
2025-07-31,22.8700008392334,22.8700008392334,24.530000686645508,22.860000610351562,23.780000686645508,5361500
2025-08-01,21.530000686645508,21.530000686645508,22.299999237060547,20.940000534057617,21.459999084472656,5885900
2025-08-04,22.190000534057617,22.190000534057617,22.850000381469727,21.45400047302246,22.709999084472656,3617400
2025-08-05,21.415000915527344,21.415000915527344,22.360000610351562,20.479999542236328,22.360000610351562,4020400
2025-08-06,23.229999542236328,23.229999542236328,23.375,21.520000457763672,21.719999313354492,5727600
2025-08-07,22.329999923706055,22.329999923706055,23.600000381469727,21.802000045776367,23.559999465942383,6412000
2025-08-08,21.59000015258789,21.59000015258789,24.399999618530273,20.670000076293945,23.975000381469727,12222900
2025-08-11,20.860000610351562,20.860000610351562,21.600000381469727,19.885000228881836,21.600000381469727,5699700
2025-08-12,22.790000915527344,22.790000915527344,23.81100082397461,21.30500030517578,21.329999923706055,5557400
2025-08-13,23.020000457763672,23.020000457763672,24.299999237060547,22.094999313354492,23.645000457763672,4930700
2025-08-14,21.010000228881836,21.010000228881836,22.5,20.458999633789062,22.1299991607666,4933300
2025-08-15,22.364999771118164,22.364999771118164,22.959999084472656,21.315000534057617,21.809999465942383,4211100
2025-08-18,26.1299991607666,26.1299991607666,26.968000411987305,22.0,22.780000686645508,8720300
2025-08-19,22.770000457763672,22.770000457763672,25.790000915527344,22.520000457763672,25.520000457763672,6877900
2025-08-20,21.93000030517578,21.93000030517578,22.600000381469727,20.7189998626709,22.5,4400300
2025-08-21,23.700000762939453,23.700000762939453,23.75,21.600000381469727,21.81999969482422,4430600
2025-08-22,24.790000915527344,24.790000915527344,25.989999771118164,23.350000381469727,23.469999313354492,5150300
2025-08-25,24.34000015258789,24.34000015258789,26.329999923706055,24.329999923706055,25.075000762939453,5866400
2025-08-26,25.06999969482422,25.06999969482422,26.329999923706055,24.75,25.790000915527344,5071900
2025-08-27,24.049999237060547,24.049999237060547,25.540000915527344,24.024999618530273,25.200000762939453,4676200
2025-08-28,25.489999771118164,25.489999771118164,25.93000030517578,22.450000762939453,24.299999237060547,5717300
2025-08-29,24.200000762939453,24.200000762939453,26.649999618530273,24.09000015258789,25.81999969482422,3700300
2025-09-02,23.350000381469727,23.350000381469727,23.639999389648438,22.200000762939453,22.829999923706055,4528700
2025-09-03,23.020000457763672,23.020000457763672,24.59000015258789,22.510000228881836,23.809999465942383,4953400
2025-09-04,23.31999969482422,23.31999969482422,23.68000030517578,22.040000915527344,23.34000015258789,4102200
2025-09-05,23.989999771118164,23.989999771118164,24.225000381469727,22.6299991607666,23.850000381469727,3867500
2025-09-08,23.6299991607666,23.6299991607666,24.489999771118164,23.165000915527344,24.270000457763672,3254700
2025-09-09,23.719999313354492,23.719999313354492,24.100000381469727,22.739999771118164,23.55500030517578,2923500
2025-09-10,27.719999313354492,27.719999313354492,28.030000686645508,24.350000381469727,24.700000762939453,10593000
2025-09-11,26.850000381469727,26.850000381469727,27.649999618530273,26.280000686645508,27.350000381469727,5414200
2025-09-12,27.06999969482422,27.06999969482422,27.469999313354492,26.02199935913086,26.829999923706055,3793100
2025-09-15,29.559999465942383,29.559999465942383,29.799999237060547,27.75,28.09000015258789,8128900
2025-09-16,28.93000030517578,28.93000030517578,29.700000762939453,27.299999237060547,29.700000762939453,6601900
2025-09-17,29.469999313354492,29.469999313354492,30.049999237060547,28.229999542236328,28.40999984741211,5373200
2025-09-18,29.040000915527344,29.040000915527344,30.415000915527344,28.437000274658203,30.3700008392334,4777100
2025-09-19,28.989999771118164,28.989999771118164,29.8799991607666,28.520000457763672,28.700000762939453,4323400
2025-09-22,30.540000915527344,30.540000915527344,30.799999237060547,27.799999237060547,28.200000762939453,4741800
2025-09-23,28.059999465942383,28.059999465942383,31.1299991607666,27.6200008392334,30.5,6163000
2025-09-24,26.690000534057617,26.690000534057617,28.459999084472656,26.5,27.96500015258789,4705000
2025-09-25,26.34000015258789,26.34000015258789,26.645000457763672,24.790000915527344,25.739999771118164,4339300
2025-09-26,25.770000457763672,25.770000457763672,26.440000534057617,25.450000762939453,26.299999237060547,2730700
2025-09-29,25.940000534057617,25.940000534057617,26.5,25.709999084472656,26.299999237060547,3107400
2025-09-30,25.93000030517578,25.93000030517578,26.799999237060547,25.1299991607666,25.799999237060547,3543000
2025-10-01,28.420000076293945,28.420000076293945,28.450000762939453,25.25,25.299999237060547,3735900
2025-10-02,27.979999542236328,27.979999542236328,29.381000518798828,27.84000015258789,28.959999084472656,3673700
2025-10-03,27.93000030517578,27.93000030517578,28.790000915527344,26.871000289916992,28.049999237060547,3937600
2025-10-06,33.790000915527344,33.790000915527344,34.472999572753906,28.399999618530273,29.100000381469727,10810300
2025-10-07,31.334999084472656,31.334999084472656,34.619998931884766,29.764999389648438,33.654998779296875,7945800
2025-10-08,32.220001220703125,32.220001220703125,32.45000076293945,30.860000610351562,31.729999542236328,3170400
2025-10-09,32.369998931884766,32.369998931884766,34.099998474121094,31.1200008392334,32.439998626708984,5021900
2025-10-10,27.149999618530273,27.149999618530273,35.20000076293945,27.1200008392334,33.15999984741211,8797000
2025-10-13,29.100000381469727,29.100000381469727,29.420000076293945,27.50200080871582,28.5,4528300
2025-10-14,28.479999542236328,28.479999542236328,29.34000015258789,26.66200065612793,27.799999237060547,4114300
2025-10-15,32.95000076293945,32.95000076293945,33.029998779296875,29.177000045776367,30.0,6786300
2025-10-16,31.139999389648438,31.139999389648438,33.2599983215332,30.93000030517578,32.95000076293945,3988700
2025-10-17,31.920000076293945,31.920000076293945,32.47999954223633,28.8700008392334,30.510000228881836,4668700
2025-10-20,34.13999938964844,34.13999938964844,35.849998474121094,32.599998474121094,32.88999938964844,6475300
2025-10-21,33.400001525878906,33.400001525878906,35.31999969482422,32.709999084472656,34.0099983215332,4134300
2025-10-22,29.975000381469727,29.975000381469727,32.85200119018555,28.850000381469727,32.36000061035156,5269000
2025-10-23,31.399999618530273,31.399999618530273,32.08000183105469,29.850000381469727,29.899999618530273,3943200
2025-10-24,34.0099983215332,34.0099983215332,34.39099884033203,31.5,32.130001068115234,4461800
2025-10-27,37.220001220703125,37.220001220703125,37.676998138427734,34.380001068115234,35.0,5328400
2025-10-28,36.869998931884766,36.869998931884766,37.61000061035156,35.0099983215332,36.790000915527344,5313000
2025-10-29,35.47999954223633,35.47999954223633,38.9900016784668,34.75,37.33000183105469,7001400
2025-10-30,35.06999969482422,35.06999969482422,36.29999923706055,34.099998474121094,34.4900016784668,3590400
2025-10-31,35.560001373291016,35.560001373291016,36.47700119018555,34.18000030517578,35.70000076293945,3960400
2025-11-03,33.040000915527344,33.040000915527344,37.0,32.83000183105469,36.13999938964844,4695100
2025-11-04,29.5,29.5,31.610000610351562,28.200000762939453,31.0,7716600
2025-11-05,31.510000228881836,31.510000228881836,32.20000076293945,29.799999237060547,30.739999771118164,4930500
2025-11-06,29.100000381469727,29.100000381469727,31.56999969482422,28.65999984741211,31.479999542236328,7338800
2025-11-07,28.56999969482422,28.56999969482422,30.25,24.760000228881836,25.0,10118500
2025-11-10,25.420000076293945,25.420000076293945,28.049999237060547,24.049999237060547,28.010000228881836,9309000
2025-11-11,23.75,23.75,24.871000289916992,23.520000457763672,24.719999313354492,6066800
2025-11-12,23.940000534057617,23.940000534057617,24.670000076293945,23.450000762939453,24.239999771118164,4482900
2025-11-13,20.90999984741211,20.90999984741211,23.459999084472656,19.920000076293945,23.459999084472656,7722100
2025-11-14,21.46500015258789,21.46500015258789,22.047000885009766,19.200000762939453,19.639999389648438,6607500
2025-11-17,21.6299991607666,21.6299991607666,23.0,21.0,21.420000076293945,4845500
2025-11-18,20.889999389648438,20.889999389648438,22.229999542236328,20.790000915527344,21.110000610351562,3114900
2025-11-19,20.8700008392334,20.8700008392334,21.440000534057617,20.540000915527344,20.84000015258789,3414500
2025-11-20,19.489999771118164,19.489999771118164,22.81999969482422,19.395000457763672,22.299999237060547,6354200
2025-11-21,20.579999923706055,20.579999923706055,20.799999237060547,18.5,19.280000686645508,5955100
2025-11-24,22.469999313354492,22.469999313354492,22.89699935913086,20.6299991607666,20.809999465942383,4393000
2025-11-25,22.729999542236328,22.729999542236328,22.850000381469727,21.399999618530273,21.959999084472656,2357100
2025-11-26,25.56999969482422,25.56999969482422,26.68000030517578,23.1200008392334,23.450000762939453,7543900
2025-11-28,26.780000686645508,26.780000686645508,27.290000915527344,25.559999465942383,25.610000610351562,3588400
2025-12-01,26.530000686645508,26.530000686645508,26.950000762939453,25.701000213623047,25.780000686645508,3694400
2025-12-02,26.020000457763672,26.020000457763672,27.899999618530273,26.010000228881836,26.850000381469727,3471900
2025-12-03,25.649999618530273,25.649999618530273,26.440000534057617,25.020000457763672,26.110000610351562,2817100
2025-12-04,26.239999771118164,26.239999771118164,26.299999237060547,24.829999923706055,25.290000915527344,3492000
2025-12-05,26.59000015258789,26.59000015258789,27.030000686645508,25.799999237060547,26.34000015258789,2879100
2025-12-08,27.84000015258789,27.84000015258789,27.979999542236328,26.81999969482422,27.489999771118164,4119200
2025-12-09,30.3799991607666,30.3799991607666,30.489999771118164,27.170000076293945,27.3799991607666,5810000
2025-12-10,34.97999954223633,34.97999954223633,35.72999954223633,29.329999923706055,29.55500030517578,9850300
2025-12-11,36.31999969482422,36.31999969482422,37.04999923706055,33.689998626708984,35.275001525878906,11948600
2025-12-12,32.060001373291016,32.060001373291016,35.4900016784668,31.940000534057617,35.39500045776367,5436500
2025-12-15,29.899999618530273,29.899999618530273,33.900001525878906,29.690000534057617,33.68000030517578,4421900
2025-12-16,28.959999084472656,28.959999084472656,30.11400032043457,27.770000457763672,29.31999969482422,4068200
2025-12-17,27.139999389648438,27.139999389648438,30.399999618530273,26.799999237060547,29.68000030517578,3400800
2025-12-18,29.25,29.25,29.799999237060547,27.780000686645508,28.200000762939453,4536900
2025-12-19,31.31999969482422,31.31999969482422,31.93000030517578,29.329999923706055,29.7549991607666,5123900
2025-12-22,39.095001220703125,39.095001220703125,39.599998474121094,32.290000915527344,32.290000915527344,9773200
2025-12-23,40.63999938964844,40.63999938964844,41.959999084472656,37.2599983215332,37.63999938964844,9343200
2025-12-24,41.0,41.0,41.470001220703125,39.96900177001953,40.72999954223633,2370000
2025-12-26,37.16999816894531,37.16999816894531,41.20000076293945,37.099998474121094,41.0,3825400
2025-12-29,36.75,36.75,39.220001220703125,36.25,36.5,3743700
2025-12-30,36.02000045776367,36.02000045776367,37.72999954223633,35.86000061035156,36.61000061035156,2312500
2025-12-31,34.86000061035156,34.86000061035156,36.0,34.79999923706055,35.75,2744200
2026-01-02,39.599998474121094,39.599998474121094,40.099998474121094,35.7599983215332,36.345001220703125,4857600
2026-01-05,34.9900016784668,34.9900016784668,41.349998474121094,34.810001373291016,41.05500030517578,6609600
2026-01-06,38.61000061035156,38.61000061035156,39.189998626708984,34.02000045776367,35.0099983215332,5061800
2026-01-07,38.05500030517578,38.05500030517578,39.5,36.810001373291016,37.540000915527344,3814400
2026-01-08,33.0099983215332,33.0099983215332,38.0,31.670000076293945,37.90999984741211,8578800
2026-01-09,34.040000915527344,34.040000915527344,34.4900016784668,31.858999252319336,32.650001525878906,5546300
2026-01-12,33.720001220703125,33.720001220703125,34.439998626708984,32.599998474121094,33.150001525878906,3848700
2026-01-13,34.18000030517578,34.18000030517578,35.02000045776367,33.130001068115234,33.900001525878906,3169000
2026-01-14,34.470001220703125,34.470001220703125,34.54499816894531,33.279998779296875,34.09000015258789,2088000
2026-01-15,37.0,37.0,38.709999084472656,35.189998626708984,35.30500030517578,5691200
2026-01-16,37.040000915527344,37.040000915527344,40.04999923706055,37.0,38.099998474121094,4257900
2026-01-20,39.2599983215332,39.2599983215332,39.939998626708984,35.369998931884766,35.54999923706055,4089700
2026-01-21,38.380001068115234,38.380001068115234,40.0,35.540000915527344,39.40999984741211,3450300
2026-01-22,38.150001525878906,38.150001525878906,41.38999938964844,38.0099983215332,39.9900016784668,4269100
2026-01-23,35.720001220703125,35.720001220703125,37.900001525878906,35.68000030517578,37.900001525878906,2976200
2026-01-26,34.88999938964844,34.88999938964844,36.749000549316406,34.540000915527344,35.56999969482422,3243000
2026-01-27,37.38999938964844,37.38999938964844,38.0,35.099998474121094,35.9900016784668,3134000
2026-01-28,45.22999954223633,45.22999954223633,46.29999923706055,37.654998779296875,37.869998931884766,11717700
2026-01-29,39.56999969482422,39.56999969482422,43.0,37.150001525878906,42.93000030517578,8572100
2026-01-30,43.61000061035156,43.61000061035156,48.310001373291016,40.75,41.06999969482422,12001000
2026-02-02,44.15999984741211,44.15999984741211,49.11000061035156,42.0099983215332,42.0099983215332,8889400
2026-02-03,46.119998931884766,46.119998931884766,47.439998626708984,42.25,46.20000076293945,5659400
2026-02-04,39.900001525878906,39.900001525878906,47.0099983215332,37.9900016784668,47.0,7206200
2026-02-05,38.130001068115234,38.130001068115234,40.400001525878906,37.018001556396484,38.57500076293945,3848700
2026-02-06,44.29999923706055,44.29999923706055,44.790000915527344,39.63999938964844,40.150001525878906,5410400
2026-02-09,47.90999984741211,47.90999984741211,49.130001068115234,43.11000061035156,43.64500045776367,5961900
2026-02-10,48.4900016784668,48.4900016784668,50.099998474121094,47.029998779296875,47.525001525878906,4352300
2026-02-11,48.400001525878906,48.400001525878906,50.79999923706055,45.29999923706055,49.1150016784668,3537900
2026-02-12,43.9900016784668,43.9900016784668,48.95000076293945,42.5099983215332,48.86000061035156,4200100
2026-02-13,44.459999084472656,44.459999084472656,46.6619987487793,42.04999923706055,44.099998474121094,2745300
2026-02-17,43.90999984741211,43.90999984741211,45.4900016784668,41.119998931884766,43.20000076293945,3326500
2026-02-18,43.439998626708984,43.439998626708984,44.67499923706055,42.560001373291016,44.34000015258789,1858600
2026-02-19,46.97999954223633,46.97999954223633,47.0,42.709999084472656,43.25,3208400
2026-02-20,51.68000030517578,51.68000030517578,54.29999923706055,45.959999084472656,46.0,7979700
2026-02-23,53.959999084472656,53.959999084472656,55.084999084472656,49.95000076293945,50.52000045776367,6239100
2026-02-24,56.27000045776367,56.27000045776367,56.61000061035156,51.0,52.880001068115234,4197500
2026-02-25,58.119998931884766,58.119998931884766,59.25,56.8489990234375,57.20000076293945,3649000
2026-02-26,53.689998626708984,53.689998626708984,58.97999954223633,52.849998474121094,58.310001373291016,5508400
2026-02-27,84.2300033569336,84.2300033569336,84.30999755859375,65.56800079345703,65.93000030517578,24886200
2026-03-02,102.51000213623047,102.51000213623047,110.0,93.77999877929688,107.55000305175781,27112800
2026-03-03,95.33999633789062,95.33999633789062,97.4000015258789,86.05000305175781,91.5,16983300
2026-03-04,99.70999908447266,99.70999908447266,101.49700164794922,92.22000122070312,101.19999694824219,10474500
2026-03-05,101.13999938964844,101.13999938964844,102.27999877929688,91.3499984741211,97.48999786376953,10217700
2026-03-06,95.58000183105469,95.58000183105469,114.62999725341797,95.06999969482422,98.0,15240700
2026-03-09,110.62000274658203,110.62000274658203,110.87000274658203,93.7300033569336,95.17500305175781,13838000
2026-03-10,120.48999786376953,120.48999786376953,127.38999938964844,112.01000213623047,112.0999984741211,13617300
2026-03-11,127.01000213623047,127.01000213623047,128.9600067138672,113.87999725341797,118.55000305175781,10310400
2026-03-12,106.19000244140625,106.19000244140625,116.91000366210938,104.9800033569336,115.52999877929688,15398400
2026-03-13,96.80999755859375,96.80999755859375,105.38500213623047,94.1500015258789,104.37000274658203,14962100
2026-03-16,94.06999969482422,94.06999969482422,101.31999969482422,92.9000015258789,100.0,10815600
2026-03-17,86.33000183105469,86.33000183105469,91.8499984741211,85.08000183105469,90.06999969482422,16650000
2026-03-18,92.62999725341797,92.62999725341797,100.06999969482422,91.2300033569336,95.33999633789062,15330900
2026-03-19,101.91999816894531,101.91999816894531,102.0999984741211,88.5,89.125,11294000
2026-03-20,87.54000091552734,87.54000091552734,102.69000244140625,84.5999984741211,101.98500061035156,12205200
2026-03-23,95.76000213623047,95.76000213623047,96.08999633789062,84.91999816894531,90.0,10729800
2026-03-24,113.9000015258789,113.9000015258789,114.97000122070312,96.3550033569336,96.69000244140625,16895700
2026-03-25,114.41000366210938,114.41000366210938,118.75,109.01000213623047,110.12000274658203,11313000
2026-03-26,97.41999816894531,97.41999816894531,111.66000366210938,96.70500183105469,111.0,9617300
2026-03-27,98.20999908447266,98.20999908447266,101.5,94.18000030517578,101.19999694824219,7600900
2026-03-30,85.19000244140625,85.19000244140625,100.50499725341797,81.91000366210938,99.73999786376953,13584800
2026-03-31,84.58999633789062,84.58999633789062,87.56999969482422,78.57499694824219,86.68499755859375,13094300
2026-04-01,86.3499984741211,86.3499984741211,95.80999755859375,85.0,90.1500015258789,12788800
2026-04-02,103.91000366210938,103.91000366210938,105.56999969482422,81.51000213623047,81.5999984741211,20043600
2026-04-06,107.44999694824219,107.44999694824219,117.2300033569336,105.0999984741211,110.04499816894531,16994200
2026-04-07,117.63999938964844,117.63999938964844,118.69999694824219,108.77999877929688,108.83000183105469,12271400
2026-04-08,132.6999969482422,132.6999969482422,134.49000549316406,119.02999877929688,125.12000274658203,15028900
2026-04-09,133.3000030517578,133.3000030517578,145.10000610351562,127.11000061035156,132.72500610351562,16929500
2026-04-10,150.60000610351562,150.60000610351562,154.75,128.02000427246094,139.7449951171875,21901700
2026-04-13,153.19000244140625,153.19000244140625,155.39999389648438,143.5,148.52999877929688,11023300
2026-04-14,146.38999938964844,146.38999938964844,154.70599365234375,142.16000366210938,154.5050048828125,10767300
2026-04-15,142.5500030517578,142.5500030517578,145.99000549316406,135.10000610351562,142.52000427246094,9638300
2026-04-16,157.32000732421875,157.32000732421875,157.39999389648438,136.36000061035156,140.0,10688900
2026-04-17,159.4199981689453,159.4199981689453,161.47000122070312,152.5,160.6199951171875,8713100
2026-04-20,163.47000122070312,163.47000122070312,163.58999633789062,151.64999389648438,159.99000549316406,6711400
2026-04-21,150.57000732421875,150.57000732421875,173.41000366210938,149.67999267578125,164.49000549316406,10314900
2026-04-22,149.4199981689453,149.4199981689453,159.14999389648438,138.6199951171875,155.5,9839500
2026-04-23,137.72999572753906,137.72999572753906,153.1999969482422,132.6300048828125,147.78500366210938,8143600
2026-04-24,162.1699981689453,162.1699981689453,164.8699951171875,140.0,142.02000427246094,13924400
2026-04-27,145.77999877929688,145.77999877929688,153.4499969482422,141.5800018310547,153.10000610351562,9442600
2026-04-28,137.25999450683594,137.25999450683594,146.89999389648438,135.39999389648438,138.64500427246094,7158100
2026-04-29,152.8300018310547,152.8300018310547,154.31900024414062,138.10000610351562,143.72999572753906,9604100
2026-04-30,164.36000061035156,164.36000061035156,165.7689971923828,149.72999572753906,157.0500030517578,8838000
2026-05-01,183.50999450683594,183.50999450683594,191.8699951171875,158.02000427246094,162.6750030517578,13196700
2026-05-04,172.97999572753906,172.97999572753906,189.5,172.60000610351562,187.7949981689453,10179900
2026-05-05,180.57000732421875,180.57000732421875,188.9250030517578,174.1999969482422,175.27000427246094,7984000
2026-05-06,178.5399932861328,178.5399932861328,187.92999267578125,169.24000549316406,186.9600067138672,9107500
2026-05-07,157.5500030517578,157.5500030517578,172.60000610351562,152.19500732421875,172.60000610351562,14494600
2026-05-08,148.94000244140625,148.94000244140625,177.8800048828125,143.5800018310547,173.84500122070312,20778600
2026-05-11,184.89999389648438,184.89999389648438,190.9600067138672,150.5399932861328,152.25999450683594,16660000
2026-05-12,188.27999877929688,188.27999877929688,208.0,173.5,178.0,16391200
2026-05-13,223.10000610351562,223.10000610351562,233.6699981689453,191.73899841308594,205.0,18450400
2026-05-14,203.57000732421875,203.57000732421875,218.94000244140625,199.0800018310547,216.3800048828125,12104000
2026-05-15,190.36000061035156,190.36000061035156,200.61000061035156,186.0500030517578,191.25,8467700
2026-05-18,173.25999450683594,173.25999450683594,194.72999572753906,165.59500122070312,194.4199981689453,13219100
2026-05-19,171.3300018310547,171.3300018310547,175.99000549316406,160.10000610351562,167.34500122070312,8980000
2026-05-20,165.25999450683594,165.25999450683594,179.32000732421875,162.52000427246094,177.0,9784600
2026-05-21,176.80999755859375,176.80999755859375,182.17999267578125,163.66000366210938,167.00999450683594,9868900
2026-05-22,181.49000549316406,181.49000549316406,182.4600067138672,166.66000366210938,176.24000549316406,10301800
2026-05-26,177.6199951171875,177.6199951171875,194.9600067138672,176.61000061035156,186.72500610351562,11319200
2026-05-27,179.8300018310547,179.8300018310547,189.9199981689453,167.3000030517578,172.5050048828125,10258800
2026-05-28,169.02000427246094,169.02000427246094,183.24000549316406,166.69000244140625,181.0,10018400
2026-05-29,158.41000366210938,158.41000366210938,169.0,153.10000610351562,168.5500030517578,11922000
2026-06-01,185.6699981689453,185.6699981689453,191.97999572753906,149.0500030517578,149.25,16045900
2026-06-02,202.3699951171875,202.3699951171875,205.77000427246094,188.1999969482422,195.16000366210938,12724300
2026-06-03,184.07000732421875,184.07000732421875,205.0,180.5500030517578,200.5,9948700
2026-06-04,202.88999938964844,202.88999938964844,209.63999938964844,171.0919952392578,173.46499633789062,14528800
2026-06-05,177.0,177.0,208.5,174.22999572753906,191.4199981689453,19828200
2026-06-08,196.63999938964844,196.63999938964844,203.1999969482422,177.0500030517578,184.75,14905700
2026-06-09,162.8800048828125,162.8800048828125,207.60000610351562,160.8699951171875,202.80499267578125,26968700
2026-06-10,175.1300048828125,175.1300048828125,184.91000366210938,167.4199981689453,171.7899932861328,17040900
2026-06-11,172.77999877929688,172.77999877929688,175.1999969482422,162.10000610351562,167.55499267578125,14448500
2026-06-12,169.0500030517578,169.0500030517578,179.89999389648438,163.66000366210938,173.13999938964844,12686900
2026-06-15,191.5500030517578,191.5500030517578,194.97000122070312,176.60000610351562,177.27000427246094,14611900
2026-06-16,170.80999755859375,170.80999755859375,196.5,169.8699951171875,194.2100067138672,13109800
2026-06-17,167.33999633789062,167.33999633789062,177.58999633789062,165.7899932861328,174.71499633789062,10005500
2026-06-18,161.85000610351562,161.85000610351562,174.75999450683594,158.0399932861328,174.64999389648438,16726200
2026-06-22,171.22999572753906,171.22999572753906,177.16000366210938,155.74000549316406,162.9149932861328,14536900
2026-06-23,147.44000244140625,147.44000244140625,160.9949951171875,145.25999450683594,158.0,13591900
2026-06-24,146.97000122070312,146.97000122070312,150.33999633789062,137.6999969482422,149.50999450683594,10609900
2026-06-25,138.5399932861328,138.5399932861328,152.39999389648438,134.30999755859375,151.19000244140625,13301900
2026-06-26,135.69000244140625,135.69000244140625,140.8300018310547,127.01000213623047,131.67999267578125,20188200
2026-06-29,150.10000610351562,150.10000610351562,150.39999389648438,130.2899932861328,135.42599487304688,10321900
2026-06-30,148.16000366210938,148.16000366210938,152.22999572753906,144.17999267578125,146.5,7492800
2026-07-01,139.0,139.0,147.5399932861328,136.66000366210938,143.55999755859375,6477800
2026-07-02,120.94999694824219,120.94999694824219,139.27000427246094,113.41100311279297,135.85000610351562,15986500
2026-07-06,123.36000061035156,123.36000061035156,129.8090057373047,116.5,120.20500183105469,8121000
2026-07-07,114.41000366210938,114.41000366210938,126.19000244140625,111.5,118.1500015258789,9265800
2026-07-08,114.44000244140625,114.44000244140625,118.0999984741211,110.5,113.0199966430664,6289000
2026-07-09,122.20999908447266,122.20999908447266,127.51000213623047,118.18000030517578,119.5,9211800
2026-07-10,119.91999816894531,119.91999816894531,124.77999877929688,113.10099792480469,118.70999908447266,6738000
2026-07-13,111.87999725341797,111.87999725341797,117.59100341796875,109.20999908447266,115.91500091552734,6599200
2026-07-14,125.44999694824219,125.44999694824219,128.35000610351562,117.69999694824219,119.41999816894531,9987000
2026-07-15,109.08999633789062,109.08999633789062,124.43000030517578,106.0999984741211,123.78500366210938,10324200
2026-07-16,100.23999786376953,100.23999786376953,107.11000061035156,97.88999938964844,105.0,9966600
2026-07-17,102.41000366210938,102.41000366210938,106.18000030517578,91.5009994506836,96.11000061035156,9637800
2026-07-20,103.0199966430664,103.0199966430664,107.31999969482422,102.05999755859375,104.86000061035156,5163500
2026-07-21,119.26000213623047,119.26000213623047,120.19999694824219,107.4000015258789,107.73999786376953,10284700
2026-07-22,110.5199966430664,110.5199966430664,117.48999786376953,110.01000213623047,114.98500061035156,8073000
2026-07-23,112.0199966430664,112.0199966430664,119.72000122070312,108.16999816894531,108.58499908447266,6288600
2026-07-24,100.1500015258789,100.1500015258789,109.70999908447266,99.4800033569336,108.9749984741211,7103600
2026-07-27,97.81999969482422,97.81999969482422,102.947998046875,92.22000122070312,100.55999755859375,6662400
2026-07-28,88.13999938964844,88.13999938964844,93.3499984741211,81.54000091552734,92.94999694824219,10840300
2026-07-29,76.5199966430664,76.5199966430664,88.27999877929688,76.01000213623047,88.19000244140625,12204300
2026-07-30,90.11000061035156,90.11000061035156,90.68000030517578,82.80000305175781,83.3499984741211,10949200
2026-07-31,94.31999969482422,94.31999969482422,103.2030029296875,91.02999877929688,100.0999984741211,9739900
2026-08-03,110.20999908447266,110.20999908447266,110.94999694824219,88.12999725341797,89.80000305175781,12055500
2026-08-04,131.6300048828125,131.6300048828125,136.27000427246094,123.5,128.5749969482422,21013700
2026-08-05,128.55999755859375,128.55999755859375,140.33999633789062,128.0,128.4499969482422,12480200
2026-08-06,124.22000122070312,124.22000122070312,134.2899932861328,118.87999725341797,121.37999725341797,15377200
2026-08-07,135.6300048828125,135.6300048828125,149.35000610351562,130.5,142.47999572753906,24102400
2026-08-10,132.80999755859375,132.80999755859375,148.89999389648438,128.8000030517578,141.72000122070312,18508700
2026-08-11,134.3300018310547,134.3300018310547,137.22999572753906,127.5,133.97000122070312,9211200
2026-08-12,138.0800018310547,138.0800018310547,142.8000030517578,129.08999633789062,141.6999969482422,13189200
2026-08-13,130.0800018310547,130.0800018310547,144.52000427246094,129.6699981689453,135.83999633789062,10700700
2026-08-14,150.27999877929688,150.27999877929688,153.38999938964844,130.33999633789062,130.38999938964844,18775000
2026-08-17,154.88999938964844,154.88999938964844,160.99000549316406,147.3489990234375,152.63999938964844,12904100
2026-08-18,131.41000366210938,131.41000366210938,151.41200256347656,131.22000122070312,146.1999969482422,14651500
2026-08-19,122.19000244140625,122.19000244140625,138.55999755859375,121.5,135.85000610351562,12346600
2026-08-20,129.10000610351562,129.10000610351562,130.49000549316406,118.5999984741211,121.91500091552734,9518800
2026-08-21,124.81999969482422,124.81999969482422,133.72000122070312,121.88999938964844,129.3679962158203,9748200
2026-08-24,107.62999725341797,107.62999725341797,112.45999908447266,102.0999984741211,109.125,15016500
2026-08-25,113.1500015258789,113.1500015258789,115.08000183105469,110.23999786376953,111.7750015258789,6735500
2026-08-26,113.76000213623047,113.76000213623047,114.20999908447266,110.01000213623047,110.58999633789062,4878800
2026-08-27,113.27999877929688,113.27999877929688,118.9000015258789,111.30000305175781,117.02999877929688,6254100
2026-08-28,106.2300033569336,106.2300033569336,110.9000015258789,105.1500015258789,110.45999908447266,5716900
2026-08-31,107.69000244140625,107.69000244140625,108.66999816894531,104.05599975585938,107.5199966430664,4609500
2026-09-01,103.38999938964844,103.38999938964844,105.73999786376953,101.2300033569336,104.44999694824219,4893800
2026-09-02,103.12999725341797,103.12999725341797,104.73999786376953,100.80000305175781,102.08999633789062,4092300
2026-09-03,100.37999725341797,100.37999725341797,103.13999938964844,96.95999908447266,101.9000015258789,5918000
2026-09-04,105.52999877929688,105.52999877929688,106.55999755859375,100.54000091552734,101.91000366210938,6840200
2026-09-08,111.55000305175781,111.55000305175781,116.9000015258789,107.80000305175781,108.38999938964844,12081100
2026-09-09,107.93000030517578,107.93000030517578,113.63999938964844,107.62000274658203,110.77999877929688,5977400
2026-09-10,103.29000091552734,103.29000091552734,109.77999877929688,102.98999786376953,104.5,5703900
2026-09-11,105.36000061035156,105.36000061035156,108.66999816894531,104.08000183105469,104.51000213623047,5001400
2026-09-14,95.76000213623047,95.76000213623047,101.12999725341797,95.66999816894531,96.7699966430664,8519400
2026-09-15,95.29000091552734,95.29000091552734,99.79000091552734,95.08000183105469,97.33999633789062,4573214
