Date,Adj Close,Close,High,Low,Open,Volume
2021-09-20,66.19149017333984,87.69000244140625,87.80999755859375,87.55000305175781,87.5999984741211,49641000
2021-09-21,66.30476379394531,87.83999633789062,87.87999725341797,87.68000030517578,87.83000183105469,27304200
2021-09-22,66.42549896240234,88.0,88.08000183105469,87.8499984741211,87.97000122070312,24344800
2021-09-23,66.45569610595703,88.04000091552734,88.16000366210938,87.95999908447266,88.05000305175781,27590300
2021-09-24,66.35761260986328,87.91000366210938,88.0199966430664,87.86000061035156,87.95999908447266,21713200
2021-09-27,66.29718017578125,87.83000183105469,87.88999938964844,87.7300033569336,87.76000213623047,17652900
2021-09-28,65.99523162841797,87.43000030517578,87.69999694824219,87.37999725341797,87.66000366210938,35515900
2021-09-29,66.11599731445312,87.58999633789062,87.70999908447266,87.51000213623047,87.52999877929688,19783400
2021-09-30,66.04053497314453,87.48999786376953,87.68000030517578,87.37999725341797,87.63999938964844,41680700
2021-10-01,66.19886016845703,87.41000366210938,87.4800033569336,87.13999938964844,87.3499984741211,30062800
2021-10-04,65.96405029296875,87.0999984741211,87.37999725341797,87.08000183105469,87.3499984741211,24726400
2021-10-05,65.93376922607422,87.05999755859375,87.22000122070312,87.02999877929688,87.19000244140625,22347700
2021-10-06,65.89588928222656,87.01000213623047,87.04000091552734,86.7699966430664,86.87000274658203,28905900
2021-10-07,65.90347290039062,87.0199966430664,87.30000305175781,86.95999908447266,87.12999725341797,29054000
2021-10-08,65.70655059814453,86.76000213623047,87.05000305175781,86.76000213623047,87.0,28064300
2021-10-11,65.5020523071289,86.48999786376953,86.80999755859375,86.48999786376953,86.76000213623047,16068400
2021-10-12,65.62326049804688,86.6500015258789,86.7699966430664,86.58000183105469,86.5999984741211,32922200
2021-10-13,65.79743194580078,86.87999725341797,86.87999725341797,86.55999755859375,86.69999694824219,29370400
2021-10-14,66.16851806640625,87.37000274658203,87.37999725341797,87.04000091552734,87.05000305175781,26937000
2021-10-15,66.054931640625,87.22000122070312,87.38999938964844,87.16999816894531,87.38999938964844,29782900
2021-10-18,66.02465057373047,87.18000030517578,87.18000030517578,86.98999786376953,87.0199966430664,20338400
2021-10-19,66.07007598876953,87.23999786376953,87.25,87.12000274658203,87.18000030517578,26103300
2021-10-20,66.09278869628906,87.2699966430664,87.29000091552734,87.19000244140625,87.25,19720100
2021-10-21,65.92616271972656,87.05000305175781,87.29000091552734,86.98999786376953,87.25,19273600
2021-10-22,65.76715087890625,86.83999633789062,87.05999755859375,86.80000305175781,87.0199966430664,20734400
2021-10-25,65.88075256347656,86.98999786376953,87.08000183105469,86.7699966430664,86.94000244140625,20230000
2021-10-26,65.89588928222656,87.01000213623047,87.19999694824219,87.01000213623047,87.12000274658203,19617200
2021-10-27,65.8428955078125,86.94000244140625,87.12999725341797,86.93000030517578,87.0999984741211,18521300
2021-10-28,66.0094985961914,87.16000366210938,87.16000366210938,86.9800033569336,86.9800033569336,16374700
2021-10-29,65.8353042602539,86.93000030517578,87.05000305175781,86.93000030517578,87.0199966430664,26521600
2021-11-01,65.7646713256836,86.55999755859375,86.77999877929688,86.55000305175781,86.7300033569336,29987000
2021-11-02,65.92420196533203,86.7699966430664,86.83999633789062,86.55999755859375,86.55999755859375,26441600
2021-11-03,66.05337524414062,86.94000244140625,86.95999908447266,86.69000244140625,86.70999908447266,22984200
2021-11-04,66.22811889648438,87.16999816894531,87.55999755859375,87.0,87.0199966430664,28989800
2021-11-05,66.47884368896484,87.5,87.5199966430664,87.25,87.30000305175781,27595000
2021-11-08,66.395263671875,87.38999938964844,87.61000061035156,87.33999633789062,87.58999633789062,11957900
2021-11-09,66.44841003417969,87.45999908447266,87.45999908447266,87.27999877929688,87.38999938964844,13732600
2021-11-10,66.07613372802734,86.97000122070312,87.3499984741211,86.94000244140625,87.3499984741211,30438400
2021-11-11,65.96219635009766,86.81999969482422,87.04000091552734,86.81999969482422,87.02999877929688,10086100
2021-11-12,65.98497009277344,86.8499984741211,87.05000305175781,86.83999633789062,86.91999816894531,26392400
2021-11-15,65.90902709960938,86.75,86.91999816894531,86.7300033569336,86.91000366210938,17057100
2021-11-16,65.93940734863281,86.79000091552734,86.87000274658203,86.73999786376953,86.7699966430664,14302000
2021-11-17,65.87104797363281,86.69999694824219,86.83999633789062,86.69999694824219,86.81999969482422,17919200
2021-11-18,65.81781768798828,86.62999725341797,86.80999755859375,86.62999725341797,86.80999755859375,23421300
2021-11-19,65.7646713256836,86.55999755859375,86.7699966430664,86.55999755859375,86.62999725341797,45282700
2021-11-22,65.51396179199219,86.2300033569336,86.66999816894531,86.22000122070312,86.63999938964844,26266000
2021-11-23,65.42273712158203,86.11000061035156,86.37000274658203,86.02999877929688,86.2300033569336,33967100
2021-11-24,65.40753173828125,86.08999633789062,86.11000061035156,85.76000213623047,86.0,31158800
2021-11-26,64.9365234375,85.47000122070312,85.62000274658203,85.33999633789062,85.61000061035156,36123400
2021-11-29,65.3392105102539,86.0,86.12999725341797,85.76000213623047,85.80999755859375,31728900
2021-11-30,65.0656967163086,85.63999938964844,86.06999969482422,85.5199966430664,85.95999908447266,35465700
2021-12-01,65.07481384277344,85.37000274658203,85.94000244140625,85.31999969482422,85.7699966430664,41845200
2021-12-02,65.55506896972656,86.0,86.05999755859375,85.41000366210938,85.41999816894531,42383500
2021-12-03,65.55506896972656,86.0,86.0999984741211,85.83000183105469,86.05000305175781,47368800
2021-12-06,65.84469604492188,86.37999725341797,86.4800033569336,86.0,86.02999877929688,28211300
2021-12-07,66.19532775878906,86.83999633789062,87.06999969482422,86.63999938964844,86.70999908447266,42893500
2021-12-08,66.18009948730469,86.81999969482422,86.87000274658203,86.68000030517578,86.77999877929688,26598200
2021-12-09,65.8828353881836,86.43000030517578,86.80000305175781,86.43000030517578,86.80000305175781,24939100
2021-12-10,66.03526306152344,86.62999725341797,86.66000366210938,86.52999877929688,86.55999755859375,20247200
2021-12-13,66.03526306152344,86.62999725341797,86.70999908447266,86.55999755859375,86.62999725341797,17125800
2021-12-14,65.92095947265625,86.4800033569336,86.58999633789062,86.33000183105469,86.5,20310500
2021-12-15,66.17247009277344,86.80999755859375,86.83999633789062,86.33000183105469,86.47000122070312,31699000
2021-12-16,66.12352752685547,86.44999694824219,86.62999725341797,86.38999938964844,86.55000305175781,27374000
2021-12-17,66.06236267089844,86.37000274658203,86.51000213623047,86.20999908447266,86.36000061035156,27248200
2021-12-20,65.94760131835938,86.22000122070312,86.29000091552734,86.08999633789062,86.12999725341797,27560400
2021-12-21,66.2994613647461,86.68000030517578,86.69000244140625,86.33999633789062,86.33999633789062,24390500
2021-12-22,66.47537231445312,86.91000366210938,86.93000030517578,86.63999938964844,86.6500015258789,17433300
2021-12-23,66.6666030883789,87.16000366210938,87.20999908447266,86.94000244140625,86.95999908447266,15612100
2021-12-27,66.73542785644531,87.25,87.31999969482422,87.12999725341797,87.16999816894531,13396700
2021-12-28,66.70482635498047,87.20999908447266,87.23999786376953,87.08000183105469,87.22000122070312,17150700
2021-12-29,66.59774017333984,87.06999969482422,87.18000030517578,87.05000305175781,87.1500015258789,16760300
2021-12-30,66.567138671875,87.02999877929688,87.0999984741211,86.98999786376953,87.0999984741211,12326100
2021-12-31,66.55186462402344,87.01000213623047,87.12000274658203,86.9800033569336,87.05999755859375,11505300
2022-01-03,66.52127075195312,86.97000122070312,86.97000122070312,86.76000213623047,86.91999816894531,35368400
2022-01-04,66.35299682617188,86.75,87.0,86.66999816894531,87.0,33609900
2022-01-05,65.84053039550781,86.08000183105469,86.77999877929688,86.08000183105469,86.73999786376953,44808500
2022-01-06,65.84815979003906,86.08999633789062,86.31999969482422,86.05000305175781,86.0999984741211,42823200
2022-01-07,65.67991638183594,85.87000274658203,86.0999984741211,85.86000061035156,86.08999633789062,34630100
2022-01-10,65.73345184326172,85.94000244140625,85.95999908447266,85.37000274658203,85.76000213623047,52621800
2022-01-11,66.03937530517578,86.33999633789062,86.33999633789062,85.75,85.98999786376953,32513100
2022-01-12,66.14647674560547,86.4800033569336,86.5199966430664,86.33999633789062,86.47000122070312,24621400
2022-01-13,65.90937805175781,86.16999816894531,86.5,86.13999938964844,86.45999908447266,31699700
2022-01-14,65.84815979003906,86.08999633789062,86.2300033569336,86.0,86.11000061035156,31046200
2022-01-18,65.52690124511719,85.66999816894531,85.8499984741211,85.61000061035156,85.83999633789062,46331500
2022-01-19,65.46575164794922,85.58999633789062,85.95999908447266,85.55999755859375,85.81999969482422,31390200
2022-01-20,65.3433609008789,85.43000030517578,85.97000122070312,85.41000366210938,85.75,38217700
2022-01-21,65.35100555419922,85.44000244140625,85.5999984741211,85.33000183105469,85.43000030517578,57098000
2022-01-24,65.28215789794922,85.3499984741211,85.41000366210938,84.7699966430664,85.19000244140625,79230800
2022-01-25,65.0909652709961,85.0999984741211,85.29000091552734,84.9000015258789,85.08999633789062,43642700
2022-01-26,64.86913299560547,84.80999755859375,85.87000274658203,84.69999694824219,85.47000122070312,63574900
2022-01-27,64.58614349365234,84.44000244140625,85.12000274658203,84.25,85.0199966430664,47351000
2022-01-28,64.76969146728516,84.68000030517578,84.69000244140625,83.94999694824219,84.25,51496700
2022-01-31,64.78497314453125,84.69999694824219,84.83000183105469,84.22000122070312,84.5,78932100
2022-02-01,65.04216003417969,84.7300033569336,84.77999877929688,84.37000274658203,84.6500015258789,42377300
2022-02-02,65.14196014404297,84.86000061035156,84.95999908447266,84.61000061035156,84.9000015258789,29261500
2022-02-03,64.55854034423828,84.0999984741211,84.54000091552734,84.08999633789062,84.47000122070312,44760800
2022-02-04,64.30520629882812,83.7699966430664,83.9000015258789,83.19999694824219,83.76000213623047,65508300
2022-02-07,64.25916290283203,83.70999908447266,83.86000061035156,83.41999816894531,83.54000091552734,37620700
2022-02-08,64.1900863647461,83.62000274658203,83.8499984741211,83.58000183105469,83.77999877929688,39549000
2022-02-09,64.52784729003906,84.05999755859375,84.12000274658203,83.94000244140625,83.94000244140625,37641800
2022-02-10,63.67578887939453,82.94999694824219,83.83000183105469,82.94000244140625,83.54000091552734,57751400
2022-02-11,63.45315170288086,82.66000366210938,83.25,82.44999694824219,83.2300033569336,58997100
2022-02-14,63.34566116333008,82.5199966430664,82.83000183105469,82.22000122070312,82.6500015258789,36550200
2022-02-15,63.45315170288086,82.66000366210938,82.80999755859375,82.55999755859375,82.73999786376953,32724800
2022-02-16,63.80622863769531,83.12000274658203,83.18000030517578,82.54000091552734,82.61000061035156,38996000
2022-02-17,63.537574768066406,82.7699966430664,82.97000122070312,82.70999908447266,82.97000122070312,30755200
2022-02-18,63.62970733642578,82.88999938964844,82.98999786376953,82.62000274658203,82.69000244140625,43848800
2022-02-22,63.483863830566406,82.69999694824219,83.05000305175781,82.58999633789062,82.83999633789062,37004300
2022-02-23,63.36870193481445,82.55000305175781,82.91000366210938,82.52999877929688,82.8499984741211,36545400
2022-02-24,63.821598052978516,83.13999938964844,83.18000030517578,81.83000183105469,81.91000366210938,56132500
2022-02-25,64.18240356445312,83.61000061035156,83.62999725341797,83.22000122070312,83.22000122070312,44118800
2022-02-28,64.22847747802734,83.66999816894531,83.87999725341797,83.22000122070312,83.22000122070312,54006400
2022-03-01,64.0489273071289,83.12999725341797,83.63999938964844,82.94999694824219,83.43000030517578,43268500
2022-03-02,64.20303344726562,83.33000183105469,83.36000061035156,82.94000244140625,83.08000183105469,41489200
2022-03-03,64.01042175292969,83.08000183105469,83.5,82.20999908447266,83.4800033569336,23594200
2022-03-04,63.59435272216797,82.54000091552734,82.94000244140625,82.4800033569336,82.94000244140625,32141100
2022-03-07,63.03963088989258,81.81999969482422,82.41000366210938,81.75,82.38999938964844,43675900
2022-03-08,62.81620407104492,81.52999877929688,82.08999633789062,81.5,81.87999725341797,57474500
2022-03-09,63.34010314941406,82.20999908447266,82.31999969482422,81.8499984741211,82.01000213623047,31143000
2022-03-10,62.80850601196289,81.5199966430664,81.87000274658203,81.41999816894531,81.76000213623047,46408900
2022-03-11,62.353904724121094,80.93000030517578,81.6500015258789,80.86000061035156,81.62999725341797,40097000
2022-03-14,61.614261627197266,79.97000122070312,80.87000274658203,79.87999725341797,80.8499984741211,61536700
2022-03-15,62.07655334472656,80.56999969482422,80.76000213623047,80.0999984741211,80.12999725341797,57385300
2022-03-16,62.947174072265625,81.69999694824219,81.73999786376953,80.55000305175781,80.95999908447266,66254800
2022-03-17,63.37864303588867,82.26000213623047,82.30000305175781,81.75,81.7699966430664,48573700
2022-03-18,63.586669921875,82.52999877929688,82.54000091552734,81.94999694824219,82.0999984741211,59780500
2022-03-21,62.85471725463867,81.58000183105469,82.44999694824219,81.41999816894531,82.38999938964844,62364300
2022-03-22,63.17831802368164,82.0,82.06999969482422,81.5,81.66000366210938,40148600
2022-03-23,62.977989196777344,81.73999786376953,82.01000213623047,81.58999633789062,81.86000061035156,36294900
2022-03-24,63.10898208618164,81.91000366210938,81.94000244140625,81.5199966430664,81.7300033569336,18435800
2022-03-25,62.654396057128906,81.31999969482422,81.91999816894531,81.26000213623047,81.91999816894531,36497500
2022-03-28,63.04733657836914,81.83000183105469,81.8499984741211,81.26000213623047,81.27999877929688,26886100
2022-03-29,63.825531005859375,82.83999633789062,82.86000061035156,82.1500015258789,82.19999694824219,49781100
2022-03-30,63.63289260864258,82.58999633789062,82.69999694824219,82.38999938964844,82.62000274658203,43905200
2022-03-31,63.40174865722656,82.29000091552734,82.7300033569336,82.2699966430664,82.69000244140625,40717600
2022-04-01,63.397132873535156,81.94999694824219,82.02999877929688,81.6500015258789,81.83000183105469,31316100
2022-04-04,63.87674331665039,82.56999969482422,82.58000183105469,82.0,82.0199966430664,32710900
2022-04-05,63.048988342285156,81.5,82.47000122070312,81.47000122070312,82.38999938964844,51886400
2022-04-06,62.553871154785156,80.86000061035156,81.4000015258789,80.69000244140625,80.94000244140625,67118000
2022-04-07,62.453330993652344,80.7300033569336,81.04000091552734,80.72000122070312,80.94000244140625,42831400
2022-04-08,62.074256896972656,80.23999786376953,80.7300033569336,80.2300033569336,80.4800033569336,42177200
2022-04-11,61.64876937866211,79.69000244140625,80.06999969482422,79.58000183105469,79.9800033569336,42293400
2022-04-12,62.12066650390625,80.30000305175781,80.62000274658203,80.06999969482422,80.23999786376953,38031000
2022-04-13,62.492008209228516,80.77999877929688,80.87999725341797,80.37999725341797,80.44000244140625,31635500
2022-04-14,62.074256896972656,80.23999786376953,80.88999938964844,80.02999877929688,80.77999877929688,45130400
2022-04-18,61.973670959472656,80.11000061035156,80.36000061035156,80.0,80.16000366210938,20864100
2022-04-19,61.919525146484375,80.04000091552734,80.19000244140625,79.86000061035156,79.95999908447266,29920800
2022-04-20,62.1129264831543,80.29000091552734,80.44000244140625,80.16000366210938,80.27999877929688,25769700
2022-04-21,61.68743133544922,79.73999786376953,80.54000091552734,79.66999816894531,80.48999786376953,38695100
2022-04-22,61.31611251831055,79.26000213623047,79.66000366210938,79.16999816894531,79.63999938964844,28243000
2022-04-25,61.83441925048828,79.93000030517578,80.0,79.2699966430664,79.4000015258789,35914500
2022-04-26,61.470848083496094,79.45999908447266,79.9000015258789,79.44999694824219,79.9000015258789,31171600
2022-04-27,61.16913986206055,79.06999969482422,79.66999816894531,78.98999786376953,79.47000122070312,37598600
2022-04-28,61.50949478149414,79.51000213623047,79.62999725341797,78.94000244140625,79.23999786376953,30808800
2022-04-29,60.75136184692383,78.52999877929688,79.25,78.4800033569336,79.13999938964844,35697100
2022-05-02,60.755245208740234,78.2300033569336,78.30000305175781,77.83000183105469,78.16000366210938,38674400
2022-05-03,61.07367706298828,78.63999938964844,78.76000213623047,78.3499984741211,78.4000015258789,42665700
2022-05-04,61.69497299194336,79.44000244140625,79.6500015258789,78.08000183105469,78.6500015258789,55154900
2022-05-05,60.599952697753906,78.02999877929688,79.0199966430664,77.80999755859375,78.97000122070312,53807900
2022-05-06,60.258201599121094,77.58999633789062,78.0,77.41000366210938,77.62999725341797,39256900
2022-05-09,59.62138366699219,76.7699966430664,77.30999755859375,76.72000122070312,77.12999725341797,38442700
2022-05-10,59.963096618652344,77.20999908447266,77.52999877929688,76.83999633789062,77.38999938964844,48419700
2022-05-11,59.605857849121094,76.75,77.48999786376953,76.73999786376953,77.0,42473500
2022-05-12,59.58255386352539,76.72000122070312,76.9800033569336,76.4000015258789,76.66000366210938,49069700
2022-05-13,59.65243148803711,76.80999755859375,77.05999755859375,76.43000030517578,76.9800033569336,49084400
2022-05-16,59.567012786865234,76.69999694824219,76.95999908447266,76.56999969482422,76.83999633789062,33300100
2022-05-17,59.51264953613281,76.62999725341797,76.87000274658203,76.44000244140625,76.86000061035156,41666500
2022-05-18,59.02336883544922,76.0,76.25,75.91000366210938,76.20999908447266,47647800
2022-05-19,59.41947937011719,76.51000213623047,76.66999816894531,75.87000274658203,75.94999694824219,53929100
2022-05-20,59.38062286376953,76.45999908447266,76.80000305175781,76.2300033569336,76.77999877929688,56691000
2022-05-23,59.61362075805664,76.76000213623047,76.86000061035156,76.58000183105469,76.63999938964844,29917100
2022-05-24,59.970848083496094,77.22000122070312,77.26000213623047,76.55000305175781,76.58000183105469,42246500
2022-05-25,60.879520416259766,78.38999938964844,78.44000244140625,77.2699966430664,77.30999755859375,56661500
2022-05-26,61.726043701171875,79.4800033569336,79.5199966430664,78.47000122070312,78.68000030517578,64773400
2022-05-27,62.277442932128906,80.19000244140625,80.19000244140625,79.61000061035156,79.80000305175781,52813100
2022-05-31,61.74156188964844,79.5,79.86000061035156,79.31999969482422,79.73999786376953,68424700
2022-06-01,61.51314163208008,78.9000015258789,79.44999694824219,78.75,79.2300033569336,87646100
2022-06-02,61.770416259765625,79.2300033569336,79.23999786376953,78.69000244140625,78.91999816894531,34752500
2022-06-03,61.310420989990234,78.63999938964844,78.87000274658203,78.5199966430664,78.87000274658203,36008000
2022-06-06,60.85044479370117,78.05000305175781,78.80000305175781,77.95999908447266,78.77999877929688,35756100
2022-06-07,60.990753173828125,78.2300033569336,78.31999969482422,77.7300033569336,77.79000091552734,31499900
2022-06-08,60.46841812133789,77.55999755859375,78.06999969482422,77.45999908447266,78.04000091552734,25361600
2022-06-09,59.98507308959961,76.94000244140625,77.51000213623047,76.79000091552734,77.26000213623047,49468700
2022-06-10,58.96373748779297,75.62999725341797,76.22000122070312,75.27999877929688,76.19999694824219,59907000
2022-06-13,56.99123764038086,73.0999984741211,74.30999755859375,72.88999938964844,74.25,122714600
2022-06-14,57.3654899597168,73.58000183105469,74.2300033569336,73.05000305175781,73.44999694824219,62818600
2022-06-15,58.480369567871094,75.01000213623047,75.38999938964844,74.04000091552734,74.19999694824219,70628200
2022-06-16,57.55258560180664,73.81999969482422,74.1500015258789,73.22000122070312,73.9000015258789,61583400
2022-06-17,57.731910705566406,74.05000305175781,74.56999969482422,73.80999755859375,73.98999786376953,49281000
2022-06-21,57.692928314208984,74.0,74.66999816894531,73.93000030517578,74.5,45924600
2022-06-22,57.67732238769531,73.9800033569336,74.25,73.80999755859375,73.87000274658203,38204800
2022-06-23,58.090553283691406,74.51000213623047,74.58000183105469,74.08000183105469,74.19000244140625,30961800
2022-06-24,58.50374984741211,75.04000091552734,75.36000061035156,74.58999633789062,74.75,38198600
2022-06-27,58.145103454589844,74.58000183105469,75.0999984741211,74.58000183105469,75.0999984741211,25658200
2022-06-28,57.50581359863281,73.76000213623047,74.79000091552734,73.75,74.69000244140625,39303800
2022-06-29,57.420040130615234,73.6500015258789,73.79000091552734,73.43000030517578,73.72000122070312,36806800
2022-06-30,57.388885498046875,73.61000061035156,73.83000183105469,73.05999755859375,73.33000183105469,45139900
2022-07-01,57.93629837036133,73.9800033569336,74.2300033569336,73.44999694824219,73.5,38849300
2022-07-05,57.8814582824707,73.91000366210938,73.9800033569336,73.02999877929688,73.51000213623047,38316200
2022-07-06,57.662193298339844,73.62999725341797,74.0,73.5199966430664,73.79000091552734,44706000
2022-07-07,58.60196304321289,74.83000183105469,74.87999725341797,74.02999877929688,74.08999633789062,44430400
2022-07-08,58.64894485473633,74.88999938964844,74.95999908447266,74.36000061035156,74.55999755859375,31230300
2022-07-11,58.32002639770508,74.47000122070312,74.91999816894531,74.44999694824219,74.80000305175781,28213700
2022-07-12,58.55496597290039,74.7699966430664,74.9000015258789,74.5,74.55999755859375,24036500
2022-07-13,58.49231719970703,74.69000244140625,74.91999816894531,73.91999816894531,74.0,46874900
2022-07-14,58.382652282714844,74.55000305175781,74.62999725341797,73.61000061035156,74.08000183105469,53953100
2022-07-15,59.12664794921875,75.5,75.5,74.76000213623047,74.7699966430664,48360800
2022-07-18,58.55496597290039,74.7699966430664,75.72000122070312,74.69000244140625,75.69000244140625,33302800
2022-07-19,59.33028030395508,75.76000213623047,75.94000244140625,75.04000091552734,75.04000091552734,31028200
2022-07-20,59.58869171142578,76.08999633789062,76.62000274658203,75.87999725341797,76.05999755859375,82881900
2022-07-21,60.29350280761719,76.98999786376953,77.05999755859375,75.93000030517578,76.0199966430664,52282000
2022-07-22,60.21519088745117,76.88999938964844,77.54000091552734,76.6500015258789,77.11000061035156,51055800
2022-07-25,60.19953155517578,76.87000274658203,77.08999633789062,76.6500015258789,76.94999694824219,26032000
2022-07-26,59.776649475097656,76.33000183105469,76.70999908447266,76.27999877929688,76.62000274658203,24151200
2022-07-27,60.43447494506836,77.16999816894531,77.47000122070312,76.66999816894531,76.66999816894531,35075700
2022-07-28,61.053165435791016,77.95999908447266,78.0199966430664,77.2300033569336,77.54000091552734,42335900
2022-07-29,61.233272552490234,78.19000244140625,78.3499984741211,77.75,77.95999908447266,33606800
2022-08-01,61.25212097167969,77.91000366210938,78.08000183105469,77.51000213623047,77.63999938964844,31595600
2022-08-02,60.969112396240234,77.55000305175781,77.86000061035156,77.5,77.7699966430664,40604400
2022-08-03,61.503719329833984,78.2300033569336,78.25,77.56999969482422,77.77999877929688,35660900
2022-08-04,61.668827056884766,78.44000244140625,78.44999694824219,78.11000061035156,78.33999633789062,24386400
2022-08-05,61.35432815551758,78.04000091552734,78.11000061035156,77.38999938964844,77.5,31006700
2022-08-08,61.40937042236328,78.11000061035156,78.6500015258789,78.05000305175781,78.33999633789062,19465600
2022-08-09,60.95337677001953,77.52999877929688,77.95999908447266,77.5,77.93000030517578,24675700
2022-08-10,61.865352630615234,78.69000244140625,78.7699966430664,78.38999938964844,78.5199966430664,38121800
2022-08-11,61.511600494384766,78.23999786376953,79.31999969482422,78.12999725341797,79.19999694824219,37778700
2022-08-12,62.06190872192383,78.94000244140625,78.97000122070312,78.29000091552734,78.5199966430664,16912300
2022-08-15,61.95185089111328,78.80000305175781,79.0,78.6500015258789,78.81999969482422,18441100
2022-08-16,61.660972595214844,78.43000030517578,78.7300033569336,78.26000213623047,78.7300033569336,22963200
2022-08-17,61.02413558959961,77.62000274658203,78.04000091552734,77.58999633789062,77.87999725341797,28774600
2022-08-18,61.118492126464844,77.73999786376953,77.87999725341797,77.66000366210938,77.80999755859375,19089300
2022-08-19,60.49740219116211,76.94999694824219,77.37000274658203,76.77999877929688,77.33000183105469,45428900
2022-08-22,59.81340408325195,76.08000183105469,76.4000015258789,76.01000213623047,76.36000061035156,42014200
2022-08-23,59.96279525756836,76.2699966430664,76.4000015258789,75.83000183105469,76.0999984741211,33240000
2022-08-24,60.03356170654297,76.36000061035156,76.5,76.16000366210938,76.23999786376953,16917400
2022-08-25,60.5996208190918,77.08000183105469,77.13999938964844,76.44999694824219,76.58000183105469,20080000
2022-08-26,59.601139068603516,75.80999755859375,77.12000274658203,75.73999786376953,77.12000274658203,34460600
2022-08-29,59.37314987182617,75.5199966430664,75.7699966430664,75.26000213623047,75.3499984741211,28020200
2022-08-30,58.91716766357422,74.94000244140625,75.66000366210938,74.69999694824219,75.5999984741211,66233900
2022-08-31,58.594825744628906,74.52999877929688,75.12000274658203,74.51000213623047,74.97000122070312,39161800
2022-09-01,58.749671936035156,74.36000061035156,74.41000366210938,73.61000061035156,73.94999694824219,38499700
2022-09-02,58.71016311645508,74.30999755859375,75.06999969482422,74.2300033569336,75.0,22364500
2022-09-06,58.5521354675293,74.11000061035156,74.38999938964844,73.8499984741211,74.30999755859375,28820900
2022-09-07,59.39753723144531,75.18000030517578,75.19000244140625,74.19000244140625,74.20999908447266,26853200
2022-09-08,59.65825653076172,75.51000213623047,75.55000305175781,74.77999877929688,74.9000015258789,26928000
2022-09-09,59.895263671875,75.80999755859375,76.16999816894531,75.62999725341797,75.87999725341797,29526800
2022-09-12,60.07698440551758,76.04000091552734,76.2300033569336,75.7699966430664,76.08000183105469,30276100
2022-09-13,58.71016311645508,74.30999755859375,75.16999816894531,74.27999877929688,74.9800033569336,47111300
2022-09-14,58.797061920166016,74.41999816894531,74.91000366210938,74.30999755859375,74.36000061035156,29672400
2022-09-15,58.42573165893555,73.94999694824219,74.44000244140625,73.91000366210938,74.29000091552734,46282300
2022-09-16,58.62325668334961,74.19999694824219,74.19999694824219,73.37000274658203,73.5,56479900
2022-09-19,58.84447479248047,74.4800033569336,74.48999786376953,73.83999633789062,73.91000366210938,26891900
2022-09-20,58.24403381347656,73.72000122070312,74.06999969482422,73.66999816894531,74.0199966430664,32769500
2022-09-21,58.07020950317383,73.5,74.23999786376953,73.16000366210938,73.9000015258789,37851300
2022-09-22,57.722572326660156,73.05999755859375,73.38999938964844,72.80000305175781,73.25,48278100
2022-09-23,56.98780059814453,72.12999725341797,72.7300033569336,71.87999725341797,72.55999755859375,53312000
2022-09-26,56.31623840332031,71.27999877929688,72.18000030517578,71.26000213623047,71.91999816894531,42287400
2022-09-27,56.19773483276367,71.12999725341797,71.91999816894531,70.9000015258789,71.88999938964844,45295500
2022-09-28,57.20113754272461,72.4000015258789,72.48999786376953,71.44000244140625,71.66999816894531,48935800
2022-09-29,56.66389465332031,71.72000122070312,71.97000122070312,71.31999969482422,71.93000030517578,38068800
2022-09-30,56.40314865112305,71.38999938964844,72.27999877929688,71.37999725341797,71.7300033569336,42928700
2022-10-03,57.142333984375,71.97000122070312,72.12999725341797,71.45999908447266,71.5999984741211,48967900
2022-10-04,58.373008728027344,73.5199966430664,73.52999877929688,72.7699966430664,72.9000015258789,45901300
2022-10-05,58.14275360107422,73.2300033569336,73.4000015258789,72.61000061035156,72.91999816894531,47833500
2022-10-06,57.96807098388672,73.01000213623047,73.45999908447266,72.9000015258789,73.1500015258789,37196000
2022-10-07,57.2614631652832,72.12000274658203,72.7699966430664,72.0999984741211,72.56999969482422,33983000
2022-10-10,56.56275177001953,71.23999786376953,72.11000061035156,70.91999816894531,72.06999969482422,37759700
2022-10-11,56.7374153137207,71.45999908447266,72.0199966430664,71.29000091552734,71.37999725341797,46344600
2022-10-12,56.83271408081055,71.58000183105469,71.8499984741211,71.41000366210938,71.41000366210938,32784800
2022-10-13,56.959720611572266,71.73999786376953,71.91000366210938,70.4000015258789,70.47000122070312,48832500
2022-10-14,56.77712631225586,71.51000213623047,72.37000274658203,71.33000183105469,72.19000244140625,37152100
2022-10-17,57.475826263427734,72.38999938964844,72.5999984741211,72.13999938964844,72.1500015258789,33820000
2022-10-18,57.8807373046875,72.9000015258789,73.30999755859375,72.58000183105469,73.12999725341797,37648400
2022-10-19,57.32496643066406,72.19999694824219,72.63999938964844,71.9800033569336,72.4000015258789,33194000
2022-10-20,57.00737762451172,71.80000305175781,72.75,71.7300033569336,72.20999908447266,47281100
2022-10-21,57.55522155761719,72.48999786376953,72.58000183105469,71.55999755859375,71.58999633789062,60211200
2022-10-24,57.59489440917969,72.54000091552734,72.7300033569336,72.16000366210938,72.55999755859375,29551200
2022-10-25,58.15070343017578,73.23999786376953,73.25,72.69999694824219,72.72000122070312,37459200
2022-10-26,58.30951690673828,73.44000244140625,73.70999908447266,72.94999694824219,73.05999755859375,50552100
2022-10-27,58.73822021484375,73.9800033569336,74.13999938964844,73.36000061035156,73.62000274658203,49481500
2022-10-28,59.19078063964844,74.55000305175781,74.69000244140625,74.12000274658203,74.25,123446800
2022-10-31,58.30155944824219,73.43000030517578,74.18000030517578,73.41999816894531,74.16999816894531,60269700
2022-11-01,58.65224075317383,73.58999633789062,73.94999694824219,73.20999908447266,73.94000244140625,39586700
2022-11-02,58.11824417114258,72.91999816894531,74.29000091552734,72.87999725341797,73.55999755859375,50659500
2022-11-03,57.70379638671875,72.4000015258789,72.63999938964844,71.88999938964844,72.16999816894531,37507100
2022-11-04,58.102298736572266,72.9000015258789,73.20999908447266,72.4000015258789,72.87000274658203,39849100
2022-11-07,58.09434509277344,72.88999938964844,73.11000061035156,72.68000030517578,73.05000305175781,24913000
2022-11-08,58.038543701171875,72.81999969482422,73.06999969482422,72.58999633789062,72.94999694824219,39489200
2022-11-09,57.34513854980469,71.94999694824219,72.73999786376953,71.81999969482422,72.5999984741211,45728900
2022-11-10,59.13044738769531,74.19000244140625,74.2699966430664,73.45999908447266,73.9800033569336,67165700
2022-11-11,59.33765411376953,74.44999694824219,74.69000244140625,73.93000030517578,74.22000122070312,20934800
2022-11-14,58.8993034362793,73.9000015258789,74.29000091552734,73.87000274658203,74.25,37932800
2022-11-15,59.41736602783203,74.55000305175781,74.69999694824219,74.06999969482422,74.63999938964844,50673700
2022-11-16,59.28984832763672,74.38999938964844,74.56999969482422,74.30999755859375,74.48999786376953,31124900
2022-11-17,59.03480911254883,74.06999969482422,74.16999816894531,73.7300033569336,73.80999755859375,34338000
2022-11-18,59.16231155395508,74.2300033569336,74.45999908447266,74.0199966430664,74.45999908447266,31663800
2022-11-21,59.13841247558594,74.19999694824219,74.3499984741211,74.0199966430664,74.1500015258789,19070500
2022-11-22,59.568790435791016,74.73999786376953,74.79000091552734,74.26000213623047,74.33999633789062,24572500
2022-11-23,59.90354919433594,75.16000366210938,75.30000305175781,74.66000366210938,74.68000030517578,30316300
2022-11-25,59.784000396728516,75.01000213623047,75.18000030517578,74.9000015258789,75.1500015258789,9465900
2022-11-28,59.154361724853516,74.22000122070312,74.93000030517578,74.19000244140625,74.80000305175781,31668900
2022-11-29,59.409400939941406,74.54000091552734,74.5999984741211,74.08000183105469,74.22000122070312,27162300
2022-11-30,60.302059173583984,75.66000366210938,75.69000244140625,74.38999938964844,74.5999984741211,41702100
2022-12-01,60.52534866333008,75.62000274658203,75.66000366210938,75.18000030517578,75.56999969482422,42134200
2022-12-02,60.47736740112305,75.55999755859375,75.58999633789062,74.98999786376953,74.98999786376953,27535800
2022-12-05,59.901065826416016,74.83999633789062,75.30000305175781,74.69000244140625,75.27999877929688,29736500
2022-12-06,59.68496322631836,74.56999969482422,75.0,74.43000030517578,74.87000274658203,24976800
2022-12-07,60.01311492919922,74.9800033569336,75.06999969482422,74.55000305175781,74.55000305175781,24614200
2022-12-08,60.06114196777344,75.04000091552734,75.13999938964844,74.80000305175781,75.06999969482422,23839500
2022-12-09,60.06114196777344,75.04000091552734,75.31999969482422,74.81999969482422,74.81999969482422,20687300
2022-12-12,60.29325485229492,75.33000183105469,75.4000015258789,75.0999984741211,75.22000122070312,22415700
2022-12-13,60.91755676269531,76.11000061035156,76.69999694824219,75.69000244140625,76.61000061035156,45923300
2022-12-14,60.573387145996094,75.68000030517578,76.20999908447266,75.22000122070312,76.01000213623047,57177300
2022-12-15,60.34489440917969,75.0,75.11000061035156,74.62999725341797,74.91000366210938,41666500
2022-12-16,60.02306365966797,74.5999984741211,74.80999755859375,74.41000366210938,74.56999969482422,38197100
2022-12-19,59.717281341552734,74.22000122070312,74.45999908447266,74.05999755859375,74.30999755859375,24135100
2022-12-20,59.564422607421875,74.02999877929688,74.19000244140625,73.69000244140625,73.8499984741211,32917800
2022-12-21,60.07133483886719,74.66000366210938,74.80000305175781,74.33999633789062,74.4000015258789,23211500
2022-12-22,59.701202392578125,74.19999694824219,74.48999786376953,73.91999816894531,74.37000274658203,26893700
2022-12-23,59.854103088378906,74.38999938964844,74.44999694824219,73.94999694824219,74.08000183105469,13196500
2022-12-27,59.23453903198242,73.62000274658203,74.37000274658203,73.58000183105469,74.31999969482422,22108000
2022-12-28,58.437984466552734,72.62999725341797,73.83000183105469,72.58999633789062,73.73999786376953,41064800
2022-12-29,59.19430923461914,73.56999969482422,73.62000274658203,72.75,72.91999816894531,33378900
2022-12-30,59.24256896972656,73.62999725341797,73.66999816894531,73.27999877929688,73.31999969482422,15170300
2023-01-03,59.35521697998047,73.7699966430664,74.19000244140625,73.66000366210938,74.11000061035156,28787700
2023-01-04,60.03915023803711,74.62000274658203,74.66000366210938,73.98999786376953,74.26000213623047,37120100
2023-01-05,59.91845703125,74.47000122070312,74.54000091552734,74.18000030517578,74.36000061035156,35142000
2023-01-06,60.77131652832031,75.52999877929688,75.77999877929688,74.69999694824219,74.87000274658203,60041200
2023-01-09,60.988555908203125,75.80000305175781,75.95999908447266,75.63999938964844,75.75,35806900
2023-01-10,60.91616439819336,75.70999908447266,75.87000274658203,75.52999877929688,75.76000213623047,35695500
2023-01-11,61.31846618652344,76.20999908447266,76.25,75.8499984741211,76.0,31826700
2023-01-12,61.66440200805664,76.63999938964844,76.69999694824219,76.05000305175781,76.4000015258789,29404900
2023-01-13,61.66440200805664,76.63999938964844,76.7699966430664,76.22000122070312,76.26000213623047,26301500
2023-01-17,61.455238342285156,76.37999725341797,76.55000305175781,76.29000091552734,76.5199966430664,30961200
2023-01-18,61.527645111083984,76.47000122070312,77.08000183105469,76.44999694824219,76.8499984741211,52989700
2023-01-19,61.16557693481445,76.0199966430664,76.33000183105469,75.94999694824219,76.20999908447266,50070900
2023-01-20,61.2862663269043,76.16999816894531,76.16999816894531,75.7300033569336,76.0,36625400
2023-01-23,61.27824020385742,76.16000366210938,76.37000274658203,75.97000122070312,76.0999984741211,26764800
2023-01-24,61.31846618652344,76.20999908447266,76.25,75.87999725341797,76.01000213623047,27774500
2023-01-25,61.31039047241211,76.19999694824219,76.27999877929688,75.87999725341797,75.95999908447266,25857700
2023-01-26,61.463287353515625,76.38999938964844,76.47000122070312,76.08999633789062,76.36000061035156,25512400
2023-01-27,61.27824020385742,76.16000366210938,76.37000274658203,76.05000305175781,76.2699966430664,35813400
2023-01-30,60.94029998779297,75.73999786376953,76.02999877929688,75.72000122070312,75.87999725341797,32002000
2023-01-31,61.41499328613281,76.33000183105469,76.36000061035156,75.91999816894531,75.94000244140625,41006600
2023-02-01,62.06018829345703,76.76000213623047,76.9800033569336,75.77999877929688,75.9800033569336,46900900
2023-02-02,62.41591262817383,77.19999694824219,77.33999633789062,77.06999969482422,77.31999969482422,56399900
2023-02-03,61.76104736328125,76.38999938964844,76.86000061035156,76.33000183105469,76.5999984741211,39682300
2023-02-06,61.3648681640625,75.9000015258789,76.0999984741211,75.79000091552734,76.05999755859375,40944200
2023-02-07,61.58317184448242,76.16999816894531,76.36000061035156,75.77999877929688,75.83000183105469,37101300
2023-02-08,61.32442092895508,75.8499984741211,76.16000366210938,75.69000244140625,76.05999755859375,34066600
2023-02-09,60.92829132080078,75.36000061035156,76.11000061035156,75.29000091552734,76.11000061035156,42581900
2023-02-10,60.45933532714844,74.77999877929688,75.25,74.69000244140625,75.02999877929688,65905000
2023-02-13,60.61298751831055,74.97000122070312,75.22000122070312,74.75,74.83000183105469,38741300
2023-02-14,60.629150390625,74.98999786376953,75.19000244140625,74.51000213623047,74.83000183105469,54193600
2023-02-15,60.5321159362793,74.87000274658203,74.87999725341797,74.58000183105469,74.72000122070312,44897600
2023-02-16,60.04703140258789,74.2699966430664,74.58999633789062,74.2300033569336,74.54000091552734,89945400
2023-02-17,60.281490325927734,74.55999755859375,74.68000030517578,73.87000274658203,74.1500015258789,75910300
2023-02-21,59.351722717285156,73.41000366210938,74.02999877929688,73.11000061035156,73.8499984741211,98782400
2023-02-22,59.73979949951172,73.88999938964844,74.19000244140625,73.5999984741211,73.5999984741211,70093300
2023-02-23,60.330013275146484,74.62000274658203,74.7300033569336,74.12999725341797,74.2300033569336,47908100
2023-02-24,59.96619415283203,74.16999816894531,74.31999969482422,73.91999816894531,74.0,47576500
2023-02-27,60.370426177978516,74.66999816894531,74.7699966430664,74.37999725341797,74.5199966430664,40292000
2023-02-28,60.257240295410156,74.52999877929688,74.63999938964844,74.41999816894531,74.63999938964844,32999000
2023-03-01,60.08640670776367,73.87000274658203,74.0999984741211,73.69000244140625,74.08000183105469,45341400
2023-03-02,60.15962600708008,73.95999908447266,74.05000305175781,73.4800033569336,73.4800033569336,37886100
2023-03-03,60.77783966064453,74.72000122070312,74.80999755859375,74.16999816894531,74.29000091552734,50123300
2023-03-06,60.77783966064453,74.72000122070312,74.98999786376953,74.66000366210938,74.88999938964844,33430800
2023-03-07,60.346702575683594,74.19000244140625,74.7699966430664,74.18000030517578,74.7300033569336,40222100
2023-03-08,60.062042236328125,73.83999633789062,74.36000061035156,73.69000244140625,74.23999786376953,54303900
2023-03-09,59.728519439697266,73.43000030517578,74.22000122070312,73.3499984741211,73.91000366210938,52669500
2023-03-10,59.73666000366211,73.44000244140625,73.94999694824219,73.16999816894531,73.4800033569336,81516000
2023-03-13,59.41130065917969,73.04000091552734,73.9800033569336,72.83000183105469,73.19000244140625,78478100
2023-03-14,59.84239196777344,73.56999969482422,73.91000366210938,73.2699966430664,73.69000244140625,66395600
2023-03-15,59.64718246459961,73.33000183105469,73.4000015258789,72.61000061035156,72.80999755859375,81454700
2023-03-16,60.03761672973633,73.80999755859375,73.94999694824219,73.0199966430664,73.12999725341797,63386700
2023-03-17,59.679725646972656,73.37000274658203,73.77999877929688,73.23999786376953,73.44000244140625,55132200
2023-03-20,59.51703643798828,73.16999816894531,73.55999755859375,73.06999969482422,73.2300033569336,38540800
2023-03-21,60.16775131225586,73.97000122070312,74.08000183105469,73.5,73.6500015258789,38203400
2023-03-22,60.224693298339844,74.04000091552734,74.79000091552734,73.70999908447266,73.9800033569336,55263500
2023-03-23,59.98883056640625,73.75,74.37000274658203,73.5199966430664,74.02999877929688,54660900
2023-03-24,59.86679458618164,73.5999984741211,73.69000244140625,73.38999938964844,73.44999694824219,44225600
2023-03-27,59.720394134521484,73.41999816894531,73.86000061035156,73.41999816894531,73.75,30905100
2023-03-28,59.687862396240234,73.37999725341797,73.47000122070312,73.13999938964844,73.27999877929688,38277200
2023-03-29,60.43616485595703,74.30000305175781,74.30999755859375,73.6500015258789,73.6500015258789,44457300
2023-03-30,60.794063568115234,74.73999786376953,74.75,74.2699966430664,74.47000122070312,37130200
2023-03-31,61.45293045043945,75.55000305175781,75.6500015258789,74.94999694824219,74.97000122070312,54218900
2023-04-03,61.40557861328125,75.1500015258789,75.30000305175781,74.97000122070312,75.13999938964844,43302900
2023-04-04,61.22578811645508,74.93000030517578,75.26000213623047,74.8499984741211,75.1500015258789,46144300
2023-04-05,60.88261032104492,74.51000213623047,74.94999694824219,74.41999816894531,74.87999725341797,37633900
2023-04-06,61.15224075317383,74.83999633789062,74.95999908447266,74.29000091552734,74.38999938964844,35719600
2023-04-10,61.09504699707031,74.7699966430664,74.80999755859375,74.41000366210938,74.58000183105469,29083900
2023-04-11,61.22578811645508,74.93000030517578,75.0999984741211,74.70999908447266,74.7699966430664,28875100
2023-04-12,61.20944595336914,74.91000366210938,75.37999725341797,74.8499984741211,75.30999755859375,41457600
2023-04-13,61.62616729736328,75.41999816894531,75.62000274658203,75.04000091552734,75.04000091552734,95864000
2023-04-14,61.51179122924805,75.27999877929688,75.55000305175781,75.08000183105469,75.4000015258789,43767600
2023-04-17,61.34833908081055,75.08000183105469,75.16000366210938,74.80999755859375,75.06999969482422,26391100
2023-04-18,61.38920211791992,75.12999725341797,75.36000061035156,74.9800033569336,75.26000213623047,28030700
2023-04-19,61.14409637451172,74.83000183105469,74.98999786376953,74.77999877929688,74.83000183105469,26979400
2023-04-20,61.08687973022461,74.76000213623047,74.87999725341797,74.55000305175781,74.6500015258789,30203900
2023-04-21,61.2747917175293,74.98999786376953,75.02999877929688,74.69000244140625,74.87999725341797,33061800
2023-04-24,61.446388244628906,75.19999694824219,75.26000213623047,74.94999694824219,75.02999877929688,24661600
2023-04-25,61.34833908081055,75.08000183105469,75.30000305175781,75.01000213623047,75.16000366210938,34575300
2023-04-26,61.11138916015625,74.79000091552734,75.11000061035156,74.68000030517578,75.05999755859375,33762700
2023-04-27,61.315673828125,75.04000091552734,75.25,74.80000305175781,74.93000030517578,39687600
2023-04-28,61.5771369934082,75.36000061035156,75.4800033569336,75.05999755859375,75.05999755859375,33821100
2023-05-01,61.29484558105469,74.69000244140625,75.0,74.52999877929688,74.93000030517578,37748300
2023-05-02,61.2374153137207,74.62000274658203,74.73999786376953,74.37000274658203,74.69000244140625,39045300
2023-05-03,61.204566955566406,74.58000183105469,75.04000091552734,74.55999755859375,74.69999694824219,33178300
2023-05-04,61.02402877807617,74.36000061035156,74.41000366210938,74.08999633789062,74.37999725341797,45207600
2023-05-05,61.35228729248047,74.76000213623047,74.86000061035156,74.4800033569336,74.58000183105469,31591500
2023-05-08,61.17993927001953,74.55000305175781,74.69999694824219,74.37999725341797,74.69999694824219,18367400
2023-05-09,61.02402877807617,74.36000061035156,74.4800033569336,74.2699966430664,74.3499984741211,21732900
2023-05-10,61.39332580566406,74.80999755859375,74.91999816894531,74.52999877929688,74.7699966430664,35392700
2023-05-11,61.29484558105469,74.69000244140625,74.7699966430664,74.61000061035156,74.73999786376953,25265500
2023-05-12,61.0732536315918,74.41999816894531,74.79000091552734,74.27999877929688,74.68000030517578,27553200
2023-05-15,61.05683898925781,74.4000015258789,74.48999786376953,74.30000305175781,74.43000030517578,19764500
2023-05-16,60.630096435546875,73.87999725341797,74.27999877929688,73.80999755859375,74.26000213623047,40998700
2023-05-17,60.794246673583984,74.08000183105469,74.33999633789062,73.93000030517578,73.95999908447266,38534100
2023-05-18,60.82706069946289,74.12000274658203,74.19000244140625,73.80999755859375,73.86000061035156,29129200
2023-05-19,60.89270782470703,74.19999694824219,74.36000061035156,74.06999969482422,74.19000244140625,36044900
2023-05-22,61.163536071777344,74.52999877929688,74.66999816894531,74.22000122070312,74.22000122070312,34897700
2023-05-23,60.843482971191406,74.13999938964844,74.4800033569336,74.06999969482422,74.38999938964844,32415500
2023-05-24,60.416748046875,73.62000274658203,74.0199966430664,73.47000122070312,73.93000030517578,38083200
2023-05-25,60.375694274902344,73.56999969482422,73.91000366210938,73.55000305175781,73.88999938964844,21457900
2023-05-26,60.74500274658203,74.0199966430664,74.11000061035156,73.62000274658203,73.6500015258789,23547600
2023-05-30,61.00762176513672,74.33999633789062,74.3499984741211,74.08999633789062,74.3499984741211,27482600
2023-05-31,60.81885528564453,74.11000061035156,74.25,73.94999694824219,74.13999938964844,43393600
2023-06-01,61.184120178222656,74.19999694824219,74.30999755859375,73.77999877929688,73.80000305175781,42425700
2023-06-02,61.497493743896484,74.58000183105469,74.7699966430664,74.30000305175781,74.45999908447266,49950900
2023-06-05,61.4480094909668,74.5199966430664,74.55000305175781,74.33999633789062,74.5199966430664,24080200
2023-06-06,61.54695510864258,74.63999938964844,74.66000366210938,74.31999969482422,74.44999694824219,23006600
2023-06-07,61.20888137817383,74.2300033569336,74.79000091552734,74.13999938964844,74.69999694824219,32340900
2023-06-08,61.596431732177734,74.69999694824219,74.73999786376953,74.2300033569336,74.2300033569336,33987800
2023-06-09,61.612945556640625,74.72000122070312,74.86000061035156,74.69000244140625,74.76000213623047,27016700
2023-06-12,61.54695510864258,74.63999938964844,74.80000305175781,74.4800033569336,74.79000091552734,30629500
2023-06-13,61.6212043762207,74.7300033569336,74.94000244140625,74.62000274658203,74.83000183105469,39425900
2023-06-14,61.64591598510742,74.76000213623047,74.98999786376953,74.41000366210938,74.80000305175781,32864600
2023-06-15,61.942779541015625,75.12000274658203,75.1500015258789,74.81999969482422,74.86000061035156,42412300
2023-06-16,61.78609848022461,74.93000030517578,75.11000061035156,74.9000015258789,75.08999633789062,47560800
2023-06-20,61.6212043762207,74.7300033569336,74.93000030517578,74.7300033569336,74.80999755859375,31930500
2023-06-21,61.46449661254883,74.54000091552734,74.69999694824219,74.38999938964844,74.58000183105469,39751900
2023-06-22,61.28308868408203,74.31999969482422,74.4800033569336,74.30000305175781,74.37000274658203,31504700
2023-06-23,61.17591094970703,74.19000244140625,74.26000213623047,74.0,74.20999908447266,33811100
2023-06-26,61.20888137817383,74.2300033569336,74.33000183105469,74.08999633789062,74.19999694824219,36111900
2023-06-27,61.41501998901367,74.4800033569336,74.55000305175781,74.29000091552734,74.30999755859375,31707600
2023-06-28,61.769615173339844,74.91000366210938,74.91000366210938,74.41999816894531,74.47000122070312,35679600
2023-06-29,61.604679107666016,74.70999908447266,74.72000122070312,74.43000030517578,74.63999938964844,41712000
2023-06-30,61.901546478271484,75.06999969482422,75.23999786376953,74.88999938964844,74.95999908447266,35842000
2023-07-03,61.804527282714844,74.55000305175781,74.69000244140625,74.5199966430664,74.68000030517578,13046500
2023-07-05,61.61387252807617,74.31999969482422,74.54000091552734,74.19999694824219,74.5199966430664,37947100
2023-07-06,61.16617965698242,73.77999877929688,73.86000061035156,73.58000183105469,73.77999877929688,52251100
2023-07-07,61.224212646484375,73.8499984741211,74.33000183105469,73.7300033569336,73.76000213623047,42269100
2023-07-10,61.53095626831055,74.22000122070312,74.30000305175781,73.91000366210938,73.91999816894531,45752200
2023-07-11,61.86259078979492,74.62000274658203,74.62000274658203,74.29000091552734,74.41000366210938,32000700
2023-07-12,62.343406677246094,75.19999694824219,75.30999755859375,75.0199966430664,75.08999633789062,42820700
2023-07-13,62.71647644042969,75.6500015258789,75.7300033569336,75.41000366210938,75.5,33954200
2023-07-14,62.26050567626953,75.0999984741211,75.62999725341797,75.05000305175781,75.56999969482422,36081800
2023-07-17,62.37656784057617,75.23999786376953,75.36000061035156,75.0,75.05999755859375,28836600
2023-07-18,62.55066680908203,75.44999694824219,75.55000305175781,75.2699966430664,75.30000305175781,25990800
2023-07-19,62.60043716430664,75.51000213623047,75.6500015258789,75.45999908447266,75.58999633789062,26794800
2023-07-20,62.32683563232422,75.18000030517578,75.30000305175781,74.9800033569336,75.20999908447266,27028500
2023-07-21,62.4843864440918,75.37000274658203,75.48999786376953,75.19999694824219,75.19999694824219,37447800
2023-07-24,62.37656784057617,75.23999786376953,75.54000091552734,75.22000122070312,75.43000030517578,20925500
2023-07-25,62.33512496948242,75.19000244140625,75.2699966430664,75.05999755859375,75.16000366210938,30067600
2023-07-26,62.58382797241211,75.48999786376953,75.55999755859375,75.12000274658203,75.16000366210938,33068400
2023-07-27,62.08639907836914,74.88999938964844,75.69000244140625,74.7300033569336,75.62999725341797,48675800
2023-07-28,62.442901611328125,75.31999969482422,75.37999725341797,75.1500015258789,75.20999908447266,27588400
2023-07-31,62.59213638305664,75.5,75.5999984741211,75.37999725341797,75.41999816894531,30744800
2023-08-01,62.28226089477539,74.7699966430664,74.95999908447266,74.68000030517578,74.95999908447266,34529700
2023-08-02,62.01570510864258,74.44999694824219,74.5199966430664,74.26000213623047,74.44999694824219,37500500
2023-08-03,61.81578063964844,74.20999908447266,74.36000061035156,74.08999633789062,74.20999908447266,30348000
2023-08-04,62.18230056762695,74.6500015258789,74.94000244140625,74.56999969482422,74.6500015258789,37411900
2023-08-07,62.29890441894531,74.79000091552734,74.83000183105469,74.5999984741211,74.79000091552734,19412600
2023-08-08,62.43217849731445,74.94999694824219,75.0,74.66000366210938,74.73999786376953,32545600
2023-08-09,62.44050598144531,74.95999908447266,75.05000305175781,74.80000305175781,74.95999908447266,27569200
2023-08-10,62.42385482788086,74.94000244140625,75.3499984741211,74.73999786376953,75.01000213623047,43697200
2023-08-11,62.332210540771484,74.83000183105469,74.86000061035156,74.58000183105469,74.68000030517578,23329000
2023-08-14,62.323909759521484,74.81999969482422,74.93000030517578,74.56999969482422,74.69999694824219,28545100
2023-08-15,62.12399673461914,74.58000183105469,74.79000091552734,74.55000305175781,74.62000274658203,32968600
2023-08-16,61.93239212036133,74.3499984741211,74.75,74.3499984741211,74.55000305175781,31759400
2023-08-17,61.6741828918457,74.04000091552734,74.41999816894531,73.86000061035156,74.38999938964844,38546600
2023-08-18,61.715824127197266,74.08999633789062,74.31999969482422,73.86000061035156,73.88999938964844,44130500
2023-08-21,61.699195861816406,74.06999969482422,74.13999938964844,73.83999633789062,74.08000183105469,30768700
2023-08-22,61.73249435424805,74.11000061035156,74.26000213623047,74.05000305175781,74.2300033569336,18135400
2023-08-23,62.23228073120117,74.70999908447266,74.81999969482422,74.4000015258789,74.4000015258789,33378000
2023-08-24,61.89075469970703,74.30000305175781,74.72000122070312,74.22000122070312,74.72000122070312,34336100
2023-08-25,62.14897918701172,74.61000061035156,74.69999694824219,74.26000213623047,74.31999969482422,31149300
2023-08-28,62.38219451904297,74.88999938964844,74.93000030517578,74.69000244140625,74.9000015258789,21461600
2023-08-29,62.773712158203125,75.36000061035156,75.36000061035156,74.77999877929688,74.80999755859375,42178200
2023-08-30,62.748714447021484,75.33000183105469,75.4800033569336,75.26000213623047,75.36000061035156,29458200
2023-08-31,62.70708465576172,75.27999877929688,75.37999725341797,75.16000366210938,75.2699966430664,30824500
2023-09-01,62.8250846862793,75.06999969482422,75.23999786376953,74.8499984741211,75.19000244140625,33213100
2023-09-05,62.415000915527344,74.58000183105469,74.95999908447266,74.5199966430664,74.95999908447266,29500600
2023-09-06,62.26436233520508,74.4000015258789,74.55000305175781,74.25,74.51000213623047,30797500
2023-09-07,62.47358703613281,74.6500015258789,74.69000244140625,74.27999877929688,74.27999877929688,28757400
2023-09-08,62.4484977722168,74.62000274658203,74.87999725341797,74.55999755859375,74.80000305175781,26389100
2023-09-11,62.557273864746094,74.75,74.75,74.56999969482422,74.72000122070312,29159400
2023-09-12,62.45683288574219,74.62999725341797,74.76000213623047,74.55999755859375,74.55999755859375,21668500
2023-09-13,62.62422180175781,74.83000183105469,74.91000366210938,74.5999984741211,74.5999984741211,27498900
2023-09-14,62.69953918457031,74.91999816894531,75.0,74.83000183105469,74.91000366210938,29575900
2023-09-15,62.4652099609375,74.63999938964844,74.8499984741211,74.63999938964844,74.69999694824219,41636900
2023-09-18,62.507049560546875,74.69000244140625,74.7699966430664,74.55000305175781,74.55000305175781,19549700
2023-09-19,62.314579010009766,74.45999908447266,74.63999938964844,74.41000366210938,74.52999877929688,33937200
2023-09-20,62.26436233520508,74.4000015258789,74.76000213623047,74.38999938964844,74.62999725341797,26715100
2023-09-21,61.820823669433594,73.87000274658203,74.16000366210938,73.87000274658203,74.0999984741211,43327300
2023-09-22,61.929603576660156,74.0,74.2699966430664,73.98999786376953,74.0199966430664,36657300
2023-09-25,61.84591293334961,73.9000015258789,74.02999877929688,73.7300033569336,73.80999755859375,30197500
2023-09-26,61.57813262939453,73.58000183105469,73.88999938964844,73.52999877929688,73.83999633789062,39193000
2023-09-27,61.494422912597656,73.4800033569336,73.8499984741211,73.3499984741211,73.79000091552734,45532200
2023-09-28,61.7873420715332,73.83000183105469,73.86000061035156,73.30999755859375,73.3499984741211,45776600
2023-09-29,61.695281982421875,73.72000122070312,74.20999908447266,73.70999908447266,74.13999938964844,51698300
2023-10-02,61.32090759277344,72.88999938964844,73.23999786376953,72.80000305175781,73.0999984741211,69255900
2023-10-03,60.6983642578125,72.1500015258789,72.80000305175781,72.12000274658203,72.5999984741211,77754200
2023-10-04,61.009639739990234,72.5199966430664,72.62999725341797,72.12000274658203,72.31999969482422,138971500
2023-10-05,61.06852340698242,72.58999633789062,72.68000030517578,72.4000015258789,72.47000122070312,56138500
2023-10-06,61.15266036987305,72.69000244140625,72.81999969482422,72.0999984741211,72.30000305175781,52741500
2023-10-09,61.60696029663086,73.2300033569336,73.23999786376953,72.69999694824219,72.69999694824219,27277200
2023-10-10,61.590110778808594,73.20999908447266,73.44000244140625,72.94999694824219,73.04000091552734,50761600
2023-10-11,61.581687927246094,73.19999694824219,73.44000244140625,72.87999725341797,73.3499984741211,53330500
2023-10-12,61.25361633300781,72.80999755859375,73.16999816894531,72.58999633789062,73.16999816894531,60368000
2023-10-13,61.2031364440918,72.75,73.23999786376953,72.68000030517578,73.01000213623047,54191200
2023-10-16,61.18629455566406,72.7300033569336,72.91000366210938,72.66999816894531,72.72000122070312,39352900
2023-10-17,60.90027618408203,72.38999938964844,72.61000061035156,72.29000091552734,72.41999816894531,50948700
2023-10-18,60.6058235168457,72.04000091552734,72.45999908447266,71.98999786376953,72.30999755859375,58306500
2023-10-19,60.3870849609375,71.77999877929688,72.4000015258789,71.77999877929688,72.04000091552734,70971900
2023-10-20,60.513275146484375,71.93000030517578,72.08999633789062,71.81999969482422,71.86000061035156,64845500
2023-10-23,60.75725173950195,72.22000122070312,72.41999816894531,71.68000030517578,71.7699966430664,47508700
2023-10-24,61.06852340698242,72.58999633789062,72.62000274658203,72.33000183105469,72.41000366210938,46427900
2023-10-25,60.74043273925781,72.19999694824219,72.47000122070312,72.12000274658203,72.41000366210938,42518300
2023-10-26,60.95073318481445,72.44999694824219,72.58000183105469,72.0999984741211,72.20999908447266,45233400
2023-10-27,60.87504959106445,72.36000061035156,72.61000061035156,72.2300033569336,72.5199966430664,35621800
2023-10-30,60.891849517822266,72.37999725341797,72.5,72.2699966430664,72.3499984741211,29094000
2023-10-31,61.051692962646484,72.56999969482422,72.80000305175781,72.37999725341797,72.41000366210938,42185900
2023-11-01,61.63361740112305,72.87000274658203,72.87000274658203,72.27999877929688,72.27999877929688,59313100
2023-11-02,62.32716369628906,73.69000244140625,73.79000091552734,73.31999969482422,73.33000183105469,68930600
2023-11-03,62.9361572265625,74.41000366210938,74.45999908447266,74.0,74.1500015258789,88763600
2023-11-06,62.68242263793945,74.11000061035156,74.38999938964844,74.04000091552734,74.23999786376953,93899100
2023-11-07,62.69086456298828,74.12000274658203,74.20999908447266,73.9000015258789,74.05999755859375,50458200
2023-11-08,62.72468948364258,74.16000366210938,74.2300033569336,74.05999755859375,74.0999984741211,41143500
2023-11-09,62.33564376831055,73.69999694824219,74.19000244140625,73.68000030517578,74.05000305175781,62856100
2023-11-10,62.640113830566406,74.05999755859375,74.0999984741211,73.87000274658203,73.91000366210938,35563300
2023-11-13,62.58092498779297,73.98999786376953,74.05999755859375,73.79000091552734,73.79000091552734,37530100
2023-11-14,63.21526336669922,74.73999786376953,74.93000030517578,74.62000274658203,74.62000274658203,68210800
2023-11-15,63.012271881103516,74.5,74.70999908447266,74.43000030517578,74.61000061035156,44022800
2023-11-16,63.096858978271484,74.5999984741211,74.66999816894531,74.44999694824219,74.52999877929688,52928200
2023-11-17,63.24064636230469,74.7699966430664,74.7699966430664,74.4800033569336,74.61000061035156,44272100
2023-11-20,63.30828857421875,74.8499984741211,74.94999694824219,74.6500015258789,74.6500015258789,30846200
2023-11-21,63.39287185668945,74.94999694824219,74.97000122070312,74.80000305175781,74.80000305175781,29493900
2023-11-22,63.50284194946289,75.08000183105469,75.16000366210938,74.87999725341797,75.05000305175781,40866800
2023-11-24,63.435176849365234,75.0,75.02999877929688,74.94999694824219,75.0199966430664,8536200
2023-11-27,63.52821350097656,75.11000061035156,75.19999694824219,74.93000030517578,75.0,31007400
2023-11-28,63.80731964111328,75.44000244140625,75.47000122070312,75.05000305175781,75.0999984741211,44031100
2023-11-29,64.15410614013672,75.8499984741211,76.04000091552734,75.70999908447266,75.73999786376953,48815500
2023-11-30,64.03569793701172,75.70999908447266,75.86000061035156,75.4800033569336,75.81999969482422,55047100
2023-12-01,64.56587982177734,75.98999786376953,76.01000213623047,75.19999694824219,75.29000091552734,60321100
2023-12-04,64.40446472167969,75.80000305175781,75.8499984741211,75.55000305175781,75.55000305175781,33105700
2023-12-05,64.46392822265625,75.87000274658203,75.95999908447266,75.66999816894531,75.66999816894531,32466500
2023-12-06,64.47240447998047,75.87999725341797,76.02999877929688,75.83000183105469,75.95999908447266,21297200
2023-12-07,64.5828628540039,76.01000213623047,76.13999938964844,75.91999816894531,75.98999786376953,27779300
2023-12-08,64.45542907714844,75.86000061035156,75.91000366210938,75.66999816894531,75.80999755859375,30123200
2023-12-11,64.41291809082031,75.80999755859375,75.81999969482422,75.56999969482422,75.80000305175781,30141700
2023-12-12,64.55738830566406,75.9800033569336,76.01000213623047,75.5999984741211,75.7699966430664,29203400
2023-12-13,65.54300689697266,77.13999938964844,77.1500015258789,76.05999755859375,76.0999984741211,64201300
2023-12-14,65.83245849609375,77.0999984741211,77.37999725341797,76.94999694824219,77.12999725341797,67220400
2023-12-15,65.68729400634766,76.93000030517578,77.3499984741211,76.75,77.02999877929688,36336400
2023-12-18,65.72999572753906,76.9800033569336,77.08000183105469,76.7300033569336,77.08000183105469,34793600
2023-12-19,65.91783142089844,77.19999694824219,77.29000091552734,77.04000091552734,77.06999969482422,25269400
2023-12-20,65.92637634277344,77.20999908447266,77.54000091552734,77.16999816894531,77.29000091552734,38376400
2023-12-21,66.22522735595703,77.55999755859375,77.62999725341797,77.31999969482422,77.51000213623047,22861400
2023-12-22,66.14839935302734,77.47000122070312,77.75,77.41999816894531,77.69000244140625,18048400
2023-12-26,66.27645874023438,77.62000274658203,77.62999725341797,77.4800033569336,77.5,12374700
2023-12-27,66.5497055053711,77.94000244140625,78.08000183105469,77.61000061035156,77.66999816894531,22835300
2023-12-28,66.33624267578125,77.69000244140625,77.91000366210938,77.54000091552734,77.9000015258789,22648100
2023-12-29,66.080078125,77.38999938964844,77.86000061035156,77.38999938964844,77.66999816894531,36993900
2024-01-02,65.85806274414062,77.12999725341797,77.23999786376953,77.04000091552734,77.12999725341797,41547100
2024-01-03,65.67874908447266,76.91999816894531,77.08000183105469,76.55000305175781,76.72000122070312,39495500
2024-01-04,65.42262268066406,76.62000274658203,76.9000015258789,76.5999984741211,76.80999755859375,32856100
2024-01-05,65.47383117675781,76.68000030517578,77.0,76.55000305175781,76.5999984741211,31158500
2024-01-08,65.84099578857422,77.11000061035156,77.16999816894531,76.69999694824219,76.69999694824219,33479100
2024-01-09,65.9434585571289,77.2300033569336,77.31999969482422,76.95999908447266,77.01000213623047,25593500
2024-01-10,66.06298828125,77.37000274658203,77.48999786376953,77.27999877929688,77.41000366210938,35702800
2024-01-11,66.27645874023438,77.62000274658203,77.62999725341797,77.16999816894531,77.3499984741211,35947100
2024-01-12,66.34476470947266,77.69999694824219,77.91999816894531,77.62999725341797,77.68000030517578,31155500
2024-01-16,65.92637634277344,77.20999908447266,77.55000305175781,77.12999725341797,77.55000305175781,43669900
2024-01-17,65.64459991455078,76.87999725341797,77.08000183105469,76.7300033569336,77.08000183105469,54160800
2024-01-18,65.78121185302734,77.04000091552734,77.05000305175781,76.8499984741211,76.98999786376953,34837600
2024-01-19,65.8922348022461,77.16999816894531,77.16999816894531,76.77999877929688,77.06999969482422,44359700
2024-01-22,65.9434585571289,77.2300033569336,77.43000030517578,77.18000030517578,77.18000030517578,36758900
2024-01-23,65.86663055419922,77.13999938964844,77.25,77.02999877929688,77.19000244140625,24561500
2024-01-24,65.83245849609375,77.0999984741211,77.43000030517578,77.02999877929688,77.4000015258789,27623300
2024-01-25,66.33624267578125,77.69000244140625,77.69000244140625,77.30000305175781,77.37000274658203,48268800
2024-01-26,66.2850112915039,77.62999725341797,77.7699966430664,77.58999633789062,77.6500015258789,26232800
2024-01-29,66.43014526367188,77.80000305175781,77.83000183105469,77.56999969482422,77.66000366210938,25924900
2024-01-30,66.34476470947266,77.69999694824219,77.83000183105469,77.52999877929688,77.80000305175781,32486600
2024-01-31,66.15691375732422,77.4800033569336,77.9000015258789,77.43000030517578,77.69999694824219,55548900
2024-02-01,66.53793334960938,77.54000091552734,77.61000061035156,77.11000061035156,77.33000183105469,48019300
2024-02-02,66.23757934570312,77.19000244140625,77.29000091552734,77.04000091552734,77.05000305175781,42727400
2024-02-05,65.92865753173828,76.83000183105469,77.01000213623047,76.66000366210938,76.94999694824219,51908600
2024-02-06,66.1689453125,77.11000061035156,77.22000122070312,76.87000274658203,76.87000274658203,32948200
2024-02-07,66.28047943115234,77.23999786376953,77.30000305175781,77.0199966430664,77.2699966430664,42954100
2024-02-08,66.24615478515625,77.19999694824219,77.30000305175781,77.12000274658203,77.18000030517578,25548400
2024-02-09,66.38345336914062,77.36000061035156,77.41000366210938,77.13999938964844,77.25,33951400
2024-02-12,66.23757934570312,77.19000244140625,77.45999908447266,77.16999816894531,77.33000183105469,36249100
2024-02-13,65.70555877685547,76.56999969482422,76.80000305175781,76.44000244140625,76.66999816894531,69904200
2024-02-14,65.96298217773438,76.87000274658203,76.98999786376953,76.7300033569336,76.79000091552734,38603100
2024-02-15,66.19469451904297,77.13999938964844,77.2300033569336,76.94000244140625,77.0,44319900
2024-02-16,65.9972915649414,76.91000366210938,77.01000213623047,76.81999969482422,76.93000030517578,50322900
2024-02-20,66.13461303710938,77.06999969482422,77.12999725341797,76.81999969482422,76.88999938964844,31994100
2024-02-21,66.01447296142578,76.93000030517578,77.12000274658203,76.81999969482422,77.05999755859375,38674100
2024-02-22,66.33197784423828,77.30000305175781,77.30999755859375,77.0999984741211,77.1500015258789,45450200
2024-02-23,66.37489318847656,77.3499984741211,77.45999908447266,77.29000091552734,77.37000274658203,24686900
2024-02-26,66.16036224365234,77.0999984741211,77.3499984741211,77.08000183105469,77.31999969482422,32795300
2024-02-27,66.24615478515625,77.19999694824219,77.19999694824219,77.05000305175781,77.1500015258789,30926600
2024-02-28,66.23757934570312,77.19000244140625,77.27999877929688,77.0999984741211,77.1500015258789,24667600
2024-02-29,66.35770416259766,77.33000183105469,77.47000122070312,77.23999786376953,77.30000305175781,43322400
2024-03-01,66.60626983642578,77.18000030517578,77.20999908447266,76.77999877929688,76.93000030517578,39342900
2024-03-04,66.58899688720703,77.16000366210938,77.2300033569336,77.02999877929688,77.12000274658203,21607300
2024-03-05,66.53720092773438,77.0999984741211,77.3499984741211,77.05999755859375,77.16000366210938,38076900
2024-03-06,66.70120239257812,77.29000091552734,77.41000366210938,77.18000030517578,77.30000305175781,34335200
2024-03-07,66.77886199951172,77.37999725341797,77.51000213623047,77.31999969482422,77.48999786376953,30393000
2024-03-08,66.796142578125,77.4000015258789,77.7300033569336,77.38999938964844,77.48999786376953,38317900
2024-03-11,66.7874984741211,77.38999938964844,77.43000030517578,77.30000305175781,77.33999633789062,27177600
2024-03-12,66.847900390625,77.45999908447266,77.51000213623047,77.26000213623047,77.51000213623047,33351700
2024-03-13,66.873779296875,77.48999786376953,77.68000030517578,77.4000015258789,77.4000015258789,28482200
2024-03-14,66.55448150634766,77.12000274658203,77.51000213623047,77.02999877929688,77.47000122070312,46677200
2024-03-15,66.51131439208984,77.06999969482422,77.23999786376953,76.95999908447266,77.08000183105469,53985300
2024-03-18,66.66667938232422,77.25,77.31999969482422,77.18000030517578,77.2699966430664,34649300
2024-03-19,66.9341812133789,77.55999755859375,77.58000183105469,77.22000122070312,77.2300033569336,41841500
2024-03-20,67.1585922241211,77.81999969482422,77.8499984741211,77.47000122070312,77.54000091552734,36886700
2024-03-21,67.12405395507812,77.77999877929688,77.95999908447266,77.68000030517578,77.94999694824219,34693300
2024-03-22,67.05500030517578,77.69999694824219,77.88999938964844,77.66000366210938,77.80999755859375,26955700
2024-03-25,66.95146942138672,77.58000183105469,77.66999816894531,77.54000091552734,77.55999755859375,29373100
2024-03-26,66.873779296875,77.48999786376953,77.68000030517578,77.47000122070312,77.66999816894531,28522200
2024-03-27,67.22762298583984,77.9000015258789,77.9000015258789,77.5999984741211,77.68000030517578,28891100
2024-03-28,67.08092498779297,77.7300033569336,77.91999816894531,77.72000122070312,77.80000305175781,31546700
2024-04-01,66.80767822265625,77.0199966430664,77.3499984741211,76.98999786376953,77.3499984741211,47857400
2024-04-02,66.69490814208984,76.88999938964844,76.91000366210938,76.72000122070312,76.76000213623047,45551200
2024-04-03,66.74695587158203,76.94999694824219,76.98999786376953,76.70999908447266,76.77999877929688,29542300
2024-04-04,66.69490814208984,76.88999938964844,77.22000122070312,76.77999877929688,77.11000061035156,36056400
2024-04-05,66.63419342041016,76.81999969482422,76.93000030517578,76.79000091552734,76.83000183105469,30857300
2024-04-08,66.79035186767578,77.0,77.04000091552734,76.77999877929688,76.83000183105469,31067800
2024-04-09,66.92912292480469,77.16000366210938,77.2300033569336,77.0199966430664,77.12000274658203,32219100
2024-04-10,66.33927917480469,76.4800033569336,76.76000213623047,76.30000305175781,76.6500015258789,76623900
2024-04-11,66.27857208251953,76.41000366210938,76.55999755859375,76.20999908447266,76.51000213623047,50836000
2024-04-12,66.24386596679688,76.37000274658203,76.41999816894531,76.25,76.37999725341797,41441700
2024-04-15,65.86219024658203,75.93000030517578,76.44999694824219,75.83999633789062,76.44999694824219,55560400
2024-04-16,65.64534759521484,75.68000030517578,75.91000366210938,75.58999633789062,75.91000366210938,55746100
2024-04-17,65.73210906982422,75.77999877929688,76.04000091552734,75.70999908447266,75.88999938964844,48158800
2024-04-18,65.78412628173828,75.83999633789062,75.88999938964844,75.63999938964844,75.77999877929688,40291400
2024-04-19,65.90557098388672,75.9800033569336,76.08000183105469,75.9000015258789,75.91000366210938,54739500
2024-04-22,66.26988220214844,76.4000015258789,76.43000030517578,76.11000061035156,76.13999938964844,40772500
2024-04-23,66.53878021240234,76.70999908447266,76.76000213623047,76.37999725341797,76.47000122070312,43554400
2024-04-24,66.3913345336914,76.54000091552734,76.69999694824219,76.37000274658203,76.66999816894531,40496500
2024-04-25,66.2525405883789,76.37999725341797,76.4000015258789,75.91000366210938,76.08000183105469,46371600
2024-04-26,66.4607162475586,76.62000274658203,76.66000366210938,76.37000274658203,76.37000274658203,34500800
2024-04-29,66.66023254394531,76.8499984741211,76.8499984741211,76.66999816894531,76.72000122070312,33157800
2024-04-30,66.1744613647461,76.29000091552734,76.76000213623047,76.29000091552734,76.5999984741211,49937500
2024-05-01,66.52323913574219,76.29000091552734,76.62999725341797,75.93000030517578,75.94999694824219,71484700
2024-05-02,66.93309783935547,76.76000213623047,76.77999877929688,76.33000183105469,76.4800033569336,41497900
2024-05-03,67.21214294433594,77.08000183105469,77.38999938964844,76.94000244140625,77.1500015258789,44204400
2024-05-06,67.29061889648438,77.16999816894531,77.2300033569336,77.12000274658203,77.16999816894531,29547100
2024-05-07,67.29931640625,77.18000030517578,77.27999877929688,77.02999877929688,77.26000213623047,34064000
2024-05-08,67.14238739013672,77.0,77.05999755859375,76.94999694824219,76.98999786376953,22959500
2024-05-09,67.15980529785156,77.0199966430664,77.05999755859375,76.86000061035156,76.95999908447266,24590900
2024-05-10,67.05516815185547,76.9000015258789,77.02999877929688,76.80999755859375,77.01000213623047,24633800
2024-05-13,67.03770446777344,76.87999725341797,77.05999755859375,76.8499984741211,77.05999755859375,22109800
2024-05-14,67.14238739013672,77.0,77.02999877929688,76.9000015258789,76.91999816894531,27298700
2024-05-15,67.53474426269531,77.44999694824219,77.45999908447266,77.19000244140625,77.25,56544400
2024-05-16,67.37779998779297,77.2699966430664,77.45999908447266,77.26000213623047,77.45999908447266,31749800
2024-05-17,67.38652801513672,77.27999877929688,77.30999755859375,77.16000366210938,77.22000122070312,31550300
2024-05-20,67.42137908935547,77.31999969482422,77.31999969482422,77.19999694824219,77.2300033569336,18665000
2024-05-21,67.36907958984375,77.26000213623047,77.4000015258789,77.25,77.2699966430664,20295900
2024-05-22,67.2208480834961,77.08999633789062,77.19000244140625,77.0199966430664,77.1500015258789,31110700
2024-05-23,66.98540496826172,76.81999969482422,77.22000122070312,76.79000091552734,77.16999816894531,36464700
2024-05-24,67.2208480834961,77.08999633789062,77.11000061035156,76.83999633789062,76.94000244140625,20488500
2024-05-28,66.95049285888672,76.77999877929688,77.19000244140625,76.76000213623047,77.16999816894531,27771700
2024-05-29,66.74996948242188,76.55000305175781,76.6500015258789,76.5199966430664,76.54000091552734,38800000
2024-05-30,67.02027130126953,76.86000061035156,76.87999725341797,76.62999725341797,76.62999725341797,44210200
2024-05-31,67.25572204589844,77.12999725341797,77.1500015258789,76.91999816894531,76.91999816894531,45381900
2024-06-03,67.46422576904297,77.01000213623047,77.01000213623047,76.83999633789062,76.87000274658203,36791300
2024-06-04,67.4291763305664,76.97000122070312,77.0999984741211,76.91000366210938,76.91999816894531,39230600
2024-06-05,67.648193359375,77.22000122070312,77.22000122070312,76.95999908447266,77.12000274658203,29793700
2024-06-06,67.53429412841797,77.08999633789062,77.18000030517578,77.04000091552734,77.18000030517578,24398300
2024-06-07,67.35908508300781,76.88999938964844,76.94000244140625,76.75,76.79000091552734,32498800
2024-06-10,67.4204330444336,76.95999908447266,76.97000122070312,76.76000213623047,76.80999755859375,24875700
2024-06-11,67.50804138183594,77.05999755859375,77.06999969482422,76.8499984741211,76.91999816894531,25339600
2024-06-12,67.77960968017578,77.37000274658203,77.63999938964844,77.3499984741211,77.58999633789062,51775700
2024-06-13,67.77084350585938,77.36000061035156,77.55000305175781,77.26000213623047,77.55000305175781,38532000
2024-06-14,67.50804138183594,77.05999755859375,77.18000030517578,76.94999694824219,77.11000061035156,52953300
2024-06-17,67.55181884765625,77.11000061035156,77.19000244140625,76.83999633789062,76.94000244140625,33165000
2024-06-18,67.7620620727539,77.3499984741211,77.41000366210938,77.18000030517578,77.19999694824219,46845500
2024-06-20,67.71827697753906,77.30000305175781,77.33999633789062,77.13999938964844,77.31999969482422,26989000
2024-06-21,67.79713439941406,77.38999938964844,77.41000366210938,77.20999908447266,77.29000091552734,26857600
2024-06-24,67.72703552246094,77.30999755859375,77.51000213623047,77.30999755859375,77.36000061035156,28766200
2024-06-25,67.81463623046875,77.41000366210938,77.41999816894531,77.27999877929688,77.36000061035156,26111600
2024-06-26,67.66570281982422,77.23999786376953,77.2699966430664,77.16999816894531,77.26000213623047,29282000
2024-06-27,67.74456024169922,77.33000183105469,77.33000183105469,77.18000030517578,77.19999694824219,29404500
2024-06-28,67.57810974121094,77.13999938964844,77.5199966430664,77.13999938964844,77.37999725341797,34952000
2024-07-01,67.56488800048828,76.72000122070312,76.91999816894531,76.69000244140625,76.87000274658203,31113100
2024-07-02,67.7498550415039,76.93000030517578,76.94999694824219,76.69000244140625,76.7300033569336,30418400
2024-07-03,67.98761749267578,77.19999694824219,77.19999694824219,76.91999816894531,76.91999816894531,22067300
2024-07-05,68.19017028808594,77.43000030517578,77.44999694824219,77.23999786376953,77.27999877929688,25941500
2024-07-08,68.17255401611328,77.41000366210938,77.4800033569336,77.30999755859375,77.41000366210938,26962000
2024-07-09,68.09329223632812,77.31999969482422,77.41000366210938,77.2300033569336,77.41000366210938,19108500
2024-07-10,68.25183868408203,77.5,77.5199966430664,77.37000274658203,77.41000366210938,25361900
2024-07-11,68.49840545654297,77.77999877929688,77.83999633789062,77.70999908447266,77.76000213623047,44932500
2024-07-12,68.67453002929688,77.9800033569336,78.0199966430664,77.79000091552734,77.79000091552734,31688100
2024-07-15,68.68335723876953,77.98999786376953,78.06999969482422,77.9000015258789,78.04000091552734,23235600
2024-07-16,68.94754791259766,78.29000091552734,78.33000183105469,78.0,78.06999969482422,41375400
2024-07-17,68.86827850341797,78.19999694824219,78.25,78.02999877929688,78.05999755859375,32750400
2024-07-18,68.7273941040039,78.04000091552734,78.2699966430664,77.97000122070312,78.23999786376953,42513000
2024-07-19,68.67453002929688,77.9800033569336,78.12999725341797,77.87999725341797,78.12000274658203,36125700
2024-07-22,68.92993927001953,78.2699966430664,78.27999877929688,78.11000061035156,78.16999816894531,32378800
2024-07-23,68.9387435913086,78.27999877929688,78.41999816894531,78.2300033569336,78.26000213623047,28826900
2024-07-24,68.71858978271484,78.02999877929688,78.30999755859375,78.01000213623047,78.19999694824219,37612800
2024-07-25,68.7273941040039,78.04000091552734,78.33000183105469,78.04000091552734,78.08000183105469,35409000
2024-07-26,68.94754791259766,78.29000091552734,78.37000274658203,78.20999908447266,78.37000274658203,23683700
2024-07-29,68.88590240478516,78.22000122070312,78.44000244140625,78.13999938964844,78.4000015258789,28468400
2024-07-30,68.921142578125,78.26000213623047,78.3499984741211,78.12000274658203,78.33000183105469,33652100
2024-07-31,69.1677017211914,78.54000091552734,78.5999984741211,78.36000061035156,78.47000122070312,50714800
2024-08-01,69.01634216308594,77.95999908447266,78.30000305175781,77.94000244140625,78.19000244140625,51319800
2024-08-02,68.78616333007812,77.69999694824219,77.97000122070312,77.61000061035156,77.80999755859375,71578700
2024-08-05,68.3612289428711,77.22000122070312,77.37999725341797,76.58000183105469,76.63999938964844,104456100
2024-08-06,68.61798095703125,77.51000213623047,77.80999755859375,77.16999816894531,77.4800033569336,60113400
2024-08-07,68.7507553100586,77.66000366210938,78.01000213623047,77.61000061035156,77.9800033569336,56107800
2024-08-08,69.0340347290039,77.9800033569336,78.0199966430664,77.79000091552734,77.9000015258789,31528100
2024-08-09,69.02518463134766,77.97000122070312,78.08999633789062,77.83000183105469,78.0199966430664,29759900
2024-08-12,69.06945037841797,78.0199966430664,78.04000091552734,77.87000274658203,78.04000091552734,33878400
2024-08-13,69.38815307617188,78.37999725341797,78.38999938964844,78.08999633789062,78.11000061035156,37310200
2024-08-14,69.51206970214844,78.5199966430664,78.55000305175781,78.30000305175781,78.36000061035156,36086900
2024-08-15,69.57406616210938,78.58999633789062,78.62000274658203,78.44999694824219,78.55999755859375,39411300
2024-08-16,69.79537963867188,78.83999633789062,78.87999725341797,78.54000091552734,78.55000305175781,33682600
2024-08-19,69.91046142578125,78.97000122070312,79.0,78.75,78.80999755859375,29604300
2024-08-20,69.8484878540039,78.9000015258789,79.02999877929688,78.7699966430664,79.01000213623047,33189300
2024-08-21,70.00785827636719,79.08000183105469,79.11000061035156,78.91000366210938,78.9800033569336,34266700
2024-08-22,69.91932678222656,78.9800033569336,79.08999633789062,78.88999938964844,79.08000183105469,29292100
2024-08-23,70.29114532470703,79.4000015258789,79.4000015258789,79.08000183105469,79.18000030517578,32590900
2024-08-26,70.14948272705078,79.23999786376953,79.43000030517578,79.2300033569336,79.38999938964844,20460100
2024-08-27,70.19374084472656,79.29000091552734,79.37000274658203,79.11000061035156,79.1500015258789,22784300
2024-08-28,70.15834045410156,79.25,79.31999969482422,79.18000030517578,79.30999755859375,22351600
2024-08-29,70.2291488647461,79.33000183105469,79.36000061035156,79.2300033569336,79.33000183105469,18353000
2024-08-30,70.23799896240234,79.33999633789062,79.41999816894531,79.23999786376953,79.41999816894531,27633300
2024-09-03,69.98895263671875,78.68000030517578,78.95999908447266,78.6500015258789,78.87999725341797,31596800
2024-09-04,70.24691009521484,78.97000122070312,79.05000305175781,78.66000366210938,78.66000366210938,32371800
2024-09-05,70.48709106445312,79.23999786376953,79.27999877929688,79.05000305175781,79.11000061035156,44675300
2024-09-06,70.39813232421875,79.13999938964844,79.37999725341797,78.98999786376953,79.2699966430664,49888900
2024-09-09,70.56713104248047,79.33000183105469,79.37999725341797,79.16000366210938,79.2699966430664,24823800
2024-09-10,70.4337158203125,79.18000030517578,79.37000274658203,79.0999984741211,79.33999633789062,38347600
2024-09-11,70.54045867919922,79.30000305175781,79.30999755859375,78.97000122070312,79.08999633789062,42342700
2024-09-12,70.63831329345703,79.41000366210938,79.48999786376953,79.20999908447266,79.25,28515000
2024-09-13,70.83402252197266,79.62999725341797,79.68000030517578,79.5,79.5199966430664,31806800
2024-09-16,71.01190948486328,79.83000183105469,79.9000015258789,79.63999938964844,79.66000366210938,31402400
2024-09-17,71.02971649169922,79.8499984741211,79.94000244140625,79.80000305175781,79.9000015258789,27423900
2024-09-18,71.09196472167969,79.91999816894531,80.27999877929688,79.79000091552734,79.87999725341797,39546900
2024-09-19,71.30548095703125,80.16000366210938,80.33000183105469,80.08999633789062,80.29000091552734,48785900
2024-09-20,71.3944091796875,80.26000213623047,80.26000213623047,80.0,80.16000366210938,43626300
2024-09-23,71.26097869873047,80.11000061035156,80.20999908447266,80.08000183105469,80.19000244140625,29049400
2024-09-24,71.26988983154297,80.12000274658203,80.18000030517578,80.0,80.12000274658203,28674500
2024-09-25,71.1898193359375,80.02999877929688,80.11000061035156,80.0199966430664,80.08000183105469,28899100
2024-09-26,71.30548095703125,80.16000366210938,80.19000244140625,80.0199966430664,80.19000244140625,32732300
2024-09-27,71.48335266113281,80.36000061035156,80.37000274658203,80.19999694824219,80.22000122070312,36712700
2024-09-30,71.43000030517578,80.30000305175781,80.37000274658203,80.19000244140625,80.33000183105469,31551500
2024-10-01,71.39424896240234,79.87000274658203,80.0,79.80000305175781,79.98999786376953,45992200
2024-10-02,71.4031753540039,79.87999725341797,79.87999725341797,79.69000244140625,79.77999877929688,41214300
2024-10-03,71.23336029052734,79.69000244140625,79.80999755859375,79.62999725341797,79.77999877929688,31147700
2024-10-04,71.15290069580078,79.5999984741211,79.70999908447266,79.54000091552734,79.68000030517578,40122800
2024-10-07,70.84899139404297,79.26000213623047,79.54000091552734,79.25,79.54000091552734,69202500
2024-10-08,71.01881408691406,79.44999694824219,79.45999908447266,79.30000305175781,79.37000274658203,40947200
2024-10-09,70.97412872314453,79.4000015258789,79.4800033569336,79.33999633789062,79.44000244140625,42426500
2024-10-10,70.9383773803711,79.36000061035156,79.41000366210938,79.25,79.4000015258789,30091700
2024-10-11,71.1260986328125,79.56999969482422,79.58999633789062,79.33999633789062,79.33999633789062,26970800
2024-10-14,71.16183471679688,79.61000061035156,79.62999725341797,79.4000015258789,79.62000274658203,12065800
2024-10-15,71.14395904541016,79.58999633789062,79.72000122070312,79.58000183105469,79.5999984741211,31134400
2024-10-16,71.26909637451172,79.7300033569336,79.80999755859375,79.66000366210938,79.69999694824219,31626300
2024-10-17,71.16183471679688,79.61000061035156,79.80000305175781,79.4800033569336,79.7699966430664,46599300
2024-10-18,71.33168029785156,79.80000305175781,79.80000305175781,79.6500015258789,79.69999694824219,28905600
2024-10-21,71.0456314086914,79.4800033569336,79.70999908447266,79.4000015258789,79.66000366210938,36341500
2024-10-22,70.94731903076172,79.37000274658203,79.45999908447266,79.27999877929688,79.43000030517578,35466600
2024-10-23,70.73275756835938,79.12999725341797,79.30000305175781,79.06999969482422,79.26000213623047,39761500
2024-10-24,70.9383773803711,79.36000061035156,79.41999816894531,79.22000122070312,79.30000305175781,30163900
2024-10-25,70.86685943603516,79.27999877929688,79.55000305175781,79.25,79.45999908447266,35590200
2024-10-28,71.0456314086914,79.4800033569336,79.5199966430664,79.37999725341797,79.41999816894531,31854500
2024-10-29,71.06352233886719,79.5,79.5199966430664,79.2300033569336,79.25,42992200
2024-10-30,70.9383773803711,79.36000061035156,79.6500015258789,79.33000183105469,79.48999786376953,28728700
2024-10-31,70.74170684814453,79.13999938964844,79.37999725341797,79.13999938964844,79.37999725341797,43194600
2024-11-01,70.74620819091797,78.75,79.08000183105469,78.7300033569336,79.02999877929688,44045700
2024-11-04,70.94384765625,78.97000122070312,79.0999984741211,78.88999938964844,79.05000305175781,27291200
2024-11-05,71.14146423339844,79.19000244140625,79.19999694824219,78.94000244140625,78.94000244140625,31611900
2024-11-06,71.26725006103516,79.33000183105469,79.36000061035156,79.08000183105469,79.22000122070312,43173100
2024-11-07,71.57270050048828,79.66999816894531,79.69999694824219,79.25,79.30000305175781,51325800
2024-11-08,71.68949890136719,79.80000305175781,79.83000183105469,79.66999816894531,79.77999877929688,30543400
2024-11-11,71.608642578125,79.70999908447266,79.81999969482422,79.70999908447266,79.79000091552734,11008700
2024-11-12,71.3211669921875,79.38999938964844,79.69999694824219,79.33000183105469,79.61000061035156,44594900
2024-11-13,71.33914184570312,79.41000366210938,79.5999984741211,79.37999725341797,79.58999633789062,33873600
2024-11-14,71.18641662597656,79.23999786376953,79.52999877929688,79.23999786376953,79.45999908447266,32749300
2024-11-15,71.17742156982422,79.2300033569336,79.27999877929688,79.05000305175781,79.19000244140625,33709500
2024-11-18,71.31217193603516,79.37999725341797,79.38999938964844,79.19000244140625,79.2699966430664,27780900
2024-11-19,71.41998291015625,79.5,79.56999969482422,79.30000305175781,79.31999969482422,34523200
2024-11-20,71.40201568603516,79.4800033569336,79.5,79.38999938964844,79.48999786376953,19934000
2024-11-21,71.42896270751953,79.51000213623047,79.63999938964844,79.47000122070312,79.54000091552734,28040000
2024-11-22,71.41100311279297,79.48999786376953,79.58999633789062,79.44999694824219,79.5,29564900
2024-11-25,71.68050384521484,79.79000091552734,79.8499984741211,79.72000122070312,79.72000122070312,35003000
2024-11-26,71.54573822021484,79.63999938964844,79.80000305175781,79.58000183105469,79.80000305175781,41103500
2024-11-27,71.76136016845703,79.87999725341797,79.87999725341797,79.69000244140625,79.70999908447266,30239600
2024-11-29,71.90510559082031,80.04000091552734,80.06999969482422,79.88999938964844,80.01000213623047,25037800
2024-12-02,71.87893676757812,79.6500015258789,79.93000030517578,79.52999877929688,79.93000030517578,32387400
2024-12-03,71.87893676757812,79.6500015258789,79.73999786376953,79.61000061035156,79.72000122070312,24868500
2024-12-04,72.0503921508789,79.83999633789062,79.83999633789062,79.63999938964844,79.70999908447266,22733500
2024-12-05,71.98722076416016,79.7699966430664,79.81999969482422,79.70999908447266,79.79000091552734,23106300
2024-12-06,72.10453796386719,79.9000015258789,80.0,79.8499984741211,79.88999938964844,29931300
2024-12-09,72.0142822265625,79.80000305175781,79.94000244140625,79.77999877929688,79.9000015258789,22095100
2024-12-10,72.0503921508789,79.83999633789062,79.94000244140625,79.73999786376953,79.94000244140625,27195200
2024-12-11,72.06841278076172,79.86000061035156,79.94999694824219,79.83000183105469,79.94000244140625,24730000
2024-12-12,71.8698959350586,79.63999938964844,79.98999786376953,79.62999725341797,79.80999755859375,29081600
2024-12-13,71.66236114501953,79.41000366210938,79.70999908447266,79.37999725341797,79.70999908447266,34201100
2024-12-16,71.79769897460938,79.55999755859375,79.62000274658203,79.4800033569336,79.55000305175781,22269000
2024-12-17,71.64430236816406,79.38999938964844,79.5,79.38999938964844,79.41000366210938,29039500
2024-12-18,70.90860748291016,78.16999816894531,79.13999938964844,78.1500015258789,79.13999938964844,80034500
2024-12-19,70.83605194091797,78.08999633789062,78.51000213623047,78.08999633789062,78.44999694824219,69005700
2024-12-20,71.28056335449219,78.58000183105469,78.66999816894531,78.0,78.0,63276200
2024-12-23,71.09004974365234,78.37000274658203,78.69000244140625,78.37000274658203,78.6500015258789,29239400
2024-12-24,71.31684112548828,78.62000274658203,78.63999938964844,78.3499984741211,78.4000015258789,11926100
2024-12-26,71.49825286865234,78.81999969482422,78.81999969482422,78.47000122070312,78.51000213623047,18384900
2024-12-27,71.25333404541016,78.55000305175781,78.76000213623047,78.52999877929688,78.73999786376953,20631800
2024-12-30,71.35313415527344,78.66000366210938,78.73999786376953,78.5,78.58000183105469,20659200
2024-12-31,71.34404754638672,78.6500015258789,78.83999633789062,78.55000305175781,78.77999877929688,18664900
2025-01-02,71.51638793945312,78.83999633789062,78.94999694824219,78.72000122070312,78.87999725341797,30415400
2025-01-03,71.62522888183594,78.95999908447266,79.02999877929688,78.93000030517578,78.98999786376953,32611000
2025-01-06,71.75223541259766,79.0999984741211,79.19000244140625,79.0199966430664,79.1500015258789,32110000
2025-01-07,71.51638793945312,78.83999633789062,79.22000122070312,78.81999969482422,79.13999938964844,43790200
2025-01-08,71.60710144042969,78.94000244140625,78.98999786376953,78.76000213623047,78.8499984741211,35304900
2025-01-10,71.23519134521484,78.52999877929688,78.80000305175781,78.5,78.80000305175781,37417300
2025-01-13,71.21705627441406,78.51000213623047,78.55999755859375,78.37000274658203,78.48999786376953,39180700
2025-01-14,71.30775451660156,78.61000061035156,78.7300033569336,78.55000305175781,78.69000244140625,29581100
2025-01-15,71.93365478515625,79.30000305175781,79.30999755859375,79.05999755859375,79.16000366210938,53574900
2025-01-16,72.01531219482422,79.38999938964844,79.41000366210938,79.12000274658203,79.20999908447266,32363000
2025-01-17,72.07879638671875,79.45999908447266,79.5199966430664,79.38999938964844,79.48999786376953,29546400
2025-01-21,72.26929473876953,79.66999816894531,79.69999694824219,79.5999984741211,79.61000061035156,32962700
2025-01-22,72.16950225830078,79.55999755859375,79.72000122070312,79.5199966430664,79.69999694824219,25028500
2025-01-23,72.2602310180664,79.66000366210938,79.66999816894531,79.44000244140625,79.5199966430664,27434800
2025-01-24,72.34187316894531,79.75,79.83000183105469,79.66000366210938,79.69999694824219,23648600
2025-01-27,72.39628601074219,79.80999755859375,79.86000061035156,79.61000061035156,79.66999816894531,28540600
2025-01-28,72.36907958984375,79.77999877929688,79.80999755859375,79.66999816894531,79.7699966430664,30439900
2025-01-29,72.32371520996094,79.7300033569336,79.83000183105469,79.62000274658203,79.76000213623047,20072100
2025-01-30,72.45978546142578,79.87999725341797,79.94000244140625,79.79000091552734,79.94000244140625,34495300
2025-01-31,72.31464385986328,79.72000122070312,79.97000122070312,79.66999816894531,79.9000015258789,37101100
2025-02-03,72.2235336303711,79.26000213623047,79.37000274658203,79.04000091552734,79.16999816894531,29965100
2025-02-04,72.45133209228516,79.51000213623047,79.51000213623047,79.2300033569336,79.30000305175781,28938600
2025-02-05,72.64268493652344,79.72000122070312,79.7699966430664,79.54000091552734,79.54000091552734,31834000
2025-02-06,72.5333251953125,79.5999984741211,79.79000091552734,79.58000183105469,79.72000122070312,24224100
2025-02-07,72.3055191040039,79.3499984741211,79.58000183105469,79.33999633789062,79.55999755859375,28778200
2025-02-10,72.45133209228516,79.51000213623047,79.58999633789062,79.47000122070312,79.54000091552734,23382600
2025-02-11,72.42399597167969,79.4800033569336,79.52999877929688,79.4000015258789,79.52999877929688,24410000
2025-02-12,72.26907348632812,79.30999755859375,79.43000030517578,79.1500015258789,79.20999908447266,34362700
2025-02-13,72.59712982177734,79.66999816894531,79.69999694824219,79.37999725341797,79.43000030517578,36149900
2025-02-14,72.67915344238281,79.76000213623047,79.88999938964844,79.72000122070312,79.79000091552734,26668300
2025-02-18,72.61534118652344,79.69000244140625,79.80999755859375,79.63999938964844,79.75,23274200
2025-02-19,72.67003631591797,79.75,79.76000213623047,79.55999755859375,79.63999938964844,38958600
2025-02-20,72.715576171875,79.80000305175781,79.81999969482422,79.68000030517578,79.73999786376953,25789000
2025-02-21,72.57891082763672,79.6500015258789,79.86000061035156,79.6500015258789,79.7699966430664,32016500
2025-02-24,72.67003631591797,79.75,79.83999633789062,79.63999938964844,79.66999816894531,21029200
2025-02-25,72.85226440429688,79.94999694824219,79.9800033569336,79.83999633789062,79.94999694824219,30604400
2025-02-26,72.95249938964844,80.05999755859375,80.08000183105469,79.97000122070312,80.0,21777500
2025-02-27,72.81582641601562,79.91000366210938,80.08000183105469,79.87000274658203,80.05000305175781,40521800
2025-02-28,73.01628112792969,80.12999725341797,80.12999725341797,79.93000030517578,79.98999786376953,44321200
2025-03-03,72.86431121826172,79.58999633789062,79.75,79.51000213623047,79.69000244140625,40729100
2025-03-04,72.85517883300781,79.58000183105469,79.63999938964844,79.30999755859375,79.51000213623047,66274600
2025-03-05,72.89178466796875,79.62000274658203,79.68000030517578,79.44000244140625,79.44999694824219,32302200
2025-03-06,72.61712646484375,79.31999969482422,79.5,79.27999877929688,79.43000030517578,50431500
2025-03-07,72.73614501953125,79.44999694824219,79.51000213623047,79.33000183105469,79.3499984741211,52828900
2025-03-10,72.46150207519531,79.1500015258789,79.37999725341797,79.13999938964844,79.30000305175781,57602100
2025-03-11,72.20514678955078,78.87000274658203,79.26000213623047,78.80000305175781,79.20999908447266,75826700
2025-03-12,72.28754425048828,78.95999908447266,79.11000061035156,78.87999725341797,79.05999755859375,53763000
2025-03-13,71.88473510742188,78.5199966430664,78.87000274658203,78.48999786376953,78.86000061035156,81223200
2025-03-14,72.21430969238281,78.87999725341797,78.97000122070312,78.70999908447266,78.83000183105469,51469800
2025-03-17,72.38825988769531,79.06999969482422,79.0999984741211,78.87000274658203,78.88999938964844,33954200
2025-03-18,72.26009368896484,78.93000030517578,79.06999969482422,78.93000030517578,79.01000213623047,40195900
2025-03-19,72.73614501953125,79.44999694824219,79.54000091552734,78.95999908447266,78.95999908447266,45212700
2025-03-20,72.63545989990234,79.33999633789062,79.5,79.26000213623047,79.38999938964844,42977600
2025-03-21,72.52558135986328,79.22000122070312,79.30999755859375,79.06999969482422,79.2699966430664,35124000
2025-03-24,72.73614501953125,79.44999694824219,79.5,79.3499984741211,79.41999816894531,36393500
2025-03-25,72.69953155517578,79.41000366210938,79.58000183105469,79.37999725341797,79.5,29075500
2025-03-26,72.40656280517578,79.08999633789062,79.41999816894531,78.97000122070312,79.4000015258789,51236100
2025-03-27,72.26924896240234,78.94000244140625,79.13999938964844,78.93000030517578,79.05000305175781,38493100
2025-03-28,72.14108276367188,78.80000305175781,79.0,78.66000366210938,78.98999786376953,58896900
2025-03-31,72.22347259521484,78.88999938964844,78.91999816894531,78.5199966430664,78.5199966430664,47853500
2025-04-01,72.39090728759766,78.69000244140625,78.72000122070312,78.43000030517578,78.68000030517578,54256000
2025-04-02,72.53807830810547,78.8499984741211,78.86000061035156,78.54000091552734,78.54000091552734,49072400
2025-04-03,71.63654327392578,77.87000274658203,78.27999877929688,77.73999786376953,78.0999984741211,116401400
2025-04-04,70.61540222167969,76.76000213623047,77.33000183105469,76.54000091552734,76.80000305175781,181273300
2025-04-07,70.00823211669922,76.0999984741211,77.5999984741211,75.62999725341797,75.87000274658203,193374800
2025-04-08,69.68623352050781,75.75,77.12999725341797,75.41999816894531,77.0199966430664,106007700
2025-04-09,71.55374145507812,77.77999877929688,77.83999633789062,75.08000183105469,75.0999984741211,152382200
2025-04-10,70.38540649414062,76.51000213623047,77.18000030517578,76.13999938964844,77.06999969482422,93884100
2025-04-11,70.59699249267578,76.73999786376953,77.16999816894531,76.0,76.2699966430664,71884000
2025-04-14,70.94658660888672,77.12000274658203,77.45999908447266,76.94000244140625,77.27999877929688,50011400
2025-04-15,71.13975524902344,77.33000183105469,77.5,77.18000030517578,77.23999786376953,39790500
2025-04-16,71.13056945800781,77.31999969482422,77.5199966430664,77.11000061035156,77.3499984741211,52028800
2025-04-17,71.5445327758789,77.7699966430664,77.79000091552734,77.52999877929688,77.62000274658203,37355500
2025-04-21,71.12136840820312,77.30999755859375,77.51000213623047,77.1500015258789,77.48999786376953,36078000
2025-04-22,71.39733123779297,77.61000061035156,77.80999755859375,77.51000213623047,77.58000183105469,33941100
2025-04-23,71.75611877441406,78.0,78.73999786376953,77.97000122070312,78.5999984741211,63723400
2025-04-24,72.40009307861328,78.69999694824219,78.73999786376953,78.18000030517578,78.27999877929688,49007800
2025-04-25,72.4644775390625,78.7699966430664,78.94000244140625,78.54000091552734,78.58999633789062,47981700
2025-04-28,72.50130462646484,78.80999755859375,78.87000274658203,78.55000305175781,78.77999877929688,42220700
2025-04-29,72.69447326660156,79.0199966430664,79.05000305175781,78.6500015258789,78.6500015258789,51198600
2025-04-30,72.30809783935547,78.5999984741211,78.70999908447266,78.45999908447266,78.62999725341797,69994200
2025-05-01,72.4014892578125,78.30000305175781,78.48999786376953,78.22000122070312,78.4000015258789,50848600
2025-05-02,72.62342071533203,78.54000091552734,78.61000061035156,78.36000061035156,78.5,41354100
2025-05-05,72.5956802368164,78.51000213623047,78.63999938964844,78.4000015258789,78.47000122070312,39815300
2025-05-06,72.54017639160156,78.44999694824219,78.5199966430664,78.33000183105469,78.41000366210938,36292600
2025-05-07,72.60491180419922,78.5199966430664,78.62000274658203,78.36000061035156,78.55999755859375,32676200
2025-05-08,72.58643341064453,78.5,78.7699966430664,78.44999694824219,78.66999816894531,32684900
2025-05-09,72.63265991210938,78.55000305175781,78.69999694824219,78.54000091552734,78.58999633789062,23971200
2025-05-12,73.3539047241211,79.33000183105469,79.38999938964844,79.02999877929688,79.23999786376953,70558600
2025-05-13,73.48336029052734,79.47000122070312,79.58000183105469,79.31999969482422,79.37999725341797,52141900
2025-05-14,73.2152099609375,79.18000030517578,79.43000030517578,79.13999938964844,79.4000015258789,45406500
2025-05-15,73.3539047241211,79.33000183105469,79.33000183105469,79.05999755859375,79.05999755859375,49301300
2025-05-16,73.43711853027344,79.41999816894531,79.43000030517578,79.2699966430664,79.37999725341797,30657200
2025-05-19,73.40013885498047,79.37999725341797,79.38999938964844,79.05000305175781,79.05999755859375,26228800
2025-05-20,73.36314392089844,79.33999633789062,79.37999725341797,79.20999908447266,79.2699966430664,25933700
2025-05-21,72.87307739257812,78.80999755859375,79.22000122070312,78.80000305175781,79.08000183105469,54737300
2025-05-22,73.02100372314453,78.97000122070312,79.05000305175781,78.75,78.80999755859375,43242700
2025-05-23,73.00251770019531,78.94999694824219,78.9800033569336,78.73999786376953,78.76000213623047,29598900
2025-05-27,73.44635772705078,79.43000030517578,79.44000244140625,79.16999816894531,79.27999877929688,33524700
2025-05-28,73.40013885498047,79.37999725341797,79.44000244140625,79.25,79.41999816894531,27012900
2025-05-29,73.51107788085938,79.5,79.56999969482422,79.41000366210938,79.55999755859375,28616300
2025-05-30,73.57582092285156,79.56999969482422,79.58000183105469,79.4000015258789,79.44999694824219,28930300
2025-06-02,73.56281280517578,79.18000030517578,79.19000244140625,78.9800033569336,79.12999725341797,45527200
2025-06-03,73.70218658447266,79.33000183105469,79.3499984741211,79.16999816894531,79.23999786376953,28458700
2025-06-04,73.84153747558594,79.4800033569336,79.51000213623047,79.33999633789062,79.33999633789062,41403600
2025-06-05,73.68358612060547,79.30999755859375,79.48999786376953,79.2699966430664,79.47000122070312,44563900
2025-06-06,73.67431640625,79.30000305175781,79.38999938964844,79.25,79.37999725341797,41300100
2025-06-09,73.71147155761719,79.33999633789062,79.43000030517578,79.27999877929688,79.27999877929688,30169000
2025-06-10,73.88798522949219,79.52999877929688,79.55000305175781,79.33000183105469,79.41000366210938,24234400
2025-06-11,73.8694076538086,79.51000213623047,79.63999938964844,79.48999786376953,79.58999633789062,30114400
2025-06-12,73.9530258178711,79.5999984741211,79.5999984741211,79.47000122070312,79.51000213623047,28373200
2025-06-13,73.73004913330078,79.36000061035156,79.5,79.30000305175781,79.41999816894531,35271000
2025-06-16,73.87870025634766,79.5199966430664,79.5999984741211,79.48999786376953,79.5199966430664,26225100
2025-06-17,73.79507446289062,79.43000030517578,79.63999938964844,79.37000274658203,79.5199966430664,27747200
2025-06-18,73.90656280517578,79.55000305175781,79.70999908447266,79.43000030517578,79.48999786376953,32833500
2025-06-20,74.13883209228516,79.80000305175781,79.80999755859375,79.58999633789062,79.62000274658203,45845800
2025-06-23,74.2781753540039,79.94999694824219,79.94999694824219,79.70999908447266,79.7699966430664,32361400
2025-06-24,74.4825668334961,80.16999816894531,80.20999908447266,80.0,80.05000305175781,50893200
2025-06-25,74.46400451660156,80.1500015258789,80.22000122070312,80.08000183105469,80.18000030517578,24156100
2025-06-26,74.67767333984375,80.37999725341797,80.38999938964844,80.19999694824219,80.2699966430664,28889100
2025-06-27,74.6405258178711,80.33999633789062,80.47000122070312,80.30000305175781,80.4000015258789,47849500
2025-06-30,74.92853546142578,80.6500015258789,80.66999816894531,80.44999694824219,80.52999877929688,52885900
2025-07-01,74.8342514038086,80.16999816894531,80.2699966430664,80.0999984741211,80.19999694824219,45411000
2025-07-02,74.9742660522461,80.31999969482422,80.31999969482422,80.08000183105469,80.16999816894531,32359500
2025-07-03,75.02093505859375,80.37000274658203,80.38999938964844,80.26000213623047,80.30000305175781,19750000
2025-07-07,74.76891326904297,80.0999984741211,80.33999633789062,80.05999755859375,80.33000183105469,37027200
2025-07-08,74.66622161865234,79.98999786376953,80.12000274658203,79.94000244140625,80.08999633789062,31358900
2025-07-09,74.87159729003906,80.20999908447266,80.22000122070312,80.08000183105469,80.13999938964844,30277500
2025-07-10,74.79691314697266,80.12999725341797,80.22000122070312,80.12999725341797,80.20999908447266,28776200
2025-07-11,74.70356750488281,80.02999877929688,80.05000305175781,79.93000030517578,80.04000091552734,30482200
2025-07-14,74.75956726074219,80.08999633789062,80.0999984741211,79.97000122070312,80.01000213623047,23716200
2025-07-15,74.53555297851562,79.8499984741211,80.16999816894531,79.8499984741211,80.16000366210938,37039500
2025-07-16,74.73157501220703,80.05999755859375,80.08000183105469,79.75,79.94999694824219,39780100
2025-07-17,74.80625915527344,80.13999938964844,80.18000030517578,80.0,80.04000091552734,25703200
2025-07-18,74.90892028808594,80.25,80.31999969482422,80.18000030517578,80.26000213623047,27686400
2025-07-21,75.0115966796875,80.36000061035156,80.44999694824219,80.31999969482422,80.31999969482422,28483300
2025-07-22,75.14227294921875,80.5,80.5199966430664,80.33999633789062,80.44000244140625,26017700
2025-07-23,75.17961120605469,80.54000091552734,80.55000305175781,80.44000244140625,80.5199966430664,26025000
2025-07-24,75.0862808227539,80.44000244140625,80.51000213623047,80.41000366210938,80.44000244140625,27013700
2025-07-25,75.13294219970703,80.48999786376953,80.58000183105469,80.41000366210938,80.5,30123100
2025-07-28,75.09561157226562,80.44999694824219,80.5199966430664,80.44000244140625,80.5199966430664,22093800
2025-07-29,75.14227294921875,80.5,80.55000305175781,80.44999694824219,80.48999786376953,21371800
2025-07-30,74.98361206054688,80.33000183105469,80.5199966430664,80.25,80.44999694824219,38392400
2025-07-31,75.0302734375,80.37999725341797,80.4800033569336,80.33000183105469,80.4000015258789,41501300
2025-08-01,75.03402709960938,79.9800033569336,80.08999633789062,79.80000305175781,80.04000091552734,68963100
2025-08-04,75.28732299804688,80.25,80.25,80.05999755859375,80.08999633789062,37539200
2025-08-05,75.24980926513672,80.20999908447266,80.23999786376953,80.0999984741211,80.20999908447266,29656300
2025-08-06,75.3248519897461,80.29000091552734,80.30000305175781,80.13999938964844,80.20999908447266,30512900
2025-08-07,75.24980926513672,80.20999908447266,80.36000061035156,80.16000366210938,80.30999755859375,29405000
2025-08-08,75.2591781616211,80.22000122070312,80.25,80.16000366210938,80.19999694824219,24679000
2025-08-11,75.2591781616211,80.22000122070312,80.29000091552734,80.16999816894531,80.22000122070312,30159800
2025-08-12,75.42807006835938,80.4000015258789,80.4000015258789,80.20999908447266,80.2699966430664,40846200
2025-08-13,75.62505340576172,80.61000061035156,80.61000061035156,80.45999908447266,80.45999908447266,35039600
2025-08-14,75.42807006835938,80.4000015258789,80.48999786376953,80.3499984741211,80.48999786376953,36559900
2025-08-15,75.4843521118164,80.45999908447266,80.47000122070312,80.37000274658203,80.47000122070312,22754000
2025-08-18,75.42807006835938,80.4000015258789,80.48999786376953,80.37999725341797,80.44000244140625,25400800
2025-08-19,75.4092788696289,80.37999725341797,80.4800033569336,80.36000061035156,80.44999694824219,21700500
2025-08-20,75.38114166259766,80.3499984741211,80.43000030517578,80.30999755859375,80.41000366210938,29704900
2025-08-21,75.24042510986328,80.19999694824219,80.30000305175781,80.19000244140625,80.26000213623047,35825900
2025-08-22,75.8502197265625,80.8499984741211,80.86000061035156,80.30000305175781,80.31999969482422,59541500
2025-08-25,75.70012664794922,80.69000244140625,80.80999755859375,80.69000244140625,80.77999877929688,32714800
2025-08-26,75.8689956665039,80.87000274658203,80.9000015258789,80.73999786376953,80.79000091552734,33659900
2025-08-27,75.96280670166016,80.97000122070312,80.98999786376953,80.81999969482422,80.81999969482422,24335000
2025-08-28,76.00033569335938,81.01000213623047,81.01000213623047,80.9000015258789,80.97000122070312,24203800
2025-08-29,75.85961151123047,80.86000061035156,80.98999786376953,80.86000061035156,80.98999786376953,35070300
2025-09-02,75.777587890625,80.38999938964844,80.43000030517578,80.19999694824219,80.2699966430664,51804000
2025-09-03,75.9849624633789,80.61000061035156,80.61000061035156,80.41000366210938,80.41000366210938,34283100
2025-09-04,76.19236755371094,80.83000183105469,80.83999633789062,80.62999725341797,80.66000366210938,37999700
2025-09-05,76.23006439208984,80.87000274658203,81.0999984741211,80.83999633789062,80.9800033569336,39147800
2025-09-08,76.23006439208984,80.87000274658203,80.97000122070312,80.8499984741211,80.94999694824219,27003400
2025-09-09,76.14522552490234,80.77999877929688,80.87999725341797,80.66999816894531,80.8499984741211,36704500
2025-09-10,76.2017822265625,80.83999633789062,80.94000244140625,80.79000091552734,80.83999633789062,38106100
2025-09-11,76.39030456542969,81.04000091552734,81.0999984741211,80.91000366210938,80.91000366210938,34221500
2025-09-12,76.31489562988281,80.95999908447266,81.02999877929688,80.94000244140625,81.02999877929688,25702800
2025-09-15,76.53170013427734,81.19000244140625,81.19999694824219,81.06999969482422,81.08000183105469,27248800
2025-09-16,76.47512817382812,81.12999725341797,81.2300033569336,81.0999984741211,81.20999908447266,33075600
2025-09-17,76.39973449707031,81.05000305175781,81.23999786376953,80.91000366210938,81.19000244140625,35955700
2025-09-18,76.56941223144531,81.2300033569336,81.2699966430664,81.06999969482422,81.13999938964844,43250000
2025-09-19,76.5976791381836,81.26000213623047,81.29000091552734,81.1500015258789,81.25,32042900
2025-09-22,76.65424346923828,81.31999969482422,81.33000183105469,81.18000030517578,81.19000244140625,26670200
2025-09-23,76.5976791381836,81.26000213623047,81.36000061035156,81.19999694824219,81.33999633789062,37088500
2025-09-24,76.49398803710938,81.1500015258789,81.25,81.12000274658203,81.25,28124300
2025-09-25,76.27719116210938,80.91999816894531,81.01000213623047,80.88999938964844,81.0,33509900
2025-09-26,76.42802429199219,81.08000183105469,81.11000061035156,80.95999908447266,81.04000091552734,31046800
2025-09-29,76.55996704101562,81.22000122070312,81.23999786376953,81.12999725341797,81.16000366210938,28558500
2025-09-30,76.53170013427734,81.19000244140625,81.20999908447266,81.0999984741211,81.16999816894531,54970300
2025-10-01,76.6747055053711,80.95999908447266,81.0,80.77999877929688,80.80999755859375,58042600
2025-10-02,76.64630126953125,80.93000030517578,80.97000122070312,80.83999633789062,80.94000244140625,33348900
2025-10-03,76.56105041503906,80.83999633789062,80.94000244140625,80.81999969482422,80.91999816894531,35109200
2025-10-06,76.58000946044922,80.86000061035156,80.91000366210938,80.83000183105469,80.88999938964844,29485100
2025-10-07,76.49475860595703,80.7699966430664,80.88999938964844,80.76000213623047,80.88999938964844,27672300
2025-10-08,76.381103515625,80.6500015258789,80.83999633789062,80.63999938964844,80.81999969482422,34932200
2025-10-09,76.16329193115234,80.41999816894531,80.6500015258789,80.30999755859375,80.63999938964844,65586700
2025-10-10,75.71815490722656,79.94999694824219,80.48999786376953,79.94999694824219,80.47000122070312,83840400
2025-10-13,76.19168090820312,80.44999694824219,80.44999694824219,80.16999816894531,80.2300033569336,31926800
2025-10-14,76.27692413330078,80.54000091552734,80.63999938964844,80.11000061035156,80.18000030517578,63860100
2025-10-15,76.52317810058594,80.80000305175781,80.83000183105469,80.5999984741211,80.72000122070312,59802200
2025-10-16,76.24851989746094,80.51000213623047,80.81999969482422,80.45999908447266,80.80000305175781,75725200
2025-10-17,76.4474105834961,80.72000122070312,80.7300033569336,80.43000030517578,80.44000244140625,70044200
2025-10-20,76.59893035888672,80.87999725341797,80.91000366210938,80.7699966430664,80.7699966430664,43762300
2025-10-21,76.48529052734375,80.76000213623047,80.94000244140625,80.76000213623047,80.87999725341797,45418100
2025-10-22,76.40953063964844,80.68000030517578,80.80999755859375,80.5999984741211,80.76000213623047,50698600
2025-10-23,76.58000946044922,80.86000061035156,80.86000061035156,80.69999694824219,80.69999694824219,37962400
2025-10-24,76.78836822509766,81.08000183105469,81.08999633789062,80.97000122070312,81.02999877929688,39905600
2025-10-27,76.97775268554688,81.27999877929688,81.33000183105469,81.12999725341797,81.16999816894531,36495000
2025-10-28,76.90200805664062,81.19999694824219,81.27999877929688,81.16999816894531,81.27999877929688,31591400
2025-10-29,76.66522979736328,80.94999694824219,81.2300033569336,80.9000015258789,81.19999694824219,51827100
2025-10-30,76.52317810058594,80.80000305175781,80.94000244140625,80.76000213623047,80.79000091552734,39967300
2025-10-31,76.52317810058594,80.80000305175781,80.95999908447266,80.75,80.88999938964844,45044600
2025-11-03,76.28519439697266,80.13999938964844,80.4000015258789,80.12999725341797,80.38999938964844,54615100
2025-11-04,76.29471588134766,80.1500015258789,80.22000122070312,79.95999908447266,79.9800033569336,49705000
2025-11-05,76.3708724975586,80.2300033569336,80.27999877929688,80.16999816894531,80.19000244140625,42273700
2025-11-06,76.39942169189453,80.26000213623047,80.33000183105469,80.12999725341797,80.30999755859375,46629200
2025-11-07,76.46607208251953,80.33000183105469,80.3499984741211,80.08999633789062,80.25,47233800
2025-11-10,76.72306823730469,80.5999984741211,80.6500015258789,80.43000030517578,80.44999694824219,51875200
2025-11-11,76.8087387084961,80.69000244140625,80.7300033569336,80.61000061035156,80.61000061035156,17001100
2025-11-12,76.65644073486328,80.52999877929688,80.69999694824219,80.48999786376953,80.69000244140625,43962900
2025-11-13,76.34231567382812,80.19999694824219,80.41999816894531,80.1500015258789,80.41999816894531,53631300
2025-11-14,76.3613510131836,80.22000122070312,80.4000015258789,80.08000183105469,80.08000183105469,40853500
2025-11-17,76.23759460449219,80.08999633789062,80.2699966430664,80.04000091552734,80.19000244140625,42954200
2025-11-18,76.25665283203125,80.11000061035156,80.19000244140625,79.98999786376953,80.0199966430664,44098700
2025-11-19,76.29471588134766,80.1500015258789,80.30000305175781,80.08999633789062,80.13999938964844,33510100
2025-11-20,76.24712371826172,80.0999984741211,80.48999786376953,80.0999984741211,80.41000366210938,65471200
2025-11-21,76.50413513183594,80.37000274658203,80.41000366210938,80.12999725341797,80.26000213623047,62331700
2025-11-24,76.71356201171875,80.58999633789062,80.5999984741211,80.4000015258789,80.41999816894531,38964900
2025-11-25,76.98009490966797,80.87000274658203,80.9000015258789,80.54000091552734,80.56999969482422,56524800
2025-11-26,77.05622863769531,80.94999694824219,80.9800033569336,80.79000091552734,80.83000183105469,27454800
2025-11-28,77.09430694580078,80.98999786376953,81.06999969482422,80.94000244140625,81.0,29430800
2025-12-01,76.95565032958984,80.47000122070312,80.54000091552734,80.37999725341797,80.4000015258789,45274800
2025-12-02,77.0990982055664,80.62000274658203,80.63999938964844,80.4800033569336,80.54000091552734,38842600
2025-12-03,77.16604614257812,80.69000244140625,80.79000091552734,80.56999969482422,80.61000061035156,35019100
2025-12-04,77.2234115600586,80.75,80.7699966430664,80.56999969482422,80.69999694824219,34777400
2025-12-05,77.2234115600586,80.75,80.80999755859375,80.66999816894531,80.7300033569336,30486800
2025-12-08,77.03215789794922,80.55000305175781,80.73999786376953,80.48999786376953,80.72000122070312,43160800
2025-12-09,76.94608306884766,80.45999908447266,80.61000061035156,80.44000244140625,80.55000305175781,30558800
2025-12-10,77.20429229736328,80.7300033569336,80.79000091552734,80.41999816894531,80.43000030517578,53052100
2025-12-11,77.19473266601562,80.72000122070312,80.76000213623047,80.66000366210938,80.73999786376953,44546400
2025-12-12,77.05127716064453,80.56999969482422,80.70999908447266,80.52999877929688,80.69000244140625,45566100
2025-12-15,77.08953857421875,80.61000061035156,80.69999694824219,80.56999969482422,80.66999816894531,28983600
2025-12-16,77.13734436035156,80.66000366210938,80.66999816894531,80.55999755859375,80.61000061035156,27908000
2025-12-17,77.04170989990234,80.55999755859375,80.66999816894531,80.51000213623047,80.6500015258789,36999700
2025-12-18,77.25211334228516,80.77999877929688,80.80000305175781,80.66999816894531,80.77999877929688,52680500
2025-12-19,77.21463775634766,80.36000061035156,80.47000122070312,80.33000183105469,80.43000030517578,34413300
2025-12-22,77.28189849853516,80.43000030517578,80.45999908447266,80.29000091552734,80.45999908447266,37203900
2025-12-23,77.33954620361328,80.48999786376953,80.48999786376953,80.3499984741211,80.37000274658203,24341800
2025-12-24,77.48368072509766,80.63999938964844,80.63999938964844,80.47000122070312,80.51000213623047,10533500
2025-12-26,77.44523620605469,80.5999984741211,80.69999694824219,80.58999633789062,80.63999938964844,10922900
2025-12-29,77.47406005859375,80.62999725341797,80.66000366210938,80.55000305175781,80.55999755859375,22012700
2025-12-30,77.55094146728516,80.70999908447266,80.75,80.61000061035156,80.63999938964844,20146700
2025-12-31,77.47406005859375,80.62999725341797,80.75,80.62999725341797,80.72000122070312,17457100
2026-01-02,77.51250457763672,80.66999816894531,80.72000122070312,80.58999633789062,80.72000122070312,28403300
2026-01-05,77.71427917480469,80.87999725341797,80.91000366210938,80.69999694824219,80.73999786376953,38563200
2026-01-06,77.7334976196289,80.9000015258789,80.94000244140625,80.81999969482422,80.9000015258789,31721500
2026-01-07,77.71427917480469,80.87999725341797,81.0,80.83999633789062,80.95999908447266,27022700
2026-01-08,77.77193450927734,80.94000244140625,80.94999694824219,80.80000305175781,80.83999633789062,33516900
2026-01-09,77.82958221435547,81.0,81.02999877929688,80.94999694824219,80.94999694824219,31849200
2026-01-12,77.8680191040039,81.04000091552734,81.05000305175781,80.9000015258789,80.91000366210938,23983600
2026-01-13,77.8680191040039,81.04000091552734,81.08000183105469,80.97000122070312,81.06999969482422,27607400
2026-01-14,77.8680191040039,81.04000091552734,81.05000305175781,80.93000030517578,81.0,42994000
2026-01-15,77.8680191040039,81.04000091552734,81.11000061035156,81.0,81.0999984741211,30412400
2026-01-16,77.91606903076172,81.08999633789062,81.0999984741211,80.98999786376953,81.08000183105469,52466300
2026-01-20,77.71427917480469,80.87999725341797,80.94999694824219,80.66999816894531,80.75,38653400
2026-01-21,77.94489288330078,81.12000274658203,81.16000366210938,80.95999908447266,80.9800033569336,42023500
2026-01-22,78.00253295898438,81.18000030517578,81.23999786376953,81.12999725341797,81.19000244140625,35231900
2026-01-23,77.9640884399414,81.13999938964844,81.19999694824219,81.04000091552734,81.18000030517578,38360500
2026-01-26,78.00253295898438,81.18000030517578,81.22000122070312,81.12000274658203,81.19000244140625,27027500
2026-01-27,77.99293518066406,81.16999816894531,81.22000122070312,81.13999938964844,81.18000030517578,22961500
2026-01-28,77.8680191040039,81.04000091552734,81.18000030517578,81.02999877929688,81.16999816894531,35559200
2026-01-29,77.8583984375,81.02999877929688,81.06999969482422,80.9000015258789,81.05000305175781,38201600
2026-01-30,77.94489288330078,81.12000274658203,81.12999725341797,80.91999816894531,80.91999816894531,59848000
2026-02-02,77.99219512939453,80.7699966430664,80.80999755859375,80.63999938964844,80.66999816894531,42890700
2026-02-03,77.94392395019531,80.72000122070312,80.80999755859375,80.52999877929688,80.76000213623047,49372700
2026-02-04,77.84736633300781,80.62000274658203,80.72000122070312,80.54000091552734,80.69999694824219,42829400
2026-02-05,77.76045989990234,80.52999877929688,80.62000274658203,80.44999694824219,80.55999755859375,75554200
2026-02-06,78.03082275390625,80.80999755859375,80.80999755859375,80.62000274658203,80.66999816894531,40915900
2026-02-09,78.13704681396484,80.91999816894531,80.91999816894531,80.76000213623047,80.76000213623047,33716900
2026-02-10,78.05979919433594,80.83999633789062,81.01000213623047,80.83999633789062,80.94999694824219,37886100
2026-02-11,78.0501480102539,80.83000183105469,80.93000030517578,80.72000122070312,80.9000015258789,27272300
2026-02-12,78.01151275634766,80.79000091552734,80.97000122070312,80.75,80.91000366210938,48457000
2026-02-13,78.06944274902344,80.8499984741211,80.94000244140625,80.81999969482422,80.83000183105469,36612400
2026-02-17,78.03082275390625,80.80999755859375,80.86000061035156,80.73999786376953,80.81999969482422,35682000
2026-02-18,78.12739562988281,80.91000366210938,80.9800033569336,80.80999755859375,80.83999633789062,33943100
2026-02-19,78.15635681152344,80.94000244140625,80.94000244140625,80.83000183105469,80.87999725341797,29531000
2026-02-20,78.21429443359375,81.0,81.0,80.87000274658203,80.93000030517578,37959800
2026-02-23,78.0887680053711,80.87000274658203,81.01000213623047,80.83999633789062,80.95999908447266,33666000
2026-02-24,78.03082275390625,80.80999755859375,80.87000274658203,80.6500015258789,80.8499984741211,54979900
2026-02-25,78.13704681396484,80.91999816894531,80.93000030517578,80.81999969482422,80.81999969482422,29428200
2026-02-26,78.06944274902344,80.8499984741211,80.94000244140625,80.76000213623047,80.88999938964844,54533600
2026-02-27,77.94392395019531,80.72000122070312,80.80000305175781,80.6500015258789,80.75,62450000
2026-03-02,77.8992919921875,80.27999877929688,80.41000366210938,80.02999877929688,80.05999755859375,74327000
2026-03-03,77.74403381347656,80.12000274658203,80.30999755859375,79.83999633789062,79.94000244140625,118126800
2026-03-04,78.01573181152344,80.4000015258789,80.44999694824219,80.19999694824219,80.2300033569336,58694100
2026-03-05,77.70521545410156,80.08000183105469,80.30999755859375,80.0199966430664,80.2699966430664,79841000
2026-03-06,77.32678985595703,79.69000244140625,80.0,79.6500015258789,79.75,82125600
2026-03-09,77.79254150390625,80.16999816894531,80.18000030517578,79.54000091552734,79.58999633789062,88695000
2026-03-10,77.6664047241211,80.04000091552734,80.37999725341797,80.02999877929688,80.05000305175781,67499600
2026-03-11,77.49174499511719,79.86000061035156,80.04000091552734,79.80999755859375,79.98999786376953,59983500
2026-03-12,76.99686431884766,79.3499984741211,79.75,79.31999969482422,79.75,68674300
2026-03-13,76.85131072998047,79.19999694824219,79.68000030517578,79.12000274658203,79.52999877929688,68652900
2026-03-16,77.09390258789062,79.44999694824219,79.66999816894531,79.44999694824219,79.51000213623047,57535600
2026-03-17,77.44322204589844,79.80999755859375,79.81999969482422,79.56999969482422,79.61000061035156,47967800
2026-03-18,77.04537963867188,79.4000015258789,79.75,79.38999938964844,79.69000244140625,50281900
2026-03-19,77.29768371582031,79.66000366210938,79.69999694824219,78.98999786376953,79.02999877929688,103981600
2026-03-20,76.5796127319336,78.91999816894531,79.52999877929688,78.8499984741211,79.5,109084800
2026-03-23,77.08419799804688,79.44000244140625,79.69999694824219,79.16999816894531,79.30000305175781,79015800
2026-03-24,76.82220458984375,79.16999816894531,79.41000366210938,79.05999755859375,79.23999786376953,71941600
2026-03-25,77.06478881835938,79.41999816894531,79.58000183105469,79.3499984741211,79.44999694824219,49917700
2026-03-26,76.5796127319336,78.91999816894531,79.33000183105469,78.80000305175781,79.25,74979300
2026-03-27,76.38554382324219,78.72000122070312,78.83999633789062,78.56999969482422,78.83999633789062,68174300
2026-03-30,76.47286987304688,78.80999755859375,79.0999984741211,78.76000213623047,79.0199966430664,55210700
2026-03-31,77.20063781738281,79.55999755859375,79.61000061035156,79.12000274658203,79.16000366210938,101521300
2026-04-01,77.3897933959961,79.37000274658203,79.45999908447266,79.23999786376953,79.3499984741211,69789200
2026-04-02,77.5750503540039,79.55999755859375,79.62999725341797,79.08000183105469,79.08000183105469,53828200
2026-04-06,77.7115707397461,79.69999694824219,79.70999908447266,79.5,79.51000213623047,37098300
2026-04-07,77.73107147216797,79.72000122070312,79.73999786376953,79.31999969482422,79.66999816894531,47264100
2026-04-08,78.18934631347656,80.19000244140625,80.5199966430664,80.02999877929688,80.47000122070312,58556400
2026-04-09,78.277099609375,80.27999877929688,80.38999938964844,80.0,80.1500015258789,45207500
2026-04-10,77.96508026123047,79.95999908447266,80.33999633789062,79.94999694824219,80.33999633789062,33005600
2026-04-13,78.25759887695312,80.26000213623047,80.2699966430664,79.87999725341797,79.87999725341797,38561400
2026-04-14,78.4916000366211,80.5,80.55999755859375,80.29000091552734,80.33999633789062,42038000
2026-04-15,78.45259857177734,80.45999908447266,80.48999786376953,80.3499984741211,80.44999694824219,47834900
2026-04-16,78.3453369140625,80.3499984741211,80.52999877929688,80.26000213623047,80.52999877929688,37743400
2026-04-17,78.63786315917969,80.6500015258789,80.76000213623047,80.55999755859375,80.5999984741211,61651600
2026-04-20,78.56961059570312,80.58000183105469,80.66999816894531,80.5,80.62999725341797,21104400
2026-04-21,78.36485290527344,80.37000274658203,80.58000183105469,80.30999755859375,80.55000305175781,58623500
2026-04-22,78.4916000366211,80.5,80.56999969482422,80.41999816894531,80.5,28004500
2026-04-23,78.36485290527344,80.37000274658203,80.55000305175781,80.16000366210938,80.45999908447266,49921700
2026-04-24,78.47210693359375,80.4800033569336,80.52999877929688,80.30000305175781,80.44000244140625,33626300
2026-04-27,78.50135040283203,80.51000213623047,80.54000091552734,80.41999816894531,80.44000244140625,24643700
2026-04-28,78.39410400390625,80.4000015258789,80.43000030517578,80.33000183105469,80.3499984741211,36382400
2026-04-29,78.13084411621094,80.12999725341797,80.33999633789062,79.9800033569336,80.31999969482422,56809400
2026-04-30,78.37459564208984,80.37999725341797,80.41999816894531,80.16999816894531,80.18000030517578,51626100
2026-05-01,78.47163391113281,80.05999755859375,80.2300033569336,80.02999877929688,80.05999755859375,43740400
2026-05-04,78.216796875,79.80000305175781,80.0199966430664,79.69000244140625,80.0199966430664,35069300
2026-05-05,78.33440399169922,79.91999816894531,80.0199966430664,79.88999938964844,79.88999938964844,26357900
2026-05-06,78.56964874267578,80.16000366210938,80.23999786376953,80.08000183105469,80.08999633789062,38323100
2026-05-07,78.27560424804688,79.86000061035156,80.23999786376953,79.86000061035156,80.22000122070312,44772900
2026-05-08,78.55004119873047,80.13999938964844,80.1500015258789,80.0,80.01000213623047,29715200
2026-05-11,78.39321899414062,79.9800033569336,80.1500015258789,79.9800033569336,80.08000183105469,34366600
2026-05-12,78.28541564941406,79.87000274658203,79.88999938964844,79.69999694824219,79.81999969482422,37418900
2026-05-13,78.3246078491211,79.91000366210938,79.94999694824219,79.79000091552734,79.83999633789062,33257100
2026-05-14,78.26580047607422,79.8499984741211,80.05000305175781,79.8499984741211,79.97000122070312,27235600
2026-05-15,77.88353729248047,79.45999908447266,79.69000244140625,79.45999908447266,79.63999938964844,54466000
2026-05-18,77.96195983886719,79.54000091552734,79.69999694824219,79.44000244140625,79.62999725341797,38596100
2026-05-19,77.77571868896484,79.3499984741211,79.44999694824219,79.2300033569336,79.41000366210938,42904700
2026-05-20,78.27560424804688,79.86000061035156,79.87000274658203,79.4000015258789,79.5,58906300
2026-05-21,78.31481170654297,79.9000015258789,79.98999786376953,79.6500015258789,79.75,37584600
2026-05-22,78.3246078491211,79.91000366210938,80.0199966430664,79.83999633789062,80.01000213623047,22429400
2026-05-26,78.58924865722656,80.18000030517578,80.19000244140625,80.04000091552734,80.13999938964844,30406100
2026-05-27,78.54023742675781,80.12999725341797,80.20999908447266,80.08000183105469,80.16999816894531,22523800
2026-05-28,78.63826751708984,80.2300033569336,80.2699966430664,80.04000091552734,80.08000183105469,32001600
2026-05-29,78.7166748046875,80.30999755859375,80.36000061035156,80.20999908447266,80.26000213623047,39142200
2026-06-01,78.65657043457031,79.83999633789062,79.87999725341797,79.63999938964844,79.79000091552734,32671000
2026-06-02,78.71568298339844,79.9000015258789,79.9000015258789,79.79000091552734,79.83999633789062,25237500
2026-06-03,78.49894714355469,79.68000030517578,79.77999877929688,79.62999725341797,79.75,28203400
2026-06-04,78.64672088623047,79.83000183105469,79.8499984741211,79.75,79.75,22697900
2026-06-05,78.25265502929688,79.43000030517578,79.72000122070312,79.3499984741211,79.69999694824219,46035600
2026-06-08,78.36102294921875,79.54000091552734,79.6500015258789,79.4800033569336,79.5999984741211,25217800
2026-06-09,78.4398422241211,79.62000274658203,79.79000091552734,79.41999816894531,79.62000274658203,34705500
2026-06-10,78.29206085205078,79.47000122070312,79.63999938964844,79.44999694824219,79.55999755859375,30345200
2026-06-11,78.75509643554688,79.94000244140625,79.97000122070312,79.5199966430664,79.56999969482422,55089500
2026-06-12,78.75509643554688,79.94000244140625,80.0,79.80000305175781,79.94000244140625,29873300
2026-06-15,78.85360717773438,80.04000091552734,80.16999816894531,80.02999877929688,80.13999938964844,32019600
2026-06-16,78.84375762939453,80.02999877929688,80.11000061035156,79.95999908447266,80.02999877929688,24471900
2026-06-17,78.5482177734375,79.7300033569336,80.06999969482422,79.70999908447266,79.98999786376953,47184800
2026-06-18,78.82405853271484,80.01000213623047,80.06999969482422,79.91999816894531,80.02999877929688,41111700
2026-06-22,78.75509643554688,79.94000244140625,79.9800033569336,79.87000274658203,79.94000244140625,26479500
2026-06-23,78.6861343383789,79.87000274658203,79.97000122070312,79.81999969482422,79.83000183105469,29811300
2026-06-24,78.66642761230469,79.8499984741211,79.98999786376953,79.83999633789062,79.94000244140625,38841000
2026-06-25,78.69598388671875,79.87999725341797,79.9800033569336,79.81999969482422,79.91999816894531,29322400
2026-06-26,78.64672088623047,79.83000183105469,79.94999694824219,79.80999755859375,79.81999969482422,27647500
2026-06-29,78.82405853271484,80.01000213623047,80.02999877929688,79.8499984741211,79.94999694824219,37325700
2026-06-30,78.78465270996094,79.97000122070312,80.05000305175781,79.91999816894531,80.0,38103900
2026-07-01,78.77375793457031,79.58999633789062,79.66000366210938,79.51000213623047,79.55999755859375,38152300
2026-07-02,78.89252471923828,79.70999908447266,79.79000091552734,79.66999816894531,79.7300033569336,26111800
2026-07-06,79.05089569091797,79.87000274658203,79.91000366210938,79.7300033569336,79.7300033569336,25159400
2026-07-07,78.94202423095703,79.76000213623047,79.87999725341797,79.72000122070312,79.8499984741211,28558300
2026-07-08,78.84304809570312,79.66000366210938,79.68000030517578,79.54000091552734,79.61000061035156,30771300
2026-07-09,78.93212127685547,79.75,79.86000061035156,79.66999816894531,79.7300033569336,21882200
2026-07-10,78.89252471923828,79.70999908447266,79.83000183105469,79.62000274658203,79.77999877929688,24550300
2026-07-13,78.70448303222656,79.5199966430664,79.69000244140625,79.45999908447266,79.66999816894531,32133300
2026-07-14,78.86283874511719,79.68000030517578,79.69000244140625,79.56999969482422,79.68000030517578,28248700
2026-07-15,78.99150085449219,79.80999755859375,79.83999633789062,79.70999908447266,79.70999908447266,26948800
2026-07-16,78.98160552978516,79.80000305175781,79.83999633789062,79.7300033569336,79.76000213623047,22780300
2026-07-17,78.83314514160156,79.6500015258789,79.83999633789062,79.62999725341797,79.75,42020100
2026-07-20,78.86283874511719,79.68000030517578,79.7699966430664,79.66999816894531,79.73999786376953,19767900
2026-07-21,78.83314514160156,79.6500015258789,79.73999786376953,79.5999984741211,79.72000122070312,27198800
2026-07-22,78.70448303222656,79.5199966430664,79.6500015258789,79.4800033569336,79.61000061035156,24851700
2026-07-23,78.4174575805664,79.2300033569336,79.37000274658203,79.1500015258789,79.27999877929688,52554200
2026-07-24,78.4174575805664,79.2300033569336,79.30999755859375,79.16000366210938,79.25,41964600
2026-07-27,78.45703887939453,79.2699966430664,79.4000015258789,79.23999786376953,79.33999633789062,28939800
2026-07-28,78.60550689697266,79.41999816894531,79.41999816894531,79.25,79.31999969482422,33698300
2026-07-29,78.42735290527344,79.23999786376953,79.4800033569336,79.13999938964844,79.37000274658203,53074500
2026-07-30,78.65499114990234,79.47000122070312,79.5,79.33000183105469,79.37999725341797,30570700
2026-07-31,78.6648941040039,79.4800033569336,79.54000091552734,79.23999786376953,79.45999908447266,38659800
2026-08-03,78.87772369384766,79.30999755859375,79.33000183105469,79.1500015258789,79.25,30860100
2026-08-04,79.11642456054688,79.55000305175781,79.5999984741211,79.37000274658203,79.37000274658203,46524700
2026-08-05,79.08657836914062,79.5199966430664,79.55999755859375,79.44000244140625,79.55000305175781,25771800
2026-08-06,79.02690887451172,79.45999908447266,79.51000213623047,79.41000366210938,79.51000213623047,25818200
2026-08-07,79.17609405517578,79.61000061035156,79.69000244140625,79.56999969482422,79.66999816894531,23459400
2026-08-10,79.04680633544922,79.4800033569336,79.56999969482422,79.41000366210938,79.56999969482422,30292400
2026-08-11,79.0766372680664,79.51000213623047,79.56999969482422,79.48999786376953,79.55000305175781,17988300
2026-08-12,79.17609405517578,79.61000061035156,79.66000366210938,79.58999633789062,79.63999938964844,25243300
2026-08-13,79.35511016845703,79.79000091552734,79.86000061035156,79.68000030517578,79.73999786376953,28659200
2026-08-14,79.27554321289062,79.70999908447266,79.81999969482422,79.66000366210938,79.80000305175781,26611000
2026-08-17,79.17609405517578,79.61000061035156,79.70999908447266,79.58999633789062,79.66999816894531,22620500
2026-08-18,79.09652709960938,79.52999877929688,79.58000183105469,79.47000122070312,79.55999755859375,29462900
2026-08-19,79.27554321289062,79.70999908447266,79.73999786376953,79.63999938964844,79.69000244140625,29670000
2026-08-20,79.12635803222656,79.55999755859375,79.62999725341797,79.4800033569336,79.55000305175781,41762500
2026-08-21,79.17609405517578,79.61000061035156,79.66000366210938,79.55000305175781,79.66000366210938,37545400
2026-08-24,79.26559448242188,79.69999694824219,79.70999908447266,79.58000183105469,79.62000274658203,20714600
2026-08-25,79.4843978881836,79.91999816894531,79.94000244140625,79.76000213623047,79.83000183105469,29540300
2026-08-26,79.46451568603516,79.9000015258789,79.91000366210938,79.77999877929688,79.86000061035156,28585000
2026-08-27,79.43467712402344,79.87000274658203,79.97000122070312,79.81999969482422,79.93000030517578,32490100
2026-08-28,79.30538177490234,79.73999786376953,79.94999694824219,79.66000366210938,79.9000015258789,35134500
2026-08-31,79.375,79.80999755859375,79.80999755859375,79.62999725341797,79.70999908447266,36481400
2026-09-01,79.0999984741211,79.0999984741211,79.30000305175781,79.05999755859375,79.2699966430664,48867800
2026-09-02,79.11000061035156,79.11000061035156,79.2300033569336,79.0999984741211,79.13999938964844,34409100
2026-09-03,79.20999908447266,79.20999908447266,79.30000305175781,79.16999816894531,79.20999908447266,23037600
2026-09-04,79.16000366210938,79.16000366210938,79.23999786376953,79.1500015258789,79.19999694824219,25350900
2026-09-08,79.12000274658203,79.12000274658203,79.23999786376953,79.0999984741211,79.19000244140625,27470400
2026-09-09,78.9800033569336,78.9800033569336,79.11000061035156,78.9800033569336,79.08999633789062,31651700
2026-09-10,78.62000274658203,78.62000274658203,78.81999969482422,78.61000061035156,78.79000091552734,53424500
2026-09-11,78.5999984741211,78.5999984741211,78.86000061035156,78.5999984741211,78.77999877929688,38955300
2026-09-14,78.52999877929688,78.52999877929688,78.63999938964844,78.41000366210938,78.55000305175781,44071500
2026-09-15,78.37999725341797,78.37999725341797,78.51000213623047,78.37999725341797,78.51000213623047,42245600
2026-09-16,78.41999816894531,78.41999816894531,78.70999908447266,78.36000061035156,78.5,48625900
2026-09-17,78.72000122070312,78.72000122070312,78.75,78.66000366210938,78.7300033569336,45356000
2026-09-18,78.52999877929688,78.52999877929688,78.6500015258789,78.4800033569336,78.61000061035156,34871100
