Date,Adj Close,Close,High,Low,Open,Volume
2021-09-20,111.16651916503906,135.77999877929688,135.8300018310547,135.3800048828125,135.3800048828125,17519900
2021-09-21,111.15833282470703,135.77000427246094,135.88999938964844,135.6699981689453,135.8000030517578,15834600
2021-09-22,111.46942901611328,136.14999389648438,136.2100067138672,135.6300048828125,135.77999877929688,15898200
2021-09-23,110.69985961914062,135.2100067138672,135.7100067138672,135.0,135.7100067138672,14735500
2021-09-24,110.46244049072266,134.9199981689453,135.14999389648438,134.77999877929688,135.05999755859375,10797300
2021-09-27,110.40512084960938,134.85000610351562,134.9600067138672,134.5399932861328,134.6300048828125,13104100
2021-09-28,109.22614288330078,133.41000366210938,134.0500030517578,133.38999938964844,134.0500030517578,19987200
2021-09-29,109.20159912109375,133.3800048828125,134.07000732421875,133.25,133.77999877929688,14956300
2021-09-30,108.91504669189453,133.02999877929688,133.3800048828125,132.97000122070312,133.30999755859375,21397100
2021-10-01,109.70664978027344,133.74000549316406,133.94000244140625,133.17999267578125,133.22999572753906,21381400
2021-10-04,109.52618408203125,133.52000427246094,133.6699981689453,133.25,133.42999267578125,12931100
2021-10-05,109.07498168945312,132.97000122070312,133.50999450683594,132.97000122070312,133.39999389648438,14635200
2021-10-06,109.10782623291016,133.00999450683594,133.1300048828125,132.77999877929688,133.0,13855500
2021-10-07,108.62386322021484,132.4199981689453,132.82000732421875,132.3800048828125,132.72000122070312,15805500
2021-10-08,108.12344360351562,131.80999755859375,132.30999755859375,131.7100067138672,132.27999877929688,9079400
2021-10-11,107.91840362548828,131.55999755859375,131.83999633789062,131.5399932861328,131.5800018310547,4337000
2021-10-12,108.60742950439453,132.39999389648438,132.4499969482422,131.83999633789062,132.08999633789062,19870400
2021-10-13,109.15705108642578,133.07000732421875,133.11000061035156,132.55999755859375,132.61000061035156,18260300
2021-10-14,109.67378997802734,133.6999969482422,133.6999969482422,133.22000122070312,133.30999755859375,15870000
2021-10-15,109.28007507324219,133.22000122070312,133.27999877929688,133.0,133.2100067138672,13131700
2021-10-18,109.1898193359375,133.11000061035156,133.2899932861328,132.7100067138672,133.0,11530300
2021-10-19,108.59103393554688,132.3800048828125,132.8300018310547,132.3800048828125,132.77999877929688,12213200
2021-10-20,108.32852172851562,132.05999755859375,132.50999450683594,132.02999877929688,132.30999755859375,13810200
2021-10-21,108.09880828857422,131.77999877929688,132.05999755859375,131.66000366210938,132.0,13131000
2021-10-22,108.5335693359375,132.30999755859375,132.44000244140625,131.97999572753906,132.08999633789062,13735100
2021-10-25,108.5827865600586,132.3699951171875,132.63999938964844,132.25999450683594,132.3000030517578,8206800
2021-10-26,109.05037689208984,132.94000244140625,132.9600067138672,132.39999389648438,132.72000122070312,10100600
2021-10-27,109.71479797363281,133.75,134.05999755859375,133.24000549316406,133.52999877929688,15928300
2021-10-28,109.55078125,133.5500030517578,133.8800048828125,133.2899932861328,133.7100067138672,18514400
2021-10-29,109.49335479736328,133.47999572753906,133.72000122070312,132.9499969482422,133.00999450683594,17367800
2021-11-01,109.2977066040039,132.97999572753906,133.07000732421875,132.61000061035156,132.61000061035156,11894200
2021-11-02,109.71688842773438,133.49000549316406,133.57000732421875,132.97999572753906,132.97999572753906,18047600
2021-11-03,109.43744659423828,133.14999389648438,133.74000549316406,132.91000366210938,133.6300048828125,11847700
2021-11-04,110.01280975341797,133.85000610351562,134.02999877929688,133.3000030517578,133.3000030517578,20135500
2021-11-05,110.81827545166016,134.8300018310547,135.0,134.22000122070312,134.33999633789062,15840400
2021-11-08,110.5634536743164,134.52000427246094,134.7100067138672,134.33999633789062,134.69000244140625,8494200
2021-11-09,110.859375,134.8800048828125,135.30999755859375,134.86000061035156,135.2100067138672,18075300
2021-11-10,109.72511291503906,133.5,134.69000244140625,133.25,134.6699981689453,23397300
2021-11-11,109.41277313232422,133.1199951171875,133.67999267578125,133.0500030517578,133.5399932861328,6168900
2021-11-12,109.2977066040039,132.97999572753906,133.4199981689453,132.7899932861328,133.3000030517578,11897100
2021-11-15,108.46761322021484,131.97000122070312,132.89999389648438,131.9600067138672,132.85000610351562,12353400
2021-11-16,108.28678894042969,131.75,132.35000610351562,131.67999267578125,131.88999938964844,18709500
2021-11-17,108.72238159179688,132.27999877929688,132.32000732421875,131.49000549316406,131.60000610351562,14541100
2021-11-18,108.9689712524414,132.5800018310547,132.69000244140625,132.19000244140625,132.19000244140625,14086100
2021-11-19,109.37993621826172,133.0800018310547,133.2100067138672,132.88999938964844,132.89999389648438,17682900
2021-11-22,108.42648315429688,131.9199981689453,132.75999450683594,131.8699951171875,132.5500030517578,13745400
2021-11-23,107.65390014648438,130.97999572753906,131.6999969482422,130.97999572753906,131.61000061035156,10986900
2021-11-24,108.17169189453125,131.61000061035156,131.6300048828125,130.80999755859375,130.9600067138672,14019900
2021-11-26,109.05116271972656,132.67999267578125,132.74000549316406,131.80999755859375,132.02000427246094,14399300
2021-11-29,109.12510681152344,132.77000427246094,132.8699951171875,132.0500030517578,132.13999938964844,21231700
2021-11-30,109.36346435546875,133.05999755859375,133.72999572753906,132.77000427246094,133.22999572753906,28873400
2021-12-01,109.37911987304688,132.83999633789062,132.9600067138672,132.35000610351562,132.77000427246094,18070800
2021-12-02,109.6343765258789,133.14999389648438,133.22999572753906,132.60000610351562,132.8699951171875,17305900
2021-12-03,110.54835510253906,134.25999450683594,134.55999755859375,133.07000732421875,133.1199951171875,25739900
2021-12-06,109.98841094970703,133.5800018310547,134.24000549316406,133.50999450683594,134.2100067138672,25332000
2021-12-07,110.037841796875,133.63999938964844,134.07000732421875,133.47999572753906,133.63999938964844,17338200
2021-12-08,109.30500793457031,132.75,133.36000061035156,132.5399932861328,133.3000030517578,17408000
2021-12-09,109.21446990966797,132.63999938964844,133.16000366210938,132.58999633789062,132.94000244140625,12348300
2021-12-10,109.33797454833984,132.7899932861328,133.3300018310547,132.72999572753906,133.2899932861328,12792300
2021-12-13,109.83197021484375,133.38999938964844,133.6999969482422,133.27999877929688,133.32000732421875,10264200
2021-12-14,109.33797454833984,132.7899932861328,133.1699981689453,132.61000061035156,133.02999877929688,17725400
2021-12-15,109.47794342041016,132.9600067138672,133.02999877929688,132.32000732421875,132.3699951171875,20585100
2021-12-16,109.47462463378906,132.6999969482422,133.10000610351562,132.52000427246094,132.77999877929688,9750200
2021-12-17,109.73039245605469,133.00999450683594,133.13999938964844,132.85000610351562,132.85000610351562,8753100
2021-12-20,109.25188446044922,132.42999267578125,132.91000366210938,132.35000610351562,132.77000427246094,12931400
2021-12-21,109.46636962890625,132.69000244140625,132.6999969482422,131.47999572753906,131.47999572753906,12933300
2021-12-22,109.6396484375,132.89999389648438,132.91000366210938,132.55999755859375,132.8699951171875,7850800
2021-12-23,109.47462463378906,132.6999969482422,132.82000732421875,132.4199981689453,132.77000427246094,8401200
2021-12-27,109.79637145996094,133.08999633789062,133.1999969482422,132.67999267578125,132.74000549316406,8744200
2021-12-28,109.65608978271484,132.9199981689453,133.41000366210938,132.75,133.36000061035156,6864300
2021-12-29,109.05390167236328,132.19000244140625,132.50999450683594,132.0,132.3800048828125,7263000
2021-12-30,109.49115753173828,132.72000122070312,132.75,132.10000610351562,132.3800048828125,5566900
2021-12-31,109.32612609863281,132.52000427246094,133.02999877929688,132.4499969482422,132.72999572753906,8514500
2022-01-03,108.16291809082031,131.11000061035156,131.7899932861328,131.11000061035156,131.77999877929688,18199400
2022-01-04,108.25369262695312,131.22000122070312,131.24000549316406,130.69000244140625,130.94000244140625,18748000
2022-01-05,107.618408203125,130.4499969482422,131.47999572753906,130.4199981689453,131.47999572753906,16107500
2022-01-06,107.47818756103516,130.27999877929688,130.47999572753906,130.0,130.17999267578125,19336300
2022-01-07,107.01618957519531,129.72000122070312,130.1999969482422,129.47000122070312,130.11000061035156,17750800
2022-01-10,106.91720581054688,129.60000610351562,129.67999267578125,129.02999877929688,129.39999389648438,14253400
2022-01-11,107.23896026611328,129.99000549316406,130.07000732421875,129.47999572753906,129.61000061035156,17231000
2022-01-12,107.16468811035156,129.89999389648438,130.3800048828125,129.88999938964844,130.22999572753906,12733100
2022-01-13,107.5029525756836,130.30999755859375,130.32000732421875,129.69000244140625,130.11000061035156,13468500
2022-01-14,106.55424499511719,129.16000366210938,129.72999572753906,129.10000610351562,129.7100067138672,14308300
2022-01-18,105.53948974609375,127.93000030517578,128.49000549316406,127.87000274658203,128.4199981689453,15266600
2022-01-19,105.70452117919922,128.1300048828125,128.69000244140625,128.10000610351562,128.27000427246094,16057900
2022-01-20,105.64673614501953,128.05999755859375,128.5,127.93000030517578,128.2899932861328,22915800
2022-01-21,106.33970642089844,128.89999389648438,129.11000061035156,128.6199951171875,128.67999267578125,21504700
2022-01-24,106.00971984863281,128.5,129.0,128.41000366210938,128.94000244140625,22567100
2022-01-25,105.71272277832031,128.13999938964844,128.7899932861328,128.08999633789062,128.47999572753906,17247300
2022-01-26,104.99498748779297,127.2699966430664,128.6199951171875,127.1500015258789,128.47999572753906,23220800
2022-01-27,105.23426818847656,127.55999755859375,128.05999755859375,127.31999969482422,127.70999908447266,22292800
2022-01-28,105.34973907470703,127.69999694824219,127.75,126.8499984741211,126.86000061035156,21294200
2022-01-31,105.39926147460938,127.76000213623047,127.87999725341797,127.26000213623047,127.54000091552734,20325100
2022-02-01,105.5744857788086,127.7300033569336,127.81999969482422,127.05000305175781,127.58999633789062,17587300
2022-02-02,105.58273315429688,127.73999786376953,128.3000030517578,127.61000061035156,127.94000244140625,22644800
2022-02-03,104.73141479492188,126.70999908447266,126.93000030517578,126.45999908447266,126.81999969482422,23396800
2022-02-04,103.6899642944336,125.44999694824219,125.80000305175781,125.11000061035156,125.68000030517578,26115800
2022-02-07,103.88005828857422,125.68000030517578,125.80999755859375,125.19999694824219,125.33000183105469,12756600
2022-02-08,103.4915771484375,125.20999908447266,125.68000030517578,125.20999908447266,125.54000091552734,22126100
2022-02-09,103.8387222290039,125.62999725341797,126.08000183105469,125.5999984741211,125.72000122070312,19616400
2022-02-10,102.42530822753906,123.91999816894531,125.19000244140625,123.9000015258789,124.95999908447266,39583900
2022-02-11,103.18578338623047,124.83999633789062,124.95999908447266,123.69999694824219,124.19000244140625,21553500
2022-02-14,102.2682876586914,123.7300033569336,124.30000305175781,123.66000366210938,124.1500015258789,22793600
2022-02-15,101.75584411621094,123.11000061035156,123.8499984741211,123.11000061035156,123.58999633789062,15673700
2022-02-16,101.90459442138672,123.29000091552734,123.48999786376953,122.62000274658203,123.47000122070312,27148800
2022-02-17,101.97899627685547,123.37999725341797,123.7699966430664,123.08999633789062,123.44000244140625,24384600
2022-02-18,102.22694396972656,123.68000030517578,124.13999938964844,123.26000213623047,123.76000213623047,19233800
2022-02-22,102.09471130371094,123.5199966430664,123.52999877929688,123.12000274658203,123.25,18011000
2022-02-23,101.16899871826172,122.4000015258789,123.3499984741211,122.37000274658203,123.2300033569336,16579900
2022-02-24,101.64837646484375,122.9800033569336,123.08000183105469,122.22000122070312,122.47000122070312,29245000
2022-02-25,102.0616683959961,123.4800033569336,124.08000183105469,123.0199966430664,123.31999969482422,19073700
2022-02-28,103.15270233154297,124.80000305175781,125.0,123.94000244140625,123.94000244140625,23474500
2022-03-01,103.5055160522461,124.97000122070312,125.83999633789062,124.80000305175781,124.83999633789062,28504600
2022-03-02,101.93184661865234,123.06999969482422,124.30000305175781,123.04000091552734,124.12999725341797,24849900
2022-03-03,102.30457305908203,123.5199966430664,123.86000061035156,123.23999786376953,123.52999877929688,14144600
2022-03-04,102.40398406982422,123.63999938964844,124.44999694824219,123.56999969482422,124.33000183105469,17402800
2022-03-07,101.1615982055664,122.13999938964844,123.29000091552734,122.0,122.88999938964844,16164900
2022-03-08,100.5569839477539,121.41000366210938,121.83000183105469,120.80999755859375,121.31999969482422,20045200
2022-03-09,100.7309341430664,121.62000274658203,122.0,121.41999816894531,121.55999755859375,27652200
2022-03-10,99.57966613769531,120.2300033569336,120.93000030517578,119.79000091552734,120.87999725341797,34185900
2022-03-11,99.53824615478516,120.18000030517578,120.41999816894531,120.06999969482422,120.30000305175781,20701300
2022-03-14,98.09708404541016,118.44000244140625,119.56999969482422,118.4000015258789,119.11000061035156,18624900
2022-03-15,98.86738586425781,119.37000274658203,119.47000122070312,118.81999969482422,119.01000213623047,24022000
2022-03-16,99.71218872070312,120.38999938964844,120.44999694824219,118.66999816894531,119.9000015258789,32561800
2022-03-17,100.68949890136719,121.56999969482422,121.87999725341797,120.83000183105469,121.01000213623047,23878300
2022-03-18,100.88825988769531,121.80999755859375,121.98999786376953,121.1500015258789,121.1500015258789,21675100
2022-03-21,99.488525390625,120.12000274658203,121.16000366210938,119.95999908447266,120.88999938964844,17919300
2022-03-22,99.24836730957031,119.83000183105469,119.98999786376953,119.58999633789062,119.73999786376953,16780900
2022-03-23,99.52996063232422,120.16999816894531,120.33000183105469,119.6500015258789,120.05000305175781,16949300
2022-03-24,99.57136535644531,120.22000122070312,120.4000015258789,118.83999633789062,119.4000015258789,20466500
2022-03-25,98.7845230102539,119.2699966430664,119.80999755859375,118.83999633789062,119.77999877929688,23247400
2022-03-28,99.33119201660156,119.93000030517578,120.12000274658203,119.33000183105469,119.4800033569336,18691100
2022-03-29,100.1677017211914,120.94000244140625,121.01000213623047,120.29000091552734,120.55000305175781,23812400
2022-03-30,100.39956665039062,121.22000122070312,121.3499984741211,120.43000030517578,120.48999786376953,17696700
2022-03-31,100.1677017211914,120.94000244140625,121.55999755859375,120.72000122070312,121.2699966430664,19905200
2022-04-01,100.50384521484375,121.08999633789062,121.4000015258789,119.94999694824219,120.05999755859375,16506800
2022-04-04,100.85243225097656,121.51000213623047,121.55000305175781,120.77999877929688,121.16999816894531,19647900
2022-04-05,99.08458709716797,119.37999725341797,121.19000244140625,119.36000061035156,121.13999938964844,22750400
2022-04-06,98.5035629272461,118.68000030517578,119.23999786376953,117.80000305175781,118.11000061035156,25447400
2022-04-07,98.04706573486328,118.12999725341797,118.62000274658203,117.91000366210938,118.52999877929688,21292700
2022-04-08,97.27517700195312,117.19999694824219,117.55999755859375,116.8499984741211,117.25,16072800
2022-04-11,96.3289794921875,116.05999755859375,116.58999633789062,115.77999877929688,116.5,20685500
2022-04-12,96.39540100097656,116.13999938964844,117.16999816894531,116.12999725341797,116.83999633789062,25029100
2022-04-13,96.89338684082031,116.73999786376953,116.80999755859375,116.0999984741211,116.1500015258789,21276200
2022-04-14,95.76457214355469,115.37999725341797,116.69999694824219,115.2699966430664,116.66999816894531,19717700
2022-04-18,95.03419494628906,114.5,115.33000183105469,114.38999938964844,115.13999938964844,16576000
2022-04-19,94.27890014648438,113.58999633789062,114.16999816894531,113.5199966430664,113.93000030517578,19775400
2022-04-20,95.25830078125,114.7699966430664,115.08999633789062,114.30999755859375,114.33000183105469,21119400
2022-04-21,94.24569702148438,113.55000305175781,114.58000183105469,113.22000122070312,114.5,25288700
2022-04-22,94.13782501220703,113.41999816894531,113.70999908447266,112.80999755859375,113.11000061035156,19927300
2022-04-25,95.18359375,114.68000030517578,114.86000061035156,114.0199966430664,114.02999877929688,22261500
2022-04-26,95.13378143310547,114.62000274658203,115.2699966430664,114.4800033569336,115.23999786376953,22695300
2022-04-27,94.22078704833984,113.5199966430664,114.80999755859375,113.47000122070312,114.4000015258789,19426200
2022-04-28,94.50303649902344,113.86000061035156,113.87000274658203,113.0199966430664,113.2699966430664,19645500
2022-04-29,93.45719146728516,112.5999984741211,113.5199966430664,112.37999725341797,112.91000366210938,20257300
2022-05-02,92.90319061279297,111.68000030517578,111.91999816894531,111.30000305175781,111.69000244140625,17184100
2022-05-03,93.50213623046875,112.4000015258789,113.33999633789062,112.29000091552734,112.77999877929688,20914600
2022-05-04,94.41720581054688,113.5,113.86000061035156,111.77999877929688,112.38999938964844,34240700
2022-05-05,92.9697494506836,111.76000213623047,112.48999786376953,110.88999938964844,112.44000244140625,34356900
2022-05-06,92.1794662475586,110.80999755859375,111.5199966430664,110.66000366210938,110.8499984741211,15550400
2022-05-09,92.50386810302734,111.19999694824219,111.31999969482422,110.19000244140625,110.41999816894531,17185900
2022-05-10,92.89488220214844,111.66999816894531,112.36000061035156,111.56999969482422,112.08000183105469,25650800
2022-05-11,93.32743072509766,112.19000244140625,112.45999908447266,111.04000091552734,111.19999694824219,25053500
2022-05-12,93.36901092529297,112.23999786376953,112.87999725341797,112.16000366210938,112.45999908447266,22156400
2022-05-13,92.87821197509766,111.6500015258789,112.16000366210938,111.41999816894531,112.06999969482422,16107900
2022-05-16,93.00301361083984,111.80000305175781,112.30999755859375,111.73999786376953,111.8499984741211,11980500
2022-05-17,92.47061157226562,111.16000366210938,111.4000015258789,110.94999694824219,111.16999816894531,16562600
2022-05-18,92.81167602539062,111.56999969482422,111.62000274658203,110.88999938964844,110.88999938964844,16146400
2022-05-19,93.0612564086914,111.87000274658203,112.62000274658203,111.70999908447266,112.2699966430664,21212500
2022-05-20,93.51875305175781,112.41999816894531,112.45999908447266,111.9800033569336,112.18000030517578,13906700
2022-05-23,93.1860122680664,112.0199966430664,112.51000213623047,111.77999877929688,112.06999969482422,14892400
2022-05-24,94.40890502929688,113.48999786376953,113.61000061035156,112.41000366210938,112.48999786376953,17210400
2022-05-25,95.38214874267578,114.66000366210938,114.68000030517578,113.91999816894531,114.0199966430664,25637000
2022-05-26,95.40708923339844,114.69000244140625,115.2699966430664,114.43000030517578,114.83000183105469,34022300
2022-05-27,95.90623474121094,115.29000091552734,115.66000366210938,114.87000274658203,115.16999816894531,9246100
2022-05-31,95.19913482666016,114.44000244140625,114.66000366210938,113.70999908447266,114.26000213623047,20336900
2022-06-01,94.64379119873047,113.5,114.9000015258789,113.08999633789062,114.66000366210938,22403900
2022-06-02,94.68547821044922,113.55000305175781,113.79000091552734,112.88999938964844,113.66000366210938,14823300
2022-06-03,94.38533782958984,113.19000244140625,113.19999694824219,112.73999786376953,112.73999786376953,11440900
2022-06-06,93.71822357177734,112.38999938964844,113.19000244140625,112.30999755859375,113.11000061035156,12213900
2022-06-07,94.218505859375,112.98999786376953,113.29000091552734,112.61000061035156,112.69000244140625,11291400
2022-06-08,93.676513671875,112.33999633789062,113.08999633789062,112.33000183105469,112.76000213623047,13730800
2022-06-09,93.05944061279297,111.5999984741211,112.33999633789062,111.54000091552734,112.05999755859375,24846700
2022-06-10,92.15888214111328,110.5199966430664,111.13999938964844,109.86000061035156,111.01000213623047,36297900
2022-06-13,90.03250885009766,107.97000122070312,108.8499984741211,107.0999984741211,108.37000274658203,34771900
2022-06-14,89.56554412841797,107.41000366210938,108.81999969482422,107.16000366210938,108.45999908447266,27320800
2022-06-15,90.9664535522461,109.08999633789062,109.19000244140625,107.73999786376953,108.66000366210938,31581500
2022-06-16,91.06649780273438,109.20999908447266,109.4800033569336,107.29000091552734,107.58999633789062,30588300
2022-06-17,91.24994659423828,109.43000030517578,109.70999908447266,108.7699966430664,109.5199966430664,17319600
2022-06-21,90.33271026611328,108.33000183105469,109.41999816894531,108.20999908447266,108.94000244140625,17031500
2022-06-22,90.99147033691406,109.12000274658203,109.66999816894531,109.05999755859375,109.45999908447266,18943300
2022-06-23,91.69193267822266,109.95999908447266,110.81999969482422,109.58999633789062,109.63999938964844,30742100
2022-06-24,91.80032348632812,110.08999633789062,110.66999816894531,109.8499984741211,109.87999725341797,18668900
2022-06-27,90.9581298828125,109.08000183105469,109.70999908447266,109.0199966430664,109.4800033569336,20847000
2022-06-28,90.93311309814453,109.05000305175781,109.11000061035156,108.5199966430664,108.9000015258789,18998400
2022-06-29,91.47512817382812,109.69999694824219,109.70999908447266,109.0199966430664,109.0999984741211,10747100
2022-06-30,91.75029754638672,110.02999877929688,110.9000015258789,109.7699966430664,109.7699966430664,16570800
2022-07-01,92.90998077392578,111.12000274658203,111.45999908447266,110.47000122070312,110.66000366210938,20179400
2022-07-05,92.8849105834961,111.08999633789062,111.30000305175781,110.83999633789062,111.19999694824219,16728000
2022-07-06,92.42503356933594,110.54000091552734,111.58000183105469,110.43000030517578,111.41000366210938,17291300
2022-07-07,92.41669464111328,110.52999877929688,111.13999938964844,110.33000183105469,110.95999908447266,15165800
2022-07-08,92.26618957519531,110.3499984741211,110.41000366210938,109.94999694824219,110.12000274658203,14384500
2022-07-11,92.525390625,110.66000366210938,111.16000366210938,110.5,110.81999969482422,9456900
2022-07-12,92.65914916992188,110.81999969482422,111.58000183105469,110.77999877929688,111.11000061035156,18053600
2022-07-13,93.35310363769531,111.6500015258789,111.77999877929688,109.70999908447266,109.72000122070312,25657200
2022-07-14,92.75948333740234,110.94000244140625,111.22000122070312,110.08999633789062,110.44000244140625,22978600
2022-07-15,93.50361633300781,111.83000183105469,112.05000305175781,110.86000061035156,110.86000061035156,15192500
2022-07-18,92.8514633178711,111.05000305175781,111.66999816894531,110.97000122070312,111.66000366210938,15665500
2022-07-19,93.11062622070312,111.36000061035156,111.47000122070312,110.81999969482422,111.20999908447266,15414500
2022-07-20,93.01030731201172,111.23999786376953,111.94000244140625,111.16000366210938,111.8499984741211,9888100
2022-07-21,94.2812271118164,112.76000213623047,112.7699966430664,111.51000213623047,111.51000213623047,25141900
2022-07-22,95.00863647460938,113.62999725341797,114.23999786376953,113.13999938964844,113.70999908447266,16062400
2022-07-25,94.2059555053711,112.66999816894531,113.01000213623047,112.4000015258789,112.83999633789062,25656700
2022-07-26,94.18922424316406,112.6500015258789,113.12000274658203,112.5999984741211,113.01000213623047,18514600
2022-07-27,94.81636810302734,113.4000015258789,114.05000305175781,113.12999725341797,113.16000366210938,16995200
2022-07-28,95.60228729248047,114.33999633789062,114.51000213623047,113.98999786376953,114.2300033569336,17266700
2022-07-29,95.82804870605469,114.61000061035156,115.08000183105469,114.13999938964844,114.27999877929688,14914000
2022-08-01,96.01746368408203,114.55999755859375,114.91000366210938,114.26000213623047,114.37999725341797,18348900
2022-08-02,94.8440933227539,113.16000366210938,114.68000030517578,113.06999969482422,114.52999877929688,22706500
2022-08-03,95.8749771118164,114.38999938964844,114.41999816894531,112.87000274658203,113.2300033569336,19416500
2022-08-04,96.02584838867188,114.56999969482422,114.62999725341797,113.91000366210938,114.26000213623047,22451000
2022-08-05,94.72674560546875,113.0199966430664,113.0999984741211,112.30999755859375,112.94999694824219,15893400
2022-08-08,95.10387420654297,113.47000122070312,113.94000244140625,113.41000366210938,113.58000183105469,11889800
2022-08-09,94.67644500732422,112.95999908447266,113.20999908447266,112.83000183105469,113.0199966430664,17809000
2022-08-10,95.5732650756836,114.02999877929688,114.30999755859375,113.54000091552734,113.55999755859375,25548100
2022-08-11,94.65132141113281,112.93000030517578,114.9800033569336,112.87999725341797,114.47000122070312,24970100
2022-08-12,95.74925994873047,114.23999786376953,114.26000213623047,113.2699966430664,113.54000091552734,16542900
2022-08-15,95.68218994140625,114.16000366210938,114.61000061035156,114.13999938964844,114.44000244140625,10750200
2022-08-16,95.31342315673828,113.72000122070312,113.87000274658203,113.12999725341797,113.80999755859375,15328900
2022-08-17,94.41659545898438,112.6500015258789,113.18000030517578,112.4000015258789,112.95999908447266,20836800
2022-08-18,94.65968322753906,112.94000244140625,113.31999969482422,112.87999725341797,113.01000213623047,13914300
2022-08-19,93.53656005859375,111.5999984741211,111.94000244140625,111.3499984741211,111.94000244140625,17996700
2022-08-22,92.90797424316406,110.8499984741211,111.30000305175781,110.7300033569336,111.29000091552734,10208500
2022-08-23,93.00852966308594,110.97000122070312,111.48999786376953,110.61000061035156,110.72000122070312,14517700
2022-08-24,92.73197174072266,110.63999938964844,110.80000305175781,110.43000030517578,110.7300033569336,14441000
2022-08-25,93.68741607666016,111.77999877929688,112.04000091552734,110.75,111.2300033569336,33579200
2022-08-26,93.12588500976562,111.11000061035156,111.73999786376953,111.01000213623047,111.44999694824219,13942300
2022-08-29,92.4385986328125,110.29000091552734,110.62000274658203,110.1500015258789,110.62000274658203,18371900
2022-08-30,92.55592346191406,110.43000030517578,110.80000305175781,109.8499984741211,110.58000183105469,19251300
2022-08-31,91.58368682861328,109.2699966430664,110.37000274658203,109.20999908447266,110.19999694824219,19484300
2022-09-01,91.0323486328125,108.30999755859375,108.41999816894531,107.3499984741211,108.19000244140625,26706500
2022-09-02,91.09957122802734,108.38999938964844,109.25,108.37999725341797,108.8499984741211,14458700
2022-09-06,89.86408233642578,106.91999816894531,107.94000244140625,106.91999816894531,107.86000061035156,16455700
2022-09-07,91.09117126464844,108.37999725341797,108.48999786376953,107.38999938964844,107.41000366210938,21874300
2022-09-08,90.88107299804688,108.12999725341797,108.66999816894531,108.05000305175781,108.33999633789062,16871100
2022-09-09,91.09117126464844,108.37999725341797,108.98999786376953,108.3499984741211,108.55000305175781,11911700
2022-09-12,90.88948822021484,108.13999938964844,109.0199966430664,107.91999816894531,108.80000305175781,11084600
2022-09-13,90.23387908935547,107.36000061035156,107.5199966430664,106.91000366210938,107.05999755859375,19563400
2022-09-14,90.66251373291016,107.87000274658203,108.05999755859375,107.30000305175781,107.33000183105469,19360500
2022-09-15,90.2254867553711,107.3499984741211,107.76000213623047,107.19999694824219,107.62000274658203,12947800
2022-09-16,90.0153579711914,107.0999984741211,108.16000366210938,106.7300033569336,106.75,13980900
2022-09-19,90.16665649414062,107.27999877929688,107.38999938964844,106.52999877929688,106.62000274658203,13679600
2022-09-20,89.26731872558594,106.20999908447266,106.6500015258789,106.05999755859375,106.33999633789062,30310500
2022-09-21,89.60352325439453,106.61000061035156,106.9000015258789,105.5999984741211,106.62999725341797,23883200
2022-09-22,88.34280395507812,105.11000061035156,105.62999725341797,104.80999755859375,105.62000274658203,20982600
2022-09-23,88.09068298339844,104.80999755859375,105.06999969482422,104.33000183105469,104.87999725341797,18671200
2022-09-26,86.56097412109375,102.98999786376953,104.58999633789062,102.94000244140625,104.38999938964844,27606500
2022-09-27,85.25822448730469,101.44000244140625,103.2699966430664,101.4000015258789,103.05999755859375,34683500
2022-09-28,86.97284698486328,103.4800033569336,103.56999969482422,102.2699966430664,102.48999786376953,39921300
2022-09-29,86.3256607055664,102.70999908447266,102.77999877929688,101.73999786376953,102.5199966430664,30873000
2022-09-30,86.10713195800781,102.44999694824219,103.56999969482422,102.44000244140625,103.05999755859375,24058300
2022-10-03,87.7000961303711,104.0,104.83999633789062,103.38999938964844,103.61000061035156,27200900
2022-10-04,88.10485076904297,104.4800033569336,105.12000274658203,104.36000061035156,104.80999755859375,21918800
2022-10-05,87.43867492675781,103.69000244140625,103.88999938964844,102.94999694824219,103.66999816894531,24999500
2022-10-06,87.23627471923828,103.44999694824219,103.94000244140625,103.19999694824219,103.68000030517578,22017200
2022-10-07,86.36770629882812,102.41999816894531,102.91000366210938,102.37000274658203,102.83999633789062,20895500
2022-10-10,85.59188079833984,101.5,102.44999694824219,101.08999633789062,102.38999938964844,6179400
2022-10-11,85.41480255126953,101.29000091552734,102.16999816894531,101.04000091552734,101.7699966430664,30332900
2022-10-12,85.31363677978516,101.16999816894531,101.4800033569336,100.83000183105469,101.16999816894531,18941200
2022-10-13,85.46540069580078,101.3499984741211,101.63999938964844,99.18000030517578,99.19999694824219,20727700
2022-10-14,84.64743041992188,100.37999725341797,101.98999786376953,100.2699966430664,101.98999786376953,20681900
2022-10-17,85.05216979980469,100.86000061035156,101.66999816894531,100.79000091552734,101.26000213623047,16585700
2022-10-18,85.55815887451172,101.45999908447266,101.61000061035156,100.51000213623047,101.47000122070312,23532600
2022-10-19,84.3860092163086,100.06999969482422,100.83999633789062,99.94000244140625,100.54000091552734,16461800
2022-10-20,83.65238189697266,99.19999694824219,100.37000274658203,99.0999984741211,99.81999969482422,21437300
2022-10-21,83.88847351074219,99.4800033569336,99.63999938964844,98.41000366210938,98.7300033569336,18871700
2022-10-24,83.84635925292969,99.43000030517578,99.9800033569336,98.83000183105469,99.37999725341797,16517100
2022-10-25,84.96788024902344,100.76000213623047,101.19000244140625,100.29000091552734,100.29000091552734,23143100
2022-10-26,85.35578918457031,101.22000122070312,101.72000122070312,100.91000366210938,101.01000213623047,22201400
2022-10-27,85.7520980834961,101.69000244140625,102.08999633789062,101.19999694824219,101.56999969482422,21002900
2022-10-28,85.92919921875,101.9000015258789,102.05000305175781,101.23999786376953,101.29000091552734,19532300
2022-10-31,85.46540069580078,101.3499984741211,101.68000030517578,100.97000122070312,101.54000091552734,21884100
2022-11-01,86.08033752441406,101.7699966430664,102.19000244140625,101.19000244140625,102.0999984741211,26415300
2022-11-02,85.66585540771484,101.27999877929688,102.91999816894531,101.0199966430664,101.91000366210938,23174200
2022-11-03,85.36137390136719,100.91999816894531,101.18000030517578,100.01000213623047,100.33000183105469,52723900
2022-11-04,85.53055572509766,101.12000274658203,101.55000305175781,100.66000366210938,101.20999908447266,16698200
2022-11-07,85.21757507324219,100.75,101.2300033569336,100.54000091552734,101.16999816894531,13428300
2022-11-08,85.57282257080078,101.16999816894531,101.48999786376953,100.8499984741211,101.0,19206000
2022-11-09,85.35291290283203,100.91000366210938,101.41999816894531,100.6500015258789,100.86000061035156,12204000
2022-11-10,88.21180725097656,104.29000091552734,104.38999938964844,103.06999969482422,103.0999984741211,28447600
2022-11-11,88.44866943359375,104.56999969482422,104.73999786376953,103.9800033569336,104.12000274658203,8578600
2022-11-14,88.00038146972656,104.04000091552734,104.44999694824219,104.01000213623047,104.20999908447266,22576600
2022-11-15,89.2268295288086,105.48999786376953,105.52999877929688,104.81999969482422,105.12000274658203,25504400
2022-11-16,89.98809051513672,106.38999938964844,106.5999984741211,105.58000183105469,105.80000305175781,24648800
2022-11-17,89.50594329833984,105.81999969482422,105.91000366210938,105.22000122070312,105.5199966430664,24106600
2022-11-18,89.49748992919922,105.80999755859375,106.29000091552734,105.61000061035156,106.12999725341797,14214100
2022-11-21,89.36214447021484,105.6500015258789,106.36000061035156,105.63999938964844,106.19999694824219,9664100
2022-11-22,90.15724182128906,106.58999633789062,106.7300033569336,106.05999755859375,106.19000244140625,15050400
2022-11-23,91.0622787475586,107.66000366210938,107.69999694824219,106.91999816894531,106.95999908447266,12511500
2022-11-25,91.15528106689453,107.7699966430664,107.79000091552734,107.5,107.72000122070312,4413900
2022-11-28,90.49556732177734,106.98999786376953,107.87999725341797,106.88999938964844,107.8499984741211,18815800
2022-11-29,90.04728698730469,106.45999908447266,106.80999755859375,106.23999786376953,106.51000213623047,23040000
2022-11-30,91.14688110351562,107.76000213623047,107.77999877929688,105.98999786376953,106.4000015258789,20930100
2022-12-01,92.28728485107422,108.76000213623047,108.80999755859375,107.61000061035156,107.91999816894531,30830200
2022-12-02,92.84735870361328,109.41999816894531,109.41999816894531,107.79000091552734,108.0,16908900
2022-12-05,92.05821990966797,108.48999786376953,108.70999908447266,108.0199966430664,108.70999908447266,19612000
2022-12-06,92.33821868896484,108.81999969482422,108.9800033569336,108.52999877929688,108.87000274658203,18220800
2022-12-07,93.36492919921875,110.02999877929688,110.08000183105469,109.27999877929688,109.38999938964844,22116700
2022-12-08,93.06796264648438,109.68000030517578,110.02999877929688,109.41000366210938,109.73999786376953,18285600
2022-12-09,92.37215423583984,108.86000061035156,109.4000015258789,108.81999969482422,109.30000305175781,15568800
2022-12-12,92.25335693359375,108.72000122070312,109.73999786376953,108.6500015258789,109.62000274658203,13988400
2022-12-13,93.05946350097656,109.66999816894531,110.88999938964844,109.4800033569336,110.76000213623047,19976000
2022-12-14,93.14433288574219,109.7699966430664,109.93000030517578,108.7699966430664,109.66000366210938,19894900
2022-12-15,93.22265625,109.52999877929688,109.72000122070312,109.16000366210938,109.52999877929688,16931200
2022-12-16,92.82258605957031,109.05999755859375,109.19999694824219,108.4800033569336,108.4800033569336,16643900
2022-12-19,91.88636016845703,107.95999908447266,108.44999694824219,107.69999694824219,108.43000030517578,14746200
2022-12-20,90.80547332763672,106.69000244140625,107.0199966430664,106.5199966430664,106.93000030517578,18678000
2022-12-21,91.42676544189453,107.41999816894531,107.5199966430664,107.01000213623047,107.37000274658203,15087800
2022-12-22,91.4012222290039,107.38999938964844,107.54000091552734,107.13999938964844,107.37000274658203,13957300
2022-12-23,91.1203842163086,107.05999755859375,107.30999755859375,106.83000183105469,106.95999908447266,5992400
2022-12-27,89.94586181640625,105.68000030517578,106.54000091552734,105.63999938964844,106.31999969482422,10456200
2022-12-28,89.66497039794922,105.3499984741211,106.2300033569336,105.3499984741211,106.06999969482422,10050900
2022-12-29,90.30328369140625,106.0999984741211,106.13999938964844,105.66000366210938,105.7300033569336,14253300
2022-12-30,89.73307037353516,105.43000030517578,105.94000244140625,105.16999816894531,105.80999755859375,8528200
2023-01-03,90.35437774658203,106.16000366210938,106.98999786376953,105.8499984741211,106.94999694824219,15589800
2023-01-04,91.00971221923828,106.93000030517578,107.0999984741211,106.5199966430664,107.02999877929688,13951700
2023-01-05,90.94165802001953,106.8499984741211,106.95999908447266,106.08999633789062,106.08999633789062,9848100
2023-01-06,92.43109130859375,108.5999984741211,108.7699966430664,106.88999938964844,107.02999877929688,20695600
2023-01-09,92.79708862304688,109.02999877929688,109.29000091552734,108.33999633789062,108.44000244140625,20449600
2023-01-10,92.48216247558594,108.66000366210938,108.83000183105469,108.25,108.51000213623047,19225200
2023-01-11,93.27368927001953,109.58999633789062,109.63999938964844,109.16999816894531,109.31999969482422,19541700
2023-01-12,94.3291015625,110.83000183105469,110.8499984741211,109.23999786376953,109.87999725341797,18372500
2023-01-13,94.0226821899414,110.47000122070312,110.88999938964844,110.30999755859375,110.44999694824219,21077700
2023-01-17,93.68225860595703,110.06999969482422,110.41000366210938,109.91999816894531,110.01000213623047,20745100
2023-01-18,94.78018188476562,111.36000061035156,111.94999694824219,110.87000274658203,111.68000030517578,27794600
2023-01-19,94.58439636230469,111.12999725341797,111.2300033569336,110.76000213623047,110.87000274658203,18085800
2023-01-20,94.09078216552734,110.55000305175781,110.68000030517578,110.12000274658203,110.58000183105469,15440000
2023-01-23,93.81840515136719,110.2300033569336,110.5199966430664,110.08000183105469,110.1500015258789,18814700
2023-01-24,94.31207275390625,110.80999755859375,110.94000244140625,109.91999816894531,110.29000091552734,12419700
2023-01-25,94.3546142578125,110.86000061035156,110.95999908447266,110.33000183105469,110.70999908447266,15450000
2023-01-26,94.3205795288086,110.81999969482422,111.08000183105469,110.37000274658203,110.93000030517578,13250300
2023-01-27,94.04820251464844,110.5,110.66000366210938,110.27999877929688,110.37000274658203,8924900
2023-01-30,93.69076538085938,110.08000183105469,110.62000274658203,110.01000213623047,110.16000366210938,20019800
2023-01-31,94.3631362915039,110.87000274658203,110.97000122070312,110.08000183105469,110.66999816894531,27212200
2023-02-01,95.3210220336914,111.6500015258789,111.9000015258789,110.27999877929688,110.87000274658203,29127300
2023-02-02,95.45764923095703,111.80999755859375,112.51000213623047,111.69999694824219,112.36000061035156,18958900
2023-02-03,94.37336730957031,110.54000091552734,110.9000015258789,110.29000091552734,110.69999694824219,16053900
2023-02-06,93.647705078125,109.69000244140625,110.01000213623047,109.62000274658203,109.9800033569336,18455400
2023-02-07,93.34036254882812,109.33000183105469,110.12000274658203,109.19000244140625,109.5,25191300
2023-02-08,93.43424987792969,109.44000244140625,109.63999938964844,108.94999694824219,109.43000030517578,16484400
2023-02-09,92.64877319335938,108.5199966430664,109.97000122070312,108.45999908447266,109.95999908447266,21637500
2023-02-10,91.99995422363281,107.76000213623047,108.44999694824219,107.72000122070312,108.37999725341797,16092100
2023-02-13,92.34146118164062,108.16000366210938,108.16000366210938,107.7699966430664,107.86000061035156,32223500
2023-02-14,92.11093139648438,107.88999938964844,108.3499984741211,107.22000122070312,108.11000061035156,31922200
2023-02-15,91.76089477539062,107.4800033569336,107.79000091552734,107.20999908447266,107.72000122070312,24279600
2023-02-16,91.02668762207031,106.62000274658203,107.18000030517578,106.55999755859375,106.95999908447266,27909900
2023-02-17,91.38525390625,107.04000091552734,107.04000091552734,106.22000122070312,106.2699966430664,18528900
2023-02-21,90.08758544921875,105.5199966430664,106.25,105.4800033569336,106.18000030517578,21136000
2023-02-22,90.34368896484375,105.81999969482422,106.2699966430664,105.7699966430664,105.94000244140625,20971700
2023-02-23,91.05228424072266,106.6500015258789,106.69000244140625,106.05000305175781,106.12999725341797,21144600
2023-02-24,90.36930847167969,105.8499984741211,106.05000305175781,105.58000183105469,105.8499984741211,26721100
2023-02-27,90.39490509033203,105.87999725341797,106.29000091552734,105.80000305175781,106.12999725341797,19660700
2023-02-28,90.4290542602539,105.91999816894531,106.0,105.2699966430664,105.44000244140625,18239100
2023-03-01,89.86528015136719,104.88999938964844,105.36000061035156,104.76000213623047,105.26000213623047,27249600
2023-03-02,89.94242095947266,104.9800033569336,104.9800033569336,104.33000183105469,104.43000030517578,23715100
2023-03-03,90.96195983886719,106.16999816894531,106.2300033569336,105.44000244140625,105.61000061035156,27316900
2023-03-06,90.71349334716797,105.87999725341797,106.54000091552734,105.81999969482422,106.5,14688600
2023-03-07,90.45646667480469,105.58000183105469,106.19999694824219,105.33999633789062,106.08999633789062,22431700
2023-03-08,90.3108139038086,105.41000366210938,106.16999816894531,105.1500015258789,105.9000015258789,29396500
2023-03-09,90.22514343261719,105.30999755859375,105.83000183105469,105.16000366210938,105.48999786376953,24552400
2023-03-10,91.51886749267578,106.81999969482422,107.13999938964844,106.25,106.5,36906000
2023-03-13,91.5959701538086,106.91000366210938,108.26000213623047,106.4800033569336,107.41000366210938,47445400
2023-03-14,91.32182312011719,106.58999633789062,107.56999969482422,106.43000030517578,106.83999633789062,49782100
2023-03-15,92.1957015991211,107.61000061035156,108.0999984741211,106.98999786376953,107.30000305175781,50591500
2023-03-16,92.05860900878906,107.44999694824219,108.30000305175781,107.12999725341797,108.05999755859375,37961900
2023-03-17,92.52124786376953,107.98999786376953,108.41999816894531,107.61000061035156,107.77999877929688,32011600
2023-03-20,92.24708557128906,107.66999816894531,108.27999877929688,107.55999755859375,108.08000183105469,24035100
2023-03-21,92.69264221191406,108.19000244140625,108.25,107.69999694824219,108.12000274658203,29109400
2023-03-22,93.23236083984375,108.81999969482422,109.58999633789062,107.80999755859375,108.11000061035156,31434700
2023-03-23,93.49795532226562,109.12999725341797,109.22000122070312,108.37999725341797,108.70999908447266,28703800
2023-03-24,93.78923797607422,109.47000122070312,109.69000244140625,109.18000030517578,109.43000030517578,26204100
2023-03-27,92.66690826416016,108.16000366210938,108.98999786376953,108.12999725341797,108.4800033569336,16527900
2023-03-28,92.51270294189453,107.9800033569336,108.20999908447266,107.73999786376953,108.04000091552734,14138000
2023-03-29,92.9410629272461,108.4800033569336,108.5199966430664,107.72000122070312,107.76000213623047,17506000
2023-03-30,93.0695571899414,108.62999725341797,108.8499984741211,108.45999908447266,108.4800033569336,18267200
2023-03-31,93.90921783447266,109.61000061035156,109.69000244140625,108.86000061035156,109.0999984741211,19187400
2023-04-03,94.4764404296875,109.93000030517578,110.0199966430664,109.0,109.16999816894531,20093500
2023-04-04,94.59675598144531,110.06999969482422,110.19999694824219,109.29000091552734,109.41999816894531,20317700
2023-04-05,94.90613555908203,110.43000030517578,110.58000183105469,110.05000305175781,110.22000122070312,14674800
2023-04-06,94.82019805908203,110.33000183105469,110.5999984741211,110.2300033569336,110.48999786376953,14191300
2023-04-10,94.38188934326172,109.81999969482422,109.88999938964844,109.3499984741211,109.77999877929688,10825500
2023-04-11,94.35611724853516,109.79000091552734,109.94999694824219,109.55000305175781,109.83999633789062,14510100
2023-04-12,94.15843963623047,109.55999755859375,110.30999755859375,109.38999938964844,110.26000213623047,20049200
2023-04-13,94.32172393798828,109.75,110.05000305175781,109.55000305175781,109.9000015258789,18589100
2023-04-14,94.01231384277344,109.38999938964844,109.56999969482422,109.02999877929688,109.44000244140625,16218900
2023-04-17,93.41934204101562,108.69999694824219,109.16999816894531,108.58000183105469,109.05999755859375,11891400
2023-04-18,93.72869873046875,109.05999755859375,109.2300033569336,108.9000015258789,108.91000366210938,10522400
2023-04-19,93.2646255493164,108.5199966430664,108.80000305175781,108.45999908447266,108.77999877929688,14023700
2023-04-20,93.61701202392578,108.93000030517578,109.0999984741211,108.75,108.7699966430664,16076100
2023-04-21,93.67718505859375,109.0,109.4000015258789,108.6500015258789,109.3499984741211,18480700
2023-04-24,94.08970642089844,109.4800033569336,109.51000213623047,109.0999984741211,109.0999984741211,7974300
2023-04-25,94.50221252441406,109.95999908447266,110.2300033569336,109.91000366210938,109.94999694824219,17038800
2023-04-26,94.08970642089844,109.4800033569336,110.12999725341797,109.37999725341797,110.06999969482422,19635200
2023-04-27,93.74594116210938,109.08000183105469,109.38999938964844,109.02999877929688,109.30000305175781,14629500
2023-04-28,94.4764404296875,109.93000030517578,109.98999786376953,109.51000213623047,109.81999969482422,18882100
2023-05-01,92.95182037353516,107.79000091552734,108.9800033569336,107.61000061035156,108.94000244140625,20789900
2023-05-02,94.07286834716797,109.08999633789062,109.11000061035156,108.05999755859375,108.18000030517578,21547100
2023-05-03,94.22807312011719,109.2699966430664,109.55000305175781,108.83999633789062,109.30000305175781,15750800
2023-05-04,93.96936798095703,108.97000122070312,109.26000213623047,108.55000305175781,108.66000366210938,17811700
2023-05-05,93.59856414794922,108.54000091552734,108.81999969482422,108.33999633789062,108.68000030517578,12130800
2023-05-08,92.92594146728516,107.76000213623047,108.02999877929688,107.62000274658203,107.94000244140625,16424800
2023-05-09,92.89144897460938,107.72000122070312,107.98999786376953,107.69000244140625,107.77999877929688,15860300
2023-05-10,93.62443542480469,108.56999969482422,108.58999633789062,108.25,108.41999816894531,15815700
2023-05-11,93.98661804199219,108.98999786376953,109.25,108.86000061035156,109.23999786376953,12261800
2023-05-12,93.4088363647461,108.31999969482422,109.06999969482422,108.30000305175781,108.98999786376953,10797200
2023-05-15,92.90867614746094,107.73999786376953,107.8499984741211,107.5999984741211,107.7699966430664,20334800
2023-05-16,92.44303131103516,107.19999694824219,107.38999938964844,107.08999633789062,107.27999877929688,25934500
2023-05-17,92.43439483642578,107.19000244140625,107.4800033569336,107.08000183105469,107.4000015258789,25387100
2023-05-18,92.04634857177734,106.73999786376953,106.93000030517578,106.58999633789062,106.93000030517578,21383500
2023-05-19,91.93424224853516,106.61000061035156,106.9000015258789,106.5,106.7300033569336,22194600
2023-05-22,91.89977264404297,106.56999969482422,106.93000030517578,106.5,106.68000030517578,15526700
2023-05-23,92.0894546508789,106.79000091552734,106.88999938964844,106.29000091552734,106.44999694824219,15529300
2023-05-24,91.72726440429688,106.37000274658203,106.88999938964844,106.30999755859375,106.8499984741211,16688900
2023-05-25,91.42546081542969,106.0199966430664,106.55999755859375,105.9800033569336,106.48999786376953,18743200
2023-05-26,91.81351470947266,106.47000122070312,106.51000213623047,105.95999908447266,106.04000091552734,15848500
2023-05-30,92.50337219238281,107.2699966430664,107.2699966430664,106.87999725341797,106.94000244140625,21581400
2023-05-31,92.80518341064453,107.62000274658203,107.73999786376953,107.06999969482422,107.23999786376953,24052300
2023-06-01,93.0898666381836,107.5999984741211,107.86000061035156,107.44000244140625,107.61000061035156,26084500
2023-06-02,92.8389663696289,107.30999755859375,107.76000213623047,107.22000122070312,107.69000244140625,17086600
2023-06-05,92.63996124267578,107.08000183105469,107.48999786376953,106.8499984741211,106.97000122070312,14211100
2023-06-06,92.82164001464844,107.29000091552734,107.31999969482422,106.81999969482422,107.11000061035156,25228400
2023-06-07,91.99109649658203,106.33000183105469,107.31999969482422,106.2699966430664,107.20999908447266,26526700
2023-06-08,92.6053695678711,107.04000091552734,107.0999984741211,106.41000366210938,106.44000244140625,16579800
2023-06-09,92.36312103271484,106.76000213623047,106.91999816894531,106.58000183105469,106.80999755859375,12060000
2023-06-12,92.65727996826172,107.0999984741211,107.11000061035156,106.41999816894531,106.98999786376953,14229300
2023-06-13,92.2420425415039,106.62000274658203,107.38999938964844,106.44999694824219,107.2699966430664,19385200
2023-06-14,92.5274887084961,106.94999694824219,107.22000122070312,106.43000030517578,106.93000030517578,30280100
2023-06-15,93.33206176757812,107.87999725341797,107.9000015258789,107.2699966430664,107.51000213623047,23426200
2023-06-16,93.16769409179688,107.69000244140625,107.79000091552734,107.30000305175781,107.54000091552734,13184500
2023-06-20,93.50513458251953,108.08000183105469,108.19999694824219,107.8499984741211,107.8499984741211,22272700
2023-06-21,93.40129089355469,107.95999908447266,108.08999633789062,107.30999755859375,107.62999725341797,17521700
2023-06-22,92.91680908203125,107.4000015258789,107.80000305175781,107.22000122070312,107.55999755859375,16007900
2023-06-23,93.17635345458984,107.69999694824219,108.12000274658203,107.5,108.12000274658203,13102800
2023-06-26,93.28016662597656,107.81999969482422,108.0199966430664,107.76000213623047,107.9800033569336,14642200
2023-06-27,93.17635345458984,107.69999694824219,108.12999725341797,107.45999908447266,107.93000030517578,15749300
2023-06-28,93.58296966552734,108.16999816894531,108.19000244140625,107.62999725341797,107.8499984741211,17806000
2023-06-29,92.87356567382812,107.3499984741211,107.45999908447266,107.01000213623047,107.37000274658203,25554500
2023-06-30,93.5570297241211,108.13999938964844,108.20999908447266,107.44000244140625,107.62999725341797,20938600
2023-07-03,93.29490661621094,107.48999786376953,108.16000366210938,107.48999786376953,107.87000274658203,11810800
2023-07-05,92.62660217285156,106.72000122070312,107.37999725341797,106.58999633789062,107.30999755859375,21463300
2023-07-06,91.6892318725586,105.63999938964844,105.94000244140625,105.3499984741211,105.87999725341797,35240800
2023-07-07,91.60240173339844,105.54000091552734,105.98999786376953,105.5199966430664,105.66999816894531,17148000
2023-07-10,92.07978820800781,106.08999633789062,106.19000244140625,105.58000183105469,105.68000030517578,16360600
2023-07-11,92.51374053955078,106.58999633789062,106.66000366210938,106.20999908447266,106.33999633789062,21693900
2023-07-12,93.32962799072266,107.52999877929688,107.68000030517578,107.12000274658203,107.12000274658203,23217300
2023-07-13,93.9892578125,108.29000091552734,108.33000183105469,107.87000274658203,107.98999786376953,21637500
2023-07-14,93.26018524169922,107.44999694824219,108.23999786376953,107.41999816894531,108.12000274658203,23784000
2023-07-17,93.4164047241211,107.62999725341797,107.72000122070312,107.3499984741211,107.43000030517578,12260100
2023-07-18,93.6507797241211,107.9000015258789,108.18000030517578,107.86000061035156,108.06999969482422,17403600
2023-07-19,94.18021392822266,108.51000213623047,108.5199966430664,108.08000183105469,108.26000213623047,20871600
2023-07-20,93.5466079711914,107.77999877929688,108.0999984741211,107.48999786376953,108.06999969482422,37868000
2023-07-21,93.7115249633789,107.97000122070312,108.20999908447266,107.87999725341797,108.18000030517578,16517800
2023-07-24,93.59867858886719,107.83999633789062,108.30000305175781,107.80999755859375,108.16000366210938,17999400
2023-07-25,93.45112609863281,107.66999816894531,107.88999938964844,107.54000091552734,107.55999755859375,15029800
2023-07-26,93.88508605957031,108.16999816894531,108.26000213623047,107.69000244140625,108.05999755859375,17816800
2023-07-27,92.73944091796875,106.8499984741211,108.12999725341797,106.72000122070312,108.04000091552734,29142600
2023-07-28,93.34699249267578,107.55000305175781,107.5999984741211,107.13999938964844,107.33000183105469,18719300
2023-07-31,93.60738372802734,107.8499984741211,108.02999877929688,107.58000183105469,107.58000183105469,24906600
2023-08-01,92.67459869384766,106.41000366210938,106.97000122070312,106.31999969482422,106.80000305175781,22977700
2023-08-02,92.10852813720703,105.76000213623047,105.87999725341797,105.38999938964844,105.80000305175781,28516700
2023-08-03,91.28113555908203,104.80999755859375,104.94999694824219,104.55999755859375,104.91000366210938,27632700
2023-08-04,92.23045349121094,105.9000015258789,106.04000091552734,105.18000030517578,105.19000244140625,19998900
2023-08-07,92.00397491455078,105.63999938964844,105.86000061035156,105.5,105.80999755859375,10726300
2023-08-08,92.36976623535156,106.05999755859375,106.30000305175781,105.91999816894531,106.12999725341797,17616200
2023-08-09,92.45689392089844,106.16000366210938,106.30999755859375,106.05999755859375,106.19999694824219,11514100
2023-08-10,91.80371856689453,105.41000366210938,106.55999755859375,105.37999725341797,106.29000091552734,22056400
2023-08-11,91.49014282226562,105.05000305175781,105.41000366210938,104.9800033569336,105.04000091552734,12803100
2023-08-14,91.4553451538086,105.01000213623047,105.30000305175781,104.70999908447266,105.0199966430664,9829300
2023-08-15,90.97630310058594,104.45999908447266,104.94999694824219,104.45999908447266,104.7699966430664,17279900
2023-08-16,90.56697845458984,103.98999786376953,104.66000366210938,103.86000061035156,104.37000274658203,20773700
2023-08-17,90.3231201171875,103.70999908447266,103.94999694824219,103.4000015258789,103.86000061035156,29797400
2023-08-18,90.66278076171875,104.0999984741211,104.20999908447266,103.62000274658203,103.7300033569336,17884100
2023-08-21,90.12279510498047,103.4800033569336,103.70999908447266,103.26000213623047,103.63999938964844,19065100
2023-08-22,90.40151977539062,103.80000305175781,103.87000274658203,103.43000030517578,103.58000183105469,18361500
2023-08-23,91.67302703857422,105.26000213623047,105.27999877929688,104.4800033569336,104.4800033569336,22620400
2023-08-24,91.35952758789062,104.9000015258789,105.22000122070312,104.87999725341797,105.08000183105469,20129900
2023-08-25,91.41177368164062,104.95999908447266,105.29000091552734,104.51000213623047,104.86000061035156,18521400
2023-08-28,91.69918823242188,105.29000091552734,105.44999694824219,105.04000091552734,105.44000244140625,15271000
2023-08-29,92.4307632446289,106.12999725341797,106.16999816894531,105.1500015258789,105.2300033569336,21843300
2023-08-30,92.30010986328125,105.9800033569336,106.26000213623047,105.94000244140625,106.18000030517578,21533500
2023-08-31,92.45689392089844,106.16000366210938,106.4000015258789,106.06999969482422,106.16000366210938,20534800
2023-09-01,91.79874420166016,105.02999877929688,105.80999755859375,104.91000366210938,105.77999877929688,16514200
2023-09-05,91.14320373535156,104.27999877929688,104.75,104.25,104.70999908447266,16272800
2023-09-06,91.05582427978516,104.18000030517578,104.44999694824219,103.94999694824219,104.41999816894531,17733800
2023-09-07,91.45784759521484,104.63999938964844,104.6500015258789,104.20999908447266,104.30999755859375,17295600
2023-09-08,91.5278091430664,104.72000122070312,105.18000030517578,104.72000122070312,104.91000366210938,18608800
2023-09-11,91.3530044555664,104.5199966430664,104.63999938964844,104.38999938964844,104.58999633789062,13686300
2023-09-12,91.32676696777344,104.48999786376953,104.55000305175781,104.30999755859375,104.52999877929688,15839800
2023-09-13,91.5278091430664,104.72000122070312,104.81999969482422,104.31999969482422,104.37999725341797,19975200
2023-09-14,91.3617172241211,104.52999877929688,104.9000015258789,104.47000122070312,104.80000305175781,16821000
2023-09-15,91.22189331054688,104.37000274658203,104.4800033569336,104.1500015258789,104.43000030517578,21796400
2023-09-18,91.39665985107422,104.56999969482422,104.5999984741211,104.16999816894531,104.16999816894531,12182200
2023-09-19,91.09078979492188,104.22000122070312,104.43000030517578,104.18000030517578,104.31999969482422,14577800
2023-09-20,91.12574768066406,104.26000213623047,104.77999877929688,104.23999786376953,104.55999755859375,23735800
2023-09-21,90.20799255371094,103.20999908447266,103.43000030517578,103.12999725341797,103.41000366210938,30183800
2023-09-22,90.75865173339844,103.83999633789062,103.94000244140625,103.31999969482422,103.44999694824219,21849000
2023-09-25,89.87588500976562,102.83000183105469,103.36000061035156,102.80000305175781,103.05999755859375,25968600
2023-09-26,89.62242126464844,102.54000091552734,103.12000274658203,102.4000015258789,103.05000305175781,39047500
2023-09-27,89.202880859375,102.05999755859375,103.11000061035156,101.69999694824219,103.0199966430664,35741200
2023-09-28,89.3602066040039,102.23999786376953,102.26000213623047,101.30000305175781,101.62000274658203,34650100
2023-09-29,89.16792297363281,102.0199966430664,102.91999816894531,101.77999877929688,102.77999877929688,28143000
2023-10-02,88.35101318359375,100.69000244140625,101.30000305175781,100.5999984741211,101.12999725341797,18787800
2023-10-03,87.33318328857422,99.52999877929688,100.52999877929688,99.38999938964844,100.37000274658203,30830200
2023-10-04,88.0965576171875,100.4000015258789,100.44999694824219,99.66999816894531,100.08999633789062,25863600
2023-10-05,87.99124908447266,100.27999877929688,100.75,100.12000274658203,100.54000091552734,21155700
2023-10-06,87.72802734375,99.9800033569336,100.19999694824219,99.16999816894531,99.31999969482422,21667900
2023-10-09,88.81607055664062,101.22000122070312,101.25,100.30999755859375,100.4800033569336,6398600
2023-10-10,88.85115051269531,101.26000213623047,101.66000366210938,100.56999969482422,100.76000213623047,23168100
2023-10-11,89.39521026611328,101.87999725341797,101.94000244140625,101.43000030517578,101.86000061035156,22655800
2023-10-12,88.465087890625,100.81999969482422,101.83999633789062,100.5999984741211,101.7300033569336,27899900
2023-10-13,88.95647430419922,101.37999725341797,101.7300033569336,101.18000030517578,101.6500015258789,20716300
2023-10-16,88.34223937988281,100.68000030517578,100.94999694824219,100.62999725341797,100.81999969482422,25991800
2023-10-17,87.64026641845703,99.87999725341797,100.22000122070312,99.55999755859375,99.80000305175781,24273500
2023-10-18,86.93831634521484,99.08000183105469,99.56999969482422,98.94999694824219,99.51000213623047,32144400
2023-10-19,86.23635864257812,98.27999877929688,99.2300033569336,98.2699966430664,98.91999816894531,41211800
2023-10-20,86.57855987548828,98.66999816894531,98.76000213623047,98.36000061035156,98.36000061035156,27130800
2023-10-23,87.25418853759766,99.44000244140625,99.70999908447266,98.23999786376953,98.37999725341797,21103000
2023-10-24,87.74556732177734,100.0,100.05999755859375,99.41999816894531,99.58999633789062,24517600
2023-10-25,86.94707489013672,99.08999633789062,99.5,98.86000061035156,99.44000244140625,20957000
2023-10-26,87.578857421875,99.80999755859375,99.87000274658203,99.02999877929688,99.18000030517578,28046100
2023-10-27,87.40336608886719,99.61000061035156,99.81999969482422,99.30999755859375,99.69000244140625,21362800
2023-10-30,87.1401138305664,99.30999755859375,99.52999877929688,99.01000213623047,99.33000183105469,20961500
2023-10-31,87.01725769042969,99.16999816894531,99.9000015258789,99.13999938964844,99.44000244140625,28805700
2023-11-01,88.26258850097656,100.22000122070312,100.26000213623047,99.22000122070312,99.2699966430664,32111800
2023-11-02,89.31060791015625,101.41000366210938,101.48999786376953,101.02999877929688,101.19999694824219,31295500
2023-11-03,89.7509536743164,101.91000366210938,102.9000015258789,101.87999725341797,102.58000183105469,38496200
2023-11-06,89.27537536621094,101.37000274658203,101.7300033569336,101.25,101.7300033569336,17827700
2023-11-07,89.98873138427734,102.18000030517578,102.4000015258789,101.68000030517578,101.75,25518200
2023-11-08,90.44667053222656,102.69999694824219,102.79000091552734,102.33000183105469,102.33999633789062,26997000
2023-11-09,89.53075408935547,101.66000366210938,102.55999755859375,101.4800033569336,102.55999755859375,23864100
2023-11-10,89.97991943359375,102.16999816894531,102.33999633789062,101.97000122070312,102.30999755859375,18498900
2023-11-13,89.98873138427734,102.18000030517578,102.25,101.6500015258789,101.83000183105469,21439200
2023-11-14,91.39783477783203,103.77999877929688,104.05000305175781,103.66000366210938,103.80999755859375,28387800
2023-11-15,90.92225646972656,103.23999786376953,103.44999694824219,102.97000122070312,103.41999816894531,23895000
2023-11-16,91.67083740234375,104.08999633789062,104.13999938964844,103.69000244140625,103.7699966430664,21223000
2023-11-17,91.93505096435547,104.38999938964844,104.58000183105469,104.1500015258789,104.44999694824219,25810200
2023-11-20,92.30494689941406,104.80999755859375,104.87999725341797,104.23999786376953,104.26000213623047,18529400
2023-11-21,92.33134460449219,104.83999633789062,104.97000122070312,104.55000305175781,104.83000183105469,20273200
2023-11-22,92.70125579833984,105.26000213623047,105.37999725341797,104.8499984741211,105.23999786376953,18588000
2023-11-24,92.22566223144531,104.72000122070312,105.0199966430664,104.69999694824219,104.86000061035156,6391400
2023-11-27,92.97427368164062,105.56999969482422,105.58999633789062,104.87999725341797,105.05999755859375,17919500
2023-11-28,93.34416198730469,105.98999786376953,106.02999877929688,105.29000091552734,105.38999938964844,21320800
2023-11-29,94.10155487060547,106.8499984741211,106.91000366210938,106.4000015258789,106.54000091552734,20661800
2023-11-30,93.60834503173828,106.29000091552734,106.63999938964844,106.08000183105469,106.61000061035156,41950900
2023-12-01,94.73541259765625,107.16999816894531,107.22000122070312,105.9000015258789,106.04000091552734,27733500
2023-12-04,94.30226135253906,106.68000030517578,106.94999694824219,106.44999694824219,106.80999755859375,28914300
2023-12-05,95.05364227294922,107.52999877929688,107.66999816894531,107.02999877929688,107.16000366210938,33315200
2023-12-06,95.4072494506836,107.93000030517578,108.19000244140625,107.72000122070312,107.8499984741211,22544300
2023-12-07,95.41606903076172,107.94000244140625,108.2300033569336,107.68000030517578,107.79000091552734,20253300
2023-12-08,94.90338134765625,107.36000061035156,107.62999725341797,107.18000030517578,107.33999633789062,21624200
2023-12-11,94.8768539428711,107.33000183105469,107.36000061035156,106.77999877929688,107.22000122070312,17714600
2023-12-12,95.41606903076172,107.94000244140625,107.9800033569336,107.13999938964844,107.31999969482422,22111100
2023-12-13,97.01605224609375,109.75,109.94999694824219,108.12999725341797,108.3499984741211,33623500
2023-12-14,98.04782104492188,110.5199966430664,110.87000274658203,110.12000274658203,110.23999786376953,28202300
2023-12-15,97.9058609008789,110.36000061035156,110.56999969482422,110.13999938964844,110.41999816894531,17904100
2023-12-18,97.49779510498047,109.9000015258789,110.16000366210938,109.83999633789062,110.04000091552734,19714500
2023-12-19,97.62199401855469,110.04000091552734,110.37000274658203,109.95999908447266,110.11000061035156,18086800
2023-12-20,97.87925720214844,110.33000183105469,110.41999816894531,109.91000366210938,110.25,23942000
2023-12-21,97.84378814697266,110.29000091552734,110.70999908447266,110.02999877929688,110.58999633789062,24168300
2023-12-22,97.67520904541016,110.0999984741211,110.5,109.94000244140625,110.44000244140625,11037100
2023-12-26,97.87925720214844,110.33000183105469,110.4000015258789,110.08999633789062,110.13999938964844,5816000
2023-12-27,98.79302978515625,111.36000061035156,111.4000015258789,110.72000122070312,110.88999938964844,13646400
2023-12-28,98.5357666015625,111.06999969482422,111.38999938964844,110.91999816894531,111.20999908447266,14288800
2023-12-29,98.17205047607422,110.66000366210938,111.01000213623047,110.55999755859375,110.69999694824219,17956700
2024-01-02,97.50666046142578,109.91000366210938,110.16999816894531,109.79000091552734,109.94000244140625,20622000
2024-01-03,97.28488159179688,109.66000366210938,109.7699966430664,108.91999816894531,109.0999984741211,35384900
2024-01-04,96.74372100830078,109.05000305175781,109.25,108.87000274658203,109.0,43111300
2024-01-05,96.3977279663086,108.66000366210938,109.56999969482422,108.58000183105469,108.72000122070312,24385500
2024-01-08,97.13406372070312,109.48999786376953,109.55000305175781,108.73999786376953,108.76000213623047,29182300
2024-01-09,97.30260467529297,109.68000030517578,109.79000091552734,109.2699966430664,109.31999969482422,55126300
2024-01-10,97.17841339111328,109.54000091552734,110.16000366210938,109.47000122070312,110.05000305175781,32323500
2024-01-11,97.76392364501953,110.19999694824219,110.33999633789062,109.38999938964844,109.7300033569336,50960900
2024-01-12,97.97685241699219,110.44000244140625,110.8499984741211,110.12999725341797,110.55000305175781,30479000
2024-01-16,96.98324584960938,109.31999969482422,109.98999786376953,109.0999984741211,109.8499984741211,27124600
2024-01-17,96.77921295166016,109.08999633789062,109.25,108.69999694824219,109.06999969482422,34414000
2024-01-18,96.59290313720703,108.87999725341797,109.33000183105469,108.76000213623047,109.26000213623047,28325100
2024-01-19,96.69046020507812,108.98999786376953,109.0199966430664,108.44999694824219,108.83999633789062,25621500
2024-01-22,96.95662689208984,109.29000091552734,109.56999969482422,109.16000366210938,109.48999786376953,17679900
2024-01-23,96.6017837524414,108.88999938964844,109.04000091552734,108.66999816894531,109.04000091552734,25439500
2024-01-24,96.41548919677734,108.68000030517578,109.44999694824219,108.58999633789062,109.38999938964844,26828300
2024-01-25,97.05421447753906,109.4000015258789,109.44000244140625,109.05000305175781,109.26000213623047,39484000
2024-01-26,96.77921295166016,109.08999633789062,109.44999694824219,109.05999755859375,109.44000244140625,26642300
2024-01-29,97.17841339111328,109.54000091552734,109.77999877929688,109.31999969482422,109.52999877929688,27060700
2024-01-30,97.4889144897461,109.88999938964844,109.91000366210938,109.33999633789062,109.81999969482422,30459200
2024-01-31,97.7373275756836,110.16999816894531,110.63999938964844,109.87000274658203,110.36000061035156,44733000
2024-02-01,98.4931640625,110.62999725341797,110.91000366210938,110.0999984741211,110.51000213623047,42478500
2024-02-02,97.59400177001953,109.62000274658203,109.70999908447266,109.22000122070312,109.47000122070312,39604900
2024-02-05,96.65918731689453,108.56999969482422,108.86000061035156,108.31999969482422,108.8499984741211,39266800
2024-02-06,97.20223236083984,109.18000030517578,109.36000061035156,108.72000122070312,108.75,26095200
2024-02-07,96.91738891601562,108.86000061035156,109.30999755859375,108.76000213623047,108.91999816894531,23574200
2024-02-08,96.41880798339844,108.30000305175781,108.58000183105469,108.19000244140625,108.54000091552734,26063900
2024-02-09,96.29415893554688,108.16000366210938,108.23999786376953,108.0,108.0199966430664,19029200
2024-02-12,96.30305480957031,108.16999816894531,108.2699966430664,107.86000061035156,108.22000122070312,30378900
2024-02-13,95.24360656738281,106.9800033569336,107.38999938964844,106.87000274658203,107.19999694824219,41494100
2024-02-14,95.68875885009766,107.4800033569336,107.5199966430664,107.08000183105469,107.0999984741211,41932200
2024-02-15,96.03597259521484,107.87000274658203,108.0999984741211,107.62000274658203,108.08000183105469,33255200
2024-02-16,95.68875885009766,107.4800033569336,107.58999633789062,107.23999786376953,107.36000061035156,26189800
2024-02-20,96.00923919677734,107.83999633789062,107.94999694824219,107.62000274658203,107.83999633789062,22386600
2024-02-21,95.76888275146484,107.56999969482422,107.91999816894531,107.41999816894531,107.91999816894531,23606200
2024-02-22,95.92024993896484,107.73999786376953,107.93000030517578,107.5999984741211,107.7300033569336,28705900
2024-02-23,96.20512390136719,108.05999755859375,108.22000122070312,107.7300033569336,107.79000091552734,29856300
2024-02-26,95.90242004394531,107.72000122070312,108.08999633789062,107.4800033569336,108.08999633789062,26696200
2024-02-27,95.76888275146484,107.56999969482422,107.83999633789062,107.51000213623047,107.6500015258789,33453800
2024-02-28,95.7599868774414,107.55999755859375,107.62999725341797,107.4000015258789,107.44000244140625,32713500
2024-02-29,95.84900665283203,107.66000366210938,108.1500015258789,107.5199966430664,107.72000122070312,45656400
2024-03-01,96.43250274658203,107.91999816894531,108.02999877929688,106.75,107.04000091552734,42971500
2024-03-04,96.2537841796875,107.72000122070312,107.87000274658203,107.55000305175781,107.62999725341797,31472000
2024-03-05,96.781005859375,108.30999755859375,108.5999984741211,108.13999938964844,108.29000091552734,33394200
2024-03-06,97.04012298583984,108.5999984741211,108.95999908447266,108.5199966430664,108.55000305175781,33176900
2024-03-07,97.28137969970703,108.87000274658203,109.02999877929688,108.5999984741211,108.98999786376953,22875700
2024-03-08,97.41539001464844,109.0199966430664,109.30000305175781,108.91999816894531,109.08999633789062,29591100
2024-03-11,97.43328857421875,109.04000091552734,109.29000091552734,108.87000274658203,109.04000091552734,25360200
2024-03-12,97.12054443359375,108.69000244140625,108.95999908447266,108.58999633789062,108.87000274658203,30852100
2024-03-13,97.02226257324219,108.58000183105469,108.94000244140625,108.54000091552734,108.72000122070312,31089900
2024-03-14,96.30740356445312,107.77999877929688,108.25,107.69999694824219,108.25,48815400
2024-03-15,96.33421325683594,107.80999755859375,107.95999908447266,107.62999725341797,107.83000183105469,34525600
2024-03-18,96.17339324951172,107.62999725341797,107.91999816894531,107.61000061035156,107.87000274658203,18279900
2024-03-19,96.45035552978516,107.94000244140625,108.18000030517578,107.75,107.80999755859375,22721000
2024-03-20,96.62907409667969,108.13999938964844,108.33000183105469,107.52999877929688,107.9800033569336,41915400
2024-03-21,96.77203369140625,108.30000305175781,108.55000305175781,108.12999725341797,108.47000122070312,26546700
2024-03-22,97.10266876220703,108.66999816894531,108.91999816894531,108.62000274658203,108.88999938964844,20877600
2024-03-25,96.77203369140625,108.30000305175781,108.66000366210938,108.23999786376953,108.66000366210938,23291000
2024-03-26,96.7452392578125,108.2699966430664,108.48999786376953,108.12999725341797,108.48999786376953,27266700
2024-03-27,97.41539001464844,109.0199966430664,109.0199966430664,108.3499984741211,108.41999816894531,30600500
2024-03-28,97.32606506347656,108.91999816894531,109.19000244140625,108.80000305175781,108.88999938964844,23066200
2024-04-01,96.39413452148438,107.47000122070312,108.02999877929688,107.37999725341797,108.0199966430664,20817100
2024-04-02,96.25062561035156,107.30999755859375,107.36000061035156,106.68000030517578,106.93000030517578,32433900
2024-04-03,96.31340789794922,107.37999725341797,107.55999755859375,106.75,106.91999816894531,25198700
2024-04-04,96.42106628417969,107.5,107.77999877929688,107.29000091552734,107.77999877929688,31423800
2024-04-05,95.99948120117188,107.02999877929688,107.37999725341797,106.9800033569336,107.08000183105469,25134900
2024-04-08,95.99051666259766,107.0199966430664,107.22000122070312,106.86000061035156,106.93000030517578,37054400
2024-04-09,96.48385620117188,107.56999969482422,107.62999725341797,107.38999938964844,107.44999694824219,21967300
2024-04-10,95.11151885986328,106.04000091552734,106.73999786376953,105.87999725341797,106.73999786376953,45351600
2024-04-11,94.9141616821289,105.81999969482422,106.4000015258789,105.61000061035156,106.30999755859375,38047900
2024-04-12,95.12945556640625,106.05999755859375,106.33000183105469,106.0199966430664,106.29000091552734,35119700
2024-04-15,94.08003234863281,104.88999938964844,105.48999786376953,104.75,105.48999786376953,27018500
2024-04-16,93.76610565185547,104.54000091552734,104.66000366210938,104.18000030517578,104.45999908447266,34191600
2024-04-17,94.27734375,105.11000061035156,105.27999877929688,104.80999755859375,105.04000091552734,26726300
2024-04-18,94.08900451660156,104.9000015258789,105.20999908447266,104.7300033569336,105.18000030517578,25997900
2024-04-19,94.18768310546875,105.01000213623047,105.29000091552734,104.91000366210938,105.2699966430664,20265600
2024-04-22,94.42084503173828,105.2699966430664,105.30999755859375,104.91999816894531,104.97000122070312,26642400
2024-04-23,94.58230590820312,105.44999694824219,105.87000274658203,105.0199966430664,105.16999816894531,26338800
2024-04-24,94.2145767211914,105.04000091552734,105.27999877929688,104.73999786376953,105.22000122070312,24538400
2024-04-25,93.9365234375,104.7300033569336,104.77999877929688,104.13999938964844,104.30000305175781,29826400
2024-04-26,94.29530334472656,105.12999725341797,105.31999969482422,105.05999755859375,105.12999725341797,11784100
2024-04-29,94.68994140625,105.56999969482422,105.66999816894531,105.30000305175781,105.43000030517578,18052100
2024-04-30,94.16973114013672,104.98999786376953,105.4000015258789,104.9000015258789,105.13999938964844,26008100
2024-05-01,94.56145477294922,105.01000213623047,105.55000305175781,104.6500015258789,104.87999725341797,30342900
2024-05-02,95.14677429199219,105.66000366210938,105.72000122070312,104.93000030517578,105.08999633789062,28044200
2024-05-03,95.81314086914062,106.4000015258789,106.79000091552734,106.0,106.43000030517578,24166800
2024-05-06,96.08329010009766,106.69999694824219,106.70999908447266,106.44999694824219,106.5199966430664,18519800
2024-05-07,96.12831115722656,106.75,107.16000366210938,106.6500015258789,107.0,28680400
2024-05-08,95.88518524169922,106.4800033569336,106.6500015258789,106.41000366210938,106.5,19916700
2024-05-09,96.03826141357422,106.6500015258789,106.7699966430664,106.29000091552734,106.4000015258789,25583500
2024-05-10,95.7320785522461,106.30999755859375,106.5199966430664,106.19000244140625,106.44000244140625,16291500
2024-05-13,95.76809692382812,106.3499984741211,106.6500015258789,106.31999969482422,106.55999755859375,20464200
2024-05-14,96.04727172851562,106.66000366210938,106.77999877929688,106.5,106.62999725341797,25440400
2024-05-15,96.90275573730469,107.61000061035156,107.77999877929688,107.25,107.5,33780900
2024-05-16,96.74964904785156,107.44000244140625,107.77999877929688,107.38999938964844,107.76000213623047,23586600
2024-05-17,96.52452850341797,107.19000244140625,107.44999694824219,107.16000366210938,107.25,21862800
2024-05-20,96.47952270507812,107.13999938964844,107.2300033569336,107.05999755859375,107.11000061035156,17885200
2024-05-21,96.6415786743164,107.31999969482422,107.4800033569336,107.26000213623047,107.44000244140625,17411900
2024-05-22,96.49752044677734,107.16000366210938,107.31999969482422,107.0,107.01000213623047,26735600
2024-05-23,96.07426452636719,106.69000244140625,107.33000183105469,106.56999969482422,107.30000305175781,24876100
2024-05-24,96.3354263305664,106.9800033569336,106.98999786376953,106.62000274658203,106.70999908447266,11189500
2024-05-28,95.75910186767578,106.33999633789062,107.12999725341797,106.2699966430664,107.12999725341797,15989600
2024-05-29,95.2458267211914,105.7699966430664,105.97000122070312,105.55000305175781,105.95999908447266,30015700
2024-05-30,95.83113861083984,106.41999816894531,106.44999694824219,106.12999725341797,106.19999694824219,21036300
2024-05-31,96.2543716430664,106.88999938964844,107.0199966430664,106.66999816894531,106.83999633789062,19901400
2024-06-03,96.91875457763672,107.22000122070312,107.23999786376953,106.76000213623047,106.80999755859375,20154900
2024-06-04,97.29840850830078,107.63999938964844,107.80000305175781,107.3499984741211,107.5199966430664,24545200
2024-06-05,97.62380981445312,108.0,108.02999877929688,107.43000030517578,107.81999969482422,26584700
2024-06-06,97.560546875,107.93000030517578,108.02999877929688,107.79000091552734,107.83000183105469,22687100
2024-06-07,96.68375396728516,106.95999908447266,107.19999694824219,106.87000274658203,107.02999877929688,26228700
2024-06-10,96.48485565185547,106.73999786376953,106.83999633789062,106.6500015258789,106.75,19415700
2024-06-11,96.90069580078125,107.19999694824219,107.2699966430664,106.7300033569336,106.80000305175781,19042600
2024-06-12,97.49726867675781,107.86000061035156,108.55999755859375,107.81999969482422,108.27999877929688,27209400
2024-06-13,97.95826721191406,108.37000274658203,108.55000305175781,108.05999755859375,108.3499984741211,26782700
2024-06-14,98.03962707519531,108.45999908447266,108.58000183105469,108.25,108.43000030517578,28561900
2024-06-17,97.57862091064453,107.94999694824219,108.01000213623047,107.7300033569336,107.81999969482422,24678700
2024-06-18,98.03060150146484,108.44999694824219,108.55000305175781,108.13999938964844,108.18000030517578,25576600
2024-06-20,97.7051773071289,108.08999633789062,108.11000061035156,107.77999877929688,107.83999633789062,21206300
2024-06-21,97.73229217529297,108.12000274658203,108.3499984741211,107.86000061035156,108.19000244140625,21091200
2024-06-24,97.83174896240234,108.2300033569336,108.41999816894531,108.16999816894531,108.2300033569336,18597600
2024-06-25,97.79557800292969,108.19000244140625,108.29000091552734,108.0199966430664,108.1500015258789,16251600
2024-06-26,97.26225280761719,107.5999984741211,107.69999694824219,107.38999938964844,107.5,26381300
2024-06-27,97.45207977294922,107.80999755859375,107.9800033569336,107.77999877929688,107.93000030517578,19939400
2024-06-28,96.82836151123047,107.12000274658203,108.11000061035156,107.08999633789062,108.08000183105469,27395800
2024-07-01,96.25326538085938,106.11000061035156,106.69999694824219,106.05000305175781,106.33999633789062,22429100
2024-07-02,96.87010955810547,106.79000091552734,106.81999969482422,106.41000366210938,106.6500015258789,19845700
2024-07-03,97.58670806884766,107.58000183105469,107.58000183105469,107.04000091552734,107.1500015258789,14318900
2024-07-05,98.09468841552734,108.13999938964844,108.19999694824219,107.69999694824219,107.98999786376953,18800300
2024-07-08,98.08561706542969,108.12999725341797,108.30999755859375,107.9800033569336,108.22000122070312,18136600
2024-07-09,97.90420532226562,107.93000030517578,108.12000274658203,107.69000244140625,107.94999694824219,20384700
2024-07-10,98.1400375366211,108.19000244140625,108.20999908447266,107.9000015258789,108.05999755859375,17263200
2024-07-11,98.66616821289062,108.7699966430664,109.0199966430664,108.68000030517578,108.86000061035156,31411700
2024-07-12,99.0290298461914,109.16999816894531,109.16999816894531,108.7300033569336,108.83000183105469,20301300
2024-07-15,98.4847640991211,108.56999969482422,108.95999908447266,108.55000305175781,108.80000305175781,18291500
2024-07-16,99.05622100830078,109.19999694824219,109.22000122070312,108.73999786376953,108.83000183105469,20090700
2024-07-17,99.1015853881836,109.25,109.30000305175781,108.83999633789062,108.9000015258789,21313500
2024-07-18,98.67523956298828,108.77999877929688,109.23999786376953,108.73999786376953,108.98999786376953,28091700
2024-07-19,98.31239318847656,108.37999725341797,108.58000183105469,108.30999755859375,108.56999969482422,16576600
2024-07-22,98.25798034667969,108.31999969482422,108.76000213623047,108.19999694824219,108.72000122070312,22556800
2024-07-23,98.1854019165039,108.23999786376953,108.56999969482422,108.23999786376953,108.45999908447266,24425700
2024-07-24,97.58670806884766,107.58000183105469,108.47000122070312,107.58000183105469,108.37000274658203,28026100
2024-07-25,97.97677612304688,108.01000213623047,108.27999877929688,107.7699966430664,107.79000091552734,29760400
2024-07-26,98.52102661132812,108.61000061035156,108.66000366210938,108.3499984741211,108.61000061035156,21119900
2024-07-29,98.72966766357422,108.83999633789062,108.97000122070312,108.62000274658203,108.93000030517578,24734600
2024-07-30,98.81131744384766,108.93000030517578,108.98999786376953,108.69000244140625,108.91999816894531,14952000
2024-07-31,99.38278198242188,109.55999755859375,109.58999633789062,109.08999633789062,109.38999938964844,29226900
2024-08-01,99.71234130859375,109.52999877929688,109.83999633789062,109.44999694824219,109.55999755859375,34564600
2024-08-02,100.68643188476562,110.5999984741211,110.69000244140625,110.11000061035156,110.11000061035156,46697900
2024-08-05,100.43153381347656,110.31999969482422,110.66000366210938,110.01000213623047,110.55999755859375,56991100
2024-08-06,99.77605438232422,109.5999984741211,110.23999786376953,109.58000183105469,110.19999694824219,47432500
2024-08-07,99.32090759277344,109.0999984741211,109.7699966430664,108.94000244140625,109.54000091552734,46819000
2024-08-08,99.36640930175781,109.1500015258789,109.22000122070312,108.83999633789062,109.04000091552734,23536800
2024-08-09,99.87621307373047,109.70999908447266,109.91999816894531,109.61000061035156,109.88999938964844,23199700
2024-08-12,100.08560180664062,109.94000244140625,110.05999755859375,109.55000305175781,109.66000366210938,24281800
2024-08-13,100.78656005859375,110.70999908447266,110.70999908447266,110.30000305175781,110.45999908447266,31245000
2024-08-14,101.23262786865234,111.19999694824219,111.33999633789062,110.83000183105469,110.83999633789062,28985600
2024-08-15,100.92312622070312,110.86000061035156,111.01000213623047,110.44000244140625,110.51000213623047,29546000
2024-08-16,101.22356414794922,111.19000244140625,111.26000213623047,110.41999816894531,110.9800033569336,21411500
2024-08-19,101.4602279663086,111.44999694824219,111.56999969482422,111.1500015258789,111.16999816894531,16004100
2024-08-20,101.72425842285156,111.73999786376953,111.80000305175781,111.44999694824219,111.63999938964844,27114000
2024-08-21,101.95185089111328,111.98999786376953,112.27999877929688,111.66999816894531,111.83000183105469,23819100
2024-08-22,101.53306579589844,111.52999877929688,111.81999969482422,111.29000091552734,111.73999786376953,17926300
2024-08-23,102.11572265625,112.16999816894531,112.30000305175781,111.70999908447266,111.8499984741211,22650200
2024-08-26,101.98827362060547,112.02999877929688,112.4000015258789,111.98999786376953,112.4000015258789,15312500
2024-08-27,101.90633392333984,111.94000244140625,111.98999786376953,111.54000091552734,111.58000183105469,15922700
2024-08-28,101.69693756103516,111.70999908447266,111.95999908447266,111.63999938964844,111.87000274658203,22104600
2024-08-29,101.52395629882812,111.5199966430664,111.63999938964844,111.33999633789062,111.48999786376953,20079400
2024-08-30,101.24176025390625,111.20999908447266,111.80999755859375,111.16999816894531,111.66000366210938,25275500
2024-09-03,101.54783630371094,111.13999938964844,111.5199966430664,110.97000122070312,111.29000091552734,27734500
2024-09-04,102.17828369140625,111.83000183105469,111.87000274658203,111.19000244140625,111.20999908447266,31915900
2024-09-05,102.68082427978516,112.37999725341797,112.41000366210938,111.73999786376953,112.16000366210938,35538500
2024-09-06,102.63513946533203,112.33000183105469,113.05999755859375,112.12999725341797,112.4000015258789,42004600
2024-09-09,102.86356353759766,112.58000183105469,112.69000244140625,112.18000030517578,112.30999755859375,35440300
2024-09-10,103.14680480957031,112.88999938964844,112.91000366210938,112.51000213623047,112.62999725341797,30489500
2024-09-11,103.19249725341797,112.94000244140625,113.11000061035156,112.56999969482422,112.66000366210938,36948000
2024-09-12,103.11939239501953,112.86000061035156,112.94999694824219,112.55999755859375,112.86000061035156,30255700
2024-09-13,103.4391860961914,113.20999908447266,113.37000274658203,113.0999984741211,113.22000122070312,25536600
2024-09-16,103.8960189819336,113.70999908447266,113.79000091552734,113.22000122070312,113.3499984741211,25722000
2024-09-17,103.9051513671875,113.72000122070312,113.91999816894531,113.54000091552734,113.9000015258789,31732800
2024-09-18,103.47572326660156,113.25,114.06999969482422,113.22000122070312,113.44000244140625,35015500
2024-09-19,103.5671157836914,113.3499984741211,113.55999755859375,113.13999938964844,113.30000305175781,31216900
2024-09-20,103.6584701538086,113.44999694824219,113.5,112.98999786376953,113.18000030517578,29958900
2024-09-23,103.51226806640625,113.29000091552734,113.5199966430664,112.95999908447266,113.0999984741211,22919400
2024-09-24,103.68588256835938,113.4800033569336,113.56999969482422,112.9000015258789,113.0,24719900
2024-09-25,103.0737075805664,112.80999755859375,113.19999694824219,112.77999877929688,113.16000366210938,32881300
2024-09-26,103.0737075805664,112.80999755859375,113.08999633789062,112.5199966430664,113.01000213623047,20877100
2024-09-27,103.48487091064453,113.26000213623047,113.3499984741211,113.05000305175781,113.12999725341797,25232000
2024-09-30,103.22903442382812,112.9800033569336,113.31999969482422,112.83000183105469,113.19999694824219,22728400
2024-10-01,103.72514343261719,113.11000061035156,113.29000091552734,112.87000274658203,113.0999984741211,36591300
2024-10-02,103.49590301513672,112.86000061035156,112.87999725341797,112.38999938964844,112.44000244140625,29446700
2024-10-03,102.8264389038086,112.12999725341797,112.62999725341797,112.12999725341797,112.58000183105469,24163200
2024-10-04,102.26705932617188,111.5199966430664,111.63999938964844,111.38999938964844,111.55000305175781,33618100
2024-10-07,101.74436950683594,110.94999694824219,111.33000183105469,110.87999725341797,111.12000274658203,27106300
2024-10-08,101.94612121582031,111.16999816894531,111.16999816894531,110.66999816894531,110.81999969482422,27316000
2024-10-09,101.74436950683594,110.94999694824219,111.06999969482422,110.75,110.93000030517578,29951900
2024-10-10,101.63433074951172,110.83000183105469,110.88999938964844,110.5,110.7300033569336,25932500
2024-10-11,101.61598205566406,110.80999755859375,111.0199966430664,110.56999969482422,110.66999816894531,20079000
2024-10-14,101.6251449584961,110.81999969482422,110.83999633789062,110.37000274658203,110.5,4335400
2024-10-15,102.12035369873047,111.36000061035156,111.47000122070312,111.05000305175781,111.05000305175781,28673200
2024-10-16,102.44129180908203,111.70999908447266,111.79000091552734,111.48999786376953,111.66999816894531,20474300
2024-10-17,101.68016815185547,110.87999725341797,111.31999969482422,110.83000183105469,111.27999877929688,31476700
2024-10-18,101.56096649169922,110.75,111.1500015258789,110.7300033569336,111.05999755859375,27372400
2024-10-21,100.52471923828125,109.62000274658203,110.27999877929688,109.58000183105469,110.20999908447266,28320400
2024-10-22,100.51554107666016,109.61000061035156,109.73999786376953,109.3499984741211,109.72000122070312,26001200
2024-10-23,100.1762466430664,109.23999786376953,109.45999908447266,109.08000183105469,109.23999786376953,25425800
2024-10-24,100.47885131835938,109.56999969482422,109.7699966430664,109.2699966430664,109.41000366210938,21021100
2024-10-25,100.2404556274414,109.30999755859375,109.94000244140625,109.25,109.87999725341797,16040900
2024-10-28,100.15790557861328,109.22000122070312,109.48999786376953,108.97000122070312,109.43000030517578,20935200
2024-10-29,100.27710723876953,109.3499984741211,109.37999725341797,108.66000366210938,108.73999786376953,24075800
2024-10-30,100.14871978759766,109.20999908447266,109.94999694824219,109.16000366210938,109.68000030517578,25259100
2024-10-31,99.94701385498047,108.98999786376953,109.31999969482422,108.72000122070312,109.02999877929688,29424400
2024-11-01,99.39942169189453,108.01000213623047,109.06999969482422,107.95999908447266,108.9000015258789,25142200
2024-11-04,100.13562774658203,108.80999755859375,109.08000183105469,108.5199966430664,108.9000015258789,24713500
2024-11-05,100.61418914794922,109.33000183105469,109.3499984741211,108.5,108.76000213623047,23732500
2024-11-06,99.5650634765625,108.19000244140625,108.6500015258789,107.91000366210938,108.06999969482422,38097900
2024-11-07,100.74301147460938,109.47000122070312,109.58999633789062,108.72000122070312,108.83000183105469,24596700
2024-11-08,101.09273529052734,109.8499984741211,110.08000183105469,109.58999633789062,109.70999908447266,21113600
2024-11-11,100.89946746826172,109.63999938964844,109.7300033569336,109.45999908447266,109.6500015258789,7971100
2024-11-12,99.98839569091797,108.6500015258789,109.4000015258789,108.55999755859375,109.16999816894531,36203300
2024-11-13,99.61109161376953,108.23999786376953,109.25,108.16999816894531,109.23999786376953,22942500
2024-11-14,99.5834732055664,108.20999908447266,108.72000122070312,108.0999984741211,108.52999877929688,26889100
2024-11-15,99.62947845458984,108.26000213623047,108.5199966430664,107.5999984741211,107.91000366210938,27276300
2024-11-18,99.81353759765625,108.45999908447266,108.63999938964844,108.04000091552734,108.12999725341797,19399100
2024-11-19,100.02519989013672,108.69000244140625,108.91000366210938,108.61000061035156,108.72000122070312,21473200
2024-11-20,99.78594207763672,108.43000030517578,108.5999984741211,108.2699966430664,108.30999755859375,24792000
2024-11-21,99.66631317138672,108.30000305175781,108.75,108.20999908447266,108.47000122070312,22507400
2024-11-22,99.7583236694336,108.4000015258789,108.58999633789062,108.22000122070312,108.4800033569336,13813000
2024-11-25,101.0007095336914,109.75,109.80999755859375,109.41999816894531,109.55999755859375,21678000
2024-11-26,100.74301147460938,109.47000122070312,109.5199966430664,109.11000061035156,109.48999786376953,25005000
2024-11-27,101.11115264892578,109.87000274658203,109.9800033569336,109.55999755859375,109.79000091552734,23584000
2024-11-29,101.73693084716797,110.55000305175781,110.56999969482422,110.29000091552734,110.33999633789062,11838900
2024-12-02,101.89666748046875,110.33999633789062,110.43000030517578,109.80999755859375,110.3499984741211,33409400
2024-12-03,101.53652954101562,109.94999694824219,110.54000091552734,109.88999938964844,110.45999908447266,27394800
2024-12-04,102.02598571777344,110.4800033569336,110.58999633789062,109.69999694824219,109.75,22704100
2024-12-05,101.99825286865234,110.44999694824219,110.54000091552734,110.16999816894531,110.20999908447266,16792500
2024-12-06,102.22914123535156,110.69999694824219,110.93000030517578,110.44000244140625,110.91999816894531,16668800
2024-12-09,101.9705581665039,110.41999816894531,110.5999984741211,110.33000183105469,110.54000091552734,21149300
2024-12-10,101.81356811523438,110.25,110.4000015258789,110.11000061035156,110.16999816894531,19497500
2024-12-11,101.53652954101562,109.94999694824219,110.58999633789062,109.93000030517578,110.44999694824219,24516500
2024-12-12,100.9639892578125,109.33000183105469,109.72000122070312,109.25,109.69000244140625,24747600
2024-12-13,100.40066528320312,108.72000122070312,109.19000244140625,108.6500015258789,109.18000030517578,13195000
2024-12-16,100.5299301147461,108.86000061035156,109.05999755859375,108.69999694824219,109.02999877929688,18893000
2024-12-17,100.53917694091797,108.87000274658203,109.0199966430664,108.75,108.83999633789062,29945700
2024-12-18,99.29269409179688,107.13999938964844,108.58999633789062,107.05000305175781,108.36000061035156,36753900
2024-12-19,98.75515747070312,106.55999755859375,107.0,106.33000183105469,106.86000061035156,40479900
2024-12-20,99.1444091796875,106.9800033569336,107.47000122070312,106.80999755859375,107.08999633789062,27608300
2024-12-23,98.85710906982422,106.66999816894531,107.08000183105469,106.55000305175781,107.01000213623047,13091800
2024-12-24,99.16293334960938,107.0,107.01000213623047,106.41999816894531,106.45999908447266,6215300
2024-12-26,99.25562286376953,107.0999984741211,107.13999938964844,106.5,106.5,12454800
2024-12-27,98.83858489990234,106.6500015258789,107.04000091552734,106.61000061035156,106.91000366210938,13908400
2024-12-30,99.26490783691406,107.11000061035156,107.18000030517578,106.97000122070312,107.02999877929688,9141400
2024-12-31,99.01466369628906,106.83999633789062,107.38999938964844,106.66999816894531,107.29000091552734,10768700
2025-01-02,99.02392578125,106.8499984741211,107.30999755859375,106.62000274658203,107.12000274658203,19098100
2025-01-03,98.79222869873047,106.5999984741211,107.05999755859375,106.54000091552734,107.0,22610500
2025-01-06,98.54203033447266,106.33000183105469,106.58999633789062,106.2699966430664,106.5199966430664,24302200
2025-01-07,98.0879135131836,105.83999633789062,106.30999755859375,105.66999816894531,106.19000244140625,25115700
2025-01-08,98.2454605102539,106.01000213623047,106.11000061035156,105.62999725341797,105.70999908447266,30143800
2025-01-10,97.68012237548828,105.4000015258789,105.73999786376953,105.22000122070312,105.3499984741211,24613500
2025-01-13,97.40210723876953,105.0999984741211,105.37000274658203,105.02999877929688,105.3499984741211,18873300
2025-01-14,97.51331329345703,105.22000122070312,105.27999877929688,104.94000244140625,105.19999694824219,27585200
2025-01-15,98.68103790283203,106.4800033569336,106.63999938964844,106.22000122070312,106.41999816894531,32123600
2025-01-16,98.87564849853516,106.69000244140625,106.91000366210938,106.20999908447266,106.43000030517578,24583300
2025-01-17,98.95904541015625,106.77999877929688,107.01000213623047,106.70999908447266,106.9800033569336,18912000
2025-01-21,99.53365325927734,107.4000015258789,107.41999816894531,107.12000274658203,107.2300033569336,20670600
2025-01-22,99.21856689453125,107.05999755859375,107.51000213623047,107.05000305175781,107.4000015258789,18418900
2025-01-23,99.07952117919922,106.91000366210938,106.91999816894531,106.56999969482422,106.58999633789062,18118300
2025-01-24,99.27415466308594,107.12000274658203,107.23999786376953,106.76000213623047,106.87000274658203,13020200
2025-01-27,99.9599609375,107.86000061035156,107.88999938964844,107.51000213623047,107.6500015258789,18954300
2025-01-28,99.82095336914062,107.70999908447266,107.7699966430664,107.4800033569336,107.58000183105469,22253100
2025-01-29,99.69120788574219,107.56999969482422,107.91999816894531,107.2300033569336,107.88999938964844,24969100
2025-01-30,99.91361999511719,107.80999755859375,108.01000213623047,107.66000366210938,107.86000061035156,22709300
2025-01-31,99.5892562866211,107.45999908447266,108.0199966430664,107.23999786376953,107.9000015258789,28454600
2025-02-03,99.74642181396484,107.23999786376953,107.68000030517578,107.0199966430664,107.36000061035156,21155000
2025-02-04,99.94178009033203,107.44999694824219,107.56999969482422,106.94000244140625,106.9800033569336,25086200
2025-02-05,100.63935852050781,108.19999694824219,108.43000030517578,107.7699966430664,108.04000091552734,30119200
2025-02-06,100.45333099365234,108.0,108.29000091552734,107.88999938964844,108.12999725341797,22557700
2025-02-07,100.01617431640625,107.52999877929688,107.72000122070312,107.4000015258789,107.63999938964844,23911000
2025-02-10,100.0440902709961,107.55999755859375,107.8499984741211,107.44999694824219,107.62999725341797,15302300
2025-02-11,99.82085418701172,107.31999969482422,107.4000015258789,107.19999694824219,107.2300033569336,19478800
2025-02-12,99.28137969970703,106.73999786376953,106.87000274658203,106.36000061035156,106.56999969482422,31480600
2025-02-13,100.05340576171875,107.56999969482422,107.76000213623047,107.27999877929688,107.31999969482422,20735100
2025-02-14,100.44404602050781,107.98999786376953,108.3499984741211,107.98999786376953,108.12999725341797,14409400
2025-02-18,100.0347900390625,107.55000305175781,107.95999908447266,107.47000122070312,107.8499984741211,17640000
2025-02-19,100.09059143066406,107.61000061035156,107.7699966430664,107.4000015258789,107.51000213623047,26007400
2025-02-20,100.33242797851562,107.87000274658203,107.94999694824219,107.70999908447266,107.77999877929688,23814800
2025-02-21,100.68587493896484,108.25,108.58000183105469,107.98999786376953,108.0199966430664,30130700
2025-02-24,100.9463119506836,108.52999877929688,108.68000030517578,108.18000030517578,108.30999755859375,23399500
2025-02-25,101.71830749511719,109.36000061035156,109.4000015258789,109.05999755859375,109.20999908447266,26835200
2025-02-26,101.93223571777344,109.58999633789062,109.63999938964844,109.19000244140625,109.4000015258789,22983100
2025-02-27,101.50436401367188,109.12999725341797,109.44999694824219,109.06999969482422,109.27999877929688,27258200
2025-02-28,101.9508285522461,109.61000061035156,109.66000366210938,109.1500015258789,109.51000213623047,29596100
2025-03-03,102.27295684814453,109.54000091552734,109.54000091552734,108.87000274658203,108.94000244140625,42545300
2025-03-04,101.93683624267578,109.18000030517578,109.55000305175781,109.05000305175781,109.36000061035156,46053300
2025-03-05,101.61006164550781,108.83000183105469,109.44999694824219,108.7300033569336,109.33000183105469,45483500
2025-03-06,101.2926254272461,108.48999786376953,108.83999633789062,108.29000091552734,108.69000244140625,40519900
2025-03-07,101.1338882446289,108.31999969482422,109.02999877929688,108.19999694824219,109.02999877929688,30747100
2025-03-10,101.47933959960938,108.69000244140625,109.05999755859375,108.55000305175781,108.81999969482422,34294800
2025-03-11,100.81644439697266,107.9800033569336,108.68000030517578,107.94999694824219,108.61000061035156,42262600
2025-03-12,100.51766967773438,107.66000366210938,108.05999755859375,107.62000274658203,108.02999877929688,35875600
2025-03-13,100.8351058959961,108.0,108.02999877929688,107.18000030517578,107.29000091552734,43907900
2025-03-14,100.78843688964844,107.94999694824219,108.20999908447266,107.87000274658203,108.0,31358100
2025-03-17,100.99383544921875,108.16999816894531,108.55999755859375,108.12000274658203,108.3499984741211,17561400
2025-03-18,101.23660278320312,108.43000030517578,108.66000366210938,108.0199966430664,108.13999938964844,27948100
2025-03-19,101.8341293334961,109.06999969482422,109.18000030517578,108.27999877929688,108.44999694824219,27469800
2025-03-20,101.68476104736328,108.91000366210938,109.6500015258789,108.9000015258789,109.63999938964844,26937300
2025-03-21,101.54469299316406,108.76000213623047,109.0999984741211,108.69000244140625,108.9800033569336,26447400
2025-03-24,101.10588073730469,108.29000091552734,108.63999938964844,108.20999908447266,108.63999938964844,25243300
2025-03-25,101.20858001708984,108.4000015258789,108.62000274658203,108.19000244140625,108.29000091552734,22744000
2025-03-26,100.79779052734375,107.95999908447266,108.22000122070312,107.91000366210938,108.22000122070312,17115600
2025-03-27,100.67638397216797,107.83000183105469,107.87000274658203,107.63999938964844,107.7699966430664,22028900
2025-03-28,101.28327941894531,108.4800033569336,108.52999877929688,108.1500015258789,108.30000305175781,27257000
2025-03-31,101.47933959960938,108.69000244140625,108.81999969482422,108.30000305175781,108.75,29834300
2025-04-01,101.8420639038086,108.66000366210938,108.9000015258789,108.4800033569336,108.52999877929688,22059200
2025-04-02,102.07638549804688,108.91000366210938,109.01000213623047,108.3499984741211,109.01000213623047,24769000
2025-04-03,102.06700134277344,108.9000015258789,109.54000091552734,108.75,109.11000061035156,41675700
2025-04-04,101.95451354980469,108.77999877929688,109.47000122070312,108.5,109.12999725341797,60793800
2025-04-07,99.96753692626953,106.66000366210938,108.2699966430664,106.36000061035156,107.7699966430664,62583200
2025-04-08,98.70223999023438,105.30999755859375,106.91000366210938,104.97000122070312,106.83999633789062,56747700
2025-04-09,100.35182189941406,107.06999969482422,107.11000061035156,103.7699966430664,104.08999633789062,77380700
2025-04-10,98.64601135253906,105.25,106.3499984741211,105.05999755859375,105.95999908447266,55825000
2025-04-11,98.62728881835938,105.2300033569336,105.43000030517578,103.44999694824219,104.52999877929688,41686900
2025-04-14,99.23651123046875,105.87999725341797,106.08999633789062,105.4800033569336,105.98999786376953,28111900
2025-04-15,99.7707290649414,106.44999694824219,106.61000061035156,105.87999725341797,105.93000030517578,20502600
2025-04-16,100.19248962402344,106.9000015258789,106.91000366210938,106.27999877929688,106.55000305175781,24639800
2025-04-17,100.05191040039062,106.75,107.0,106.56999969482422,106.91000366210938,11483700
2025-04-21,98.97404479980469,105.5999984741211,106.37999725341797,105.51000213623047,106.20999908447266,23506700
2025-04-22,99.21774291992188,105.86000061035156,106.2300033569336,105.81999969482422,106.18000030517578,20939300
2025-04-23,99.65825653076172,106.33000183105469,107.66999816894531,106.30999755859375,107.55000305175781,31155900
2025-04-24,100.67986297607422,107.41999816894531,107.4800033569336,106.87000274658203,107.05999755859375,23838700
2025-04-25,101.21409606933594,107.98999786376953,108.04000091552734,107.6500015258789,107.83000183105469,14575300
2025-04-28,101.44841766357422,108.23999786376953,108.3499984741211,107.87999725341797,107.88999938964844,18297900
2025-04-29,101.68273162841797,108.48999786376953,108.5,108.05000305175781,108.05999755859375,19346200
2025-04-30,101.20471954345703,107.9800033569336,108.29000091552734,107.80999755859375,108.12999725341797,35129300
2025-05-01,100.84900665283203,107.16999816894531,107.76000213623047,107.08999633789062,107.76000213623047,28056300
2025-05-02,100.60433197021484,106.91000366210938,107.04000091552734,106.69999694824219,106.83999633789062,20302100
2025-05-05,100.46320343017578,106.76000213623047,106.80999755859375,106.30000305175781,106.63999938964844,20005800
2025-05-06,100.66081237792969,106.97000122070312,106.9800033569336,106.37000274658203,106.45999908447266,29906500
2025-05-07,100.86783599853516,107.19000244140625,107.30000305175781,107.0,107.19000244140625,19892000
2025-05-08,100.35971069335938,106.6500015258789,107.43000030517578,106.6500015258789,107.3499984741211,25149700
2025-05-09,100.32205200195312,106.61000061035156,107.02999877929688,106.58000183105469,106.93000030517578,18254700
2025-05-12,100.30323028564453,106.58999633789062,106.83000183105469,106.48999786376953,106.58999633789062,28270900
2025-05-13,100.3879165649414,106.68000030517578,106.81999969482422,106.47000122070312,106.69000244140625,32005700
2025-05-14,99.8797607421875,106.13999938964844,106.70999908447266,106.0999984741211,106.58000183105469,25340600
2025-05-15,100.59493255615234,106.9000015258789,106.95999908447266,106.31999969482422,106.38999938964844,30008300
2025-05-16,100.78314208984375,107.0999984741211,107.4000015258789,106.94999694824219,107.38999938964844,21888400
2025-05-19,100.79257202148438,107.11000061035156,107.16999816894531,106.05999755859375,106.16000366210938,33615600
2025-05-20,100.54789733886719,106.8499984741211,106.9800033569336,106.61000061035156,106.80000305175781,23036200
2025-05-21,99.4280776977539,105.66000366210938,106.54000091552734,105.56999969482422,106.36000061035156,35452800
2025-05-22,99.93622589111328,106.19999694824219,106.25,105.38999938964844,105.54000091552734,34010700
2025-05-23,100.01151275634766,106.27999877929688,106.56999969482422,106.08999633789062,106.41000366210938,21447200
2025-05-27,100.91488647460938,107.23999786376953,107.33000183105469,106.5199966430664,106.91999816894531,29208400
2025-05-28,100.67024230957031,106.9800033569336,107.0999984741211,106.66999816894531,107.02999877929688,29079800
2025-05-29,101.12190246582031,107.45999908447266,107.55999755859375,107.19999694824219,107.33000183105469,31012800
2025-05-30,101.41361999511719,107.7699966430664,107.7699966430664,107.3499984741211,107.44999694824219,29890800
2025-06-02,101.12649536132812,107.06999969482422,107.08000183105469,106.69000244140625,106.98999786376953,24225900
2025-06-03,101.17372131347656,107.12000274658203,107.41000366210938,106.98999786376953,107.23999786376953,24080000
2025-06-04,101.91044616699219,107.9000015258789,108.05000305175781,107.5199966430664,107.62999725341797,28006400
2025-06-05,101.59874725341797,107.56999969482422,107.98999786376953,107.51000213623047,107.94000244140625,29760700
2025-06-06,100.98484802246094,106.91999816894531,107.3499984741211,106.91000366210938,107.22000122070312,31093100
2025-06-09,101.28707885742188,107.23999786376953,107.37999725341797,106.94000244140625,106.98999786376953,18850000
2025-06-10,101.53263854980469,107.5,107.69000244140625,107.26000213623047,107.6500015258789,20359000
2025-06-11,101.853759765625,107.83999633789062,107.97000122070312,107.55999755859375,107.68000030517578,20584700
2025-06-12,102.42045593261719,108.44000244140625,108.44000244140625,108.08000183105469,108.2300033569336,26497300
2025-06-13,101.80653381347656,107.79000091552734,108.19000244140625,107.5,108.12000274658203,34794500
2025-06-16,101.6270751953125,107.5999984741211,108.12000274658203,107.58000183105469,107.80000305175781,21286000
2025-06-17,101.97655487060547,107.97000122070312,108.04000091552734,107.6500015258789,107.87999725341797,27241300
2025-06-18,102.05210876464844,108.05000305175781,108.41999816894531,107.8499984741211,108.22000122070312,29762000
2025-06-20,102.13710021972656,108.13999938964844,108.30999755859375,107.72000122070312,107.86000061035156,20437500
2025-06-23,102.39212036132812,108.41000366210938,108.69999694824219,108.30999755859375,108.38999938964844,34072400
2025-06-24,102.8738021850586,108.91999816894531,109.0199966430664,108.2699966430664,108.27999877929688,38185300
2025-06-25,102.75102233886719,108.79000091552734,108.8499984741211,108.52999877929688,108.70999908447266,30675200
2025-06-26,103.12882995605469,109.19000244140625,109.19999694824219,108.69000244140625,108.91000366210938,31026000
2025-06-27,102.95881652832031,109.01000213623047,109.4000015258789,108.87999725341797,109.0,24704800
2025-06-30,103.52549743652344,109.61000061035156,109.72000122070312,109.23999786376953,109.37000274658203,40575000
2025-07-01,103.650634765625,109.33999633789062,109.41000366210938,109.02999877929688,109.26000213623047,28691300
2025-07-02,103.63167572021484,109.31999969482422,109.31999969482422,108.9000015258789,108.9800033569336,24284500
2025-07-03,103.38520812988281,109.05999755859375,109.27999877929688,108.9800033569336,109.1500015258789,17340500
2025-07-07,102.76902770996094,108.41000366210938,108.86000061035156,108.29000091552734,108.86000061035156,18303300
2025-07-08,102.47517395019531,108.0999984741211,108.19000244140625,108.01000213623047,108.16000366210938,29374900
2025-07-09,103.06290435791016,108.72000122070312,108.73999786376953,108.25,108.3499984741211,33182900
2025-07-10,103.08186340332031,108.73999786376953,108.83999633789062,108.47000122070312,108.68000030517578,29758900
2025-07-11,102.45621490478516,108.08000183105469,108.29000091552734,108.0,108.26000213623047,23776000
2025-07-14,102.42778015136719,108.05000305175781,108.19000244140625,107.86000061035156,108.0199966430664,18216500
2025-07-15,102.05804443359375,107.66000366210938,108.27999877929688,107.62000274658203,108.27999877929688,31329400
2025-07-16,102.2192153930664,107.83000183105469,108.0999984741211,107.33999633789062,107.91000366210938,41794100
2025-07-17,102.46569061279297,108.08999633789062,108.20999908447266,107.94999694824219,108.04000091552734,19396900
2025-07-18,102.65528106689453,108.29000091552734,108.43000030517578,108.16000366210938,108.38999938964844,17446200
2025-07-21,103.05342102050781,108.70999908447266,108.98999786376953,108.68000030517578,108.86000061035156,17147100
2025-07-22,103.29989624023438,108.97000122070312,109.02999877929688,108.72000122070312,108.76000213623047,19568700
2025-07-23,103.13874816894531,108.80000305175781,108.87999725341797,108.6500015258789,108.76000213623047,20810400
2025-07-24,102.987060546875,108.63999938964844,108.86000061035156,108.41999816894531,108.44000244140625,23064800
2025-07-25,103.31884002685547,108.98999786376953,109.04000091552734,108.5999984741211,108.69000244140625,26008500
2025-07-28,103.11030578613281,108.7699966430664,108.94000244140625,108.7300033569336,108.86000061035156,21887900
2025-07-29,103.79283142089844,109.48999786376953,109.5,108.93000030517578,108.94999694824219,26131300
2025-07-30,103.4041748046875,109.08000183105469,109.44999694824219,108.9800033569336,109.08999633789062,23313300
2025-07-31,103.43260955810547,109.11000061035156,109.5,109.08999633789062,109.41000366210938,31745000
2025-08-01,104.35018157958984,109.62999725341797,109.69999694824219,109.12000274658203,109.31999969482422,46073800
2025-08-04,104.53102111816406,109.81999969482422,109.88999938964844,109.58000183105469,109.77999877929688,31779600
2025-08-05,104.60717010498047,109.9000015258789,109.93000030517578,109.61000061035156,109.62999725341797,25922900
2025-08-06,104.57862854003906,109.87000274658203,109.91999816894531,109.2300033569336,109.6500015258789,31825300
2025-08-07,104.47391510009766,109.76000213623047,110.08000183105469,109.69000244140625,109.91000366210938,29018100
2025-08-08,104.14077758789062,109.41000366210938,109.63999938964844,109.38999938964844,109.63999938964844,16946300
2025-08-11,104.30258178710938,109.58000183105469,109.72000122070312,109.44999694824219,109.56999969482422,24444300
2025-08-12,104.39776611328125,109.68000030517578,109.69999694824219,109.2699966430664,109.38999938964844,26380500
2025-08-13,104.9498291015625,110.26000213623047,110.31999969482422,110.05000305175781,110.05999755859375,27701400
2025-08-14,104.588134765625,109.87999725341797,110.05999755859375,109.75,110.0,18817700
2025-08-15,104.45486450195312,109.73999786376953,109.93000030517578,109.62999725341797,109.83999633789062,20932000
2025-08-18,104.26451110839844,109.54000091552734,109.83999633789062,109.44000244140625,109.81999969482422,19579900
2025-08-19,104.42633056640625,109.70999908447266,109.77999877929688,109.61000061035156,109.68000030517578,26744200
2025-08-20,104.47391510009766,109.76000213623047,109.87000274658203,109.58999633789062,109.66999816894531,25054700
2025-08-21,104.07413482666016,109.33999633789062,109.56999969482422,109.19000244140625,109.55999755859375,25157900
2025-08-22,104.89273071289062,110.19999694824219,110.30999755859375,109.55999755859375,109.6500015258789,34562900
2025-08-25,104.61669921875,109.91000366210938,110.13999938964844,109.87999725341797,109.97000122070312,18983100
2025-08-26,104.69282531738281,109.98999786376953,110.01000213623047,109.66000366210938,109.88999938964844,23246400
2025-08-27,104.73090362548828,110.02999877929688,110.05999755859375,109.58999633789062,109.68000030517578,25171700
2025-08-28,104.89273071289062,110.19999694824219,110.30999755859375,110.0,110.08000183105469,26892700
2025-08-29,104.51200103759766,109.80000305175781,110.01000213623047,109.75,109.98999786376953,32201100
2025-09-02,104.16240692138672,109.05000305175781,109.08999633789062,108.80999755859375,108.87999725341797,31044800
2025-09-03,104.78325653076172,109.69999694824219,109.83000183105469,109.23999786376953,109.26000213623047,34520600
2025-09-04,105.49964141845703,110.44999694824219,110.45999908447266,109.97000122070312,110.08000183105469,43026600
2025-09-05,106.18737030029297,111.16999816894531,111.30999755859375,111.05999755859375,111.20999908447266,36249000
2025-09-08,106.55988311767578,111.55999755859375,111.62999725341797,111.41999816894531,111.51000213623047,28998000
2025-09-09,106.36885833740234,111.36000061035156,111.55000305175781,111.12000274658203,111.44000244140625,24412500
2025-09-10,106.68406677246094,111.69000244140625,111.98999786376953,111.55000305175781,111.58000183105469,30188100
2025-09-11,107.18075561523438,112.20999908447266,112.33000183105469,111.87000274658203,111.88999938964844,28405600
2025-09-12,106.98973083496094,112.01000213623047,112.04000091552734,111.70999908447266,111.97000122070312,26728500
2025-09-15,107.32404327392578,112.36000061035156,112.41999816894531,112.2300033569336,112.2300033569336,21863600
2025-09-16,107.22852325439453,112.26000213623047,112.4000015258789,112.16000366210938,112.29000091552734,28232600
2025-09-17,107.0374755859375,112.05999755859375,112.63999938964844,111.81999969482422,112.45999908447266,34969800
2025-09-18,106.81781005859375,111.83000183105469,111.87999725341797,111.5199966430664,111.72000122070312,37159300
2025-09-19,106.7318115234375,111.73999786376953,111.83999633789062,111.55999755859375,111.73999786376953,26845400
2025-09-22,106.49303436279297,111.48999786376953,111.69999694824219,111.43000030517578,111.63999938964844,25908600
2025-09-23,106.70317077636719,111.70999908447266,111.75,111.48999786376953,111.6500015258789,31575400
2025-09-24,106.2733383178711,111.26000213623047,111.5199966430664,111.16999816894531,111.48999786376953,34756700
2025-09-25,106.08230590820312,111.05999755859375,111.08000183105469,110.68000030517578,111.0,36991200
2025-09-26,106.22557830810547,111.20999908447266,111.38999938964844,110.98999786376953,111.1500015258789,31962100
2025-09-29,106.5790023803711,111.58000183105469,111.69999694824219,111.41999816894531,111.45999908447266,31961900
2025-09-30,106.47393035888672,111.47000122070312,111.86000061035156,111.37999725341797,111.6500015258789,34939700
2025-10-01,106.9015121459961,111.51000213623047,111.51000213623047,111.2300033569336,111.44000244140625,30262700
2025-10-02,107.07406616210938,111.69000244140625,111.7300033569336,111.41000366210938,111.48999786376953,18259400
2025-10-03,106.93985748291016,111.55000305175781,111.7699966430664,111.4800033569336,111.69000244140625,19971200
2025-10-06,106.5947265625,111.19000244140625,111.47000122070312,111.16000366210938,111.23999786376953,19553600
2025-10-07,106.79605102539062,111.4000015258789,111.48999786376953,111.16999816894531,111.33999633789062,29459500
2025-10-08,106.66182708740234,111.26000213623047,111.62000274658203,111.25,111.61000061035156,22462100
2025-10-09,106.45092010498047,111.04000091552734,111.20999908447266,110.94999694824219,111.16999816894531,29660700
2025-10-10,106.74810791015625,111.3499984741211,111.55000305175781,111.27999877929688,111.4800033569336,39146400
2025-10-13,107.11241149902344,111.7300033569336,111.80000305175781,111.33000183105469,111.4000015258789,11235900
2025-10-14,107.46710205078125,112.0999984741211,112.12999725341797,111.4800033569336,111.5199966430664,43975300
2025-10-15,107.46710205078125,112.0999984741211,112.5,111.91000366210938,112.26000213623047,45017200
2025-10-16,107.7739028930664,112.41999816894531,112.44000244140625,111.9800033569336,112.05000305175781,39858400
2025-10-17,107.56298828125,112.19999694824219,112.31999969482422,112.11000061035156,112.29000091552734,35433500
2025-10-20,107.8889389038086,112.54000091552734,112.55999755859375,112.41999816894531,112.45999908447266,26361100
2025-10-21,107.9081039428711,112.55999755859375,112.88999938964844,112.55000305175781,112.81999969482422,27353800
2025-10-22,108.0135498046875,112.66999816894531,112.68000030517578,112.41000366210938,112.55000305175781,41003600
2025-10-23,107.87933349609375,112.52999877929688,112.69000244140625,112.45999908447266,112.5199966430664,27558500
2025-10-24,108.0615005493164,112.72000122070312,112.79000091552734,112.55000305175781,112.77999877929688,29474600
2025-10-27,108.2436294555664,112.91000366210938,112.93000030517578,112.55000305175781,112.70999908447266,23513400
2025-10-28,108.25323486328125,112.91999816894531,112.93000030517578,112.69999694824219,112.8499984741211,34236300
2025-10-29,107.63966369628906,112.27999877929688,112.88999938964844,112.19000244140625,112.86000061035156,36236000
2025-10-30,107.0644760131836,111.68000030517578,112.01000213623047,111.5199966430664,111.62000274658203,46045200
2025-10-31,106.63306427001953,111.2300033569336,111.77999877929688,111.19000244140625,111.77999877929688,57255300
2025-11-03,106.34635925292969,110.52999877929688,110.62000274658203,110.4000015258789,110.58999633789062,53372100
2025-11-04,106.49068450927734,110.68000030517578,110.95999908447266,110.44999694824219,110.45999908447266,62636700
2025-11-05,106.17314910888672,110.3499984741211,110.72000122070312,110.33000183105469,110.6500015258789,43258300
2025-11-06,106.73120880126953,110.93000030517578,110.93000030517578,110.7300033569336,110.80000305175781,37814800
2025-11-07,106.51953125,110.70999908447266,110.83999633789062,110.58999633789062,110.6500015258789,42671600
2025-11-10,106.57726287841797,110.7699966430664,110.9000015258789,110.70999908447266,110.7699966430664,45229000
2025-11-11,107.00059509277344,111.20999908447266,111.29000091552734,110.9800033569336,111.05000305175781,11282600
2025-11-12,106.89476013183594,111.0999984741211,111.19000244140625,111.0,111.13999938964844,39067900
2025-11-13,106.36559295654297,110.55000305175781,110.91000366210938,110.55000305175781,110.79000091552734,34125900
2025-11-14,106.07695007324219,110.25,110.7300033569336,110.23999786376953,110.63999938964844,31437600
2025-11-17,106.14430236816406,110.31999969482422,110.58000183105469,110.25,110.30999755859375,34343300
2025-11-18,106.19241333007812,110.37000274658203,110.58000183105469,110.26000213623047,110.51000213623047,30566000
2025-11-19,106.20203399658203,110.37999725341797,110.66999816894531,110.31999969482422,110.5999984741211,29144800
2025-11-20,106.34635925292969,110.52999877929688,110.80999755859375,110.43000030517578,110.66999816894531,49362200
2025-11-21,106.72159576416016,110.91999816894531,110.95999908447266,110.61000061035156,110.9000015258789,41000500
2025-11-24,107.14493560791016,111.36000061035156,111.36000061035156,111.08999633789062,111.18000030517578,28437900
2025-11-25,107.44319152832031,111.66999816894531,111.9000015258789,111.4000015258789,111.43000030517578,47560900
2025-11-26,107.8088150024414,112.05000305175781,112.05999755859375,111.54000091552734,111.66999816894531,24585400
2025-11-28,107.62601470947266,111.86000061035156,112.0199966430664,111.68000030517578,111.9800033569336,25471200
2025-12-01,107.04947662353516,110.8499984741211,110.88999938964844,110.66000366210938,110.7699966430664,24610100
2025-12-02,107.1170654296875,110.91999816894531,111.05000305175781,110.75,110.83999633789062,34955000
2025-12-03,107.35850524902344,111.16999816894531,111.2699966430664,110.94999694824219,111.0,20997800
2025-12-04,107.16535949707031,110.97000122070312,111.05999755859375,110.86000061035156,111.04000091552734,29846500
2025-12-05,107.05913543701172,110.86000061035156,111.02999877929688,110.69999694824219,111.0199966430664,25470000
2025-12-08,106.8370132446289,110.62999725341797,110.88999938964844,110.41000366210938,110.87999725341797,28815200
2025-12-09,106.70181274414062,110.48999786376953,110.87999725341797,110.4000015258789,110.86000061035156,29239900
2025-12-10,107.19434356689453,111.0,111.05999755859375,110.43000030517578,110.45999908447266,34019300
2025-12-11,107.03981018066406,110.83999633789062,111.30999755859375,110.79000091552734,111.19000244140625,41927200
2025-12-12,106.3927993774414,110.16999816894531,110.41000366210938,110.0999984741211,110.30000305175781,39040100
2025-12-15,106.51832580566406,110.30000305175781,110.61000061035156,110.22000122070312,110.52999877929688,22151200
2025-12-16,106.759765625,110.55000305175781,110.58999633789062,110.12000274658203,110.18000030517578,31692600
2025-12-17,106.64388275146484,110.43000030517578,110.58000183105469,110.3499984741211,110.43000030517578,22248000
2025-12-18,107.04947662353516,110.8499984741211,110.94000244140625,110.63999938964844,110.8499984741211,31844300
2025-12-19,106.77412414550781,110.12999725341797,110.33999633789062,110.0999984741211,110.27999877929688,28594900
2025-12-22,106.7547378540039,110.11000061035156,110.20999908447266,110.01000213623047,110.18000030517578,17335000
2025-12-23,106.86139678955078,110.22000122070312,110.2699966430664,109.8499984741211,109.91000366210938,16137300
2025-12-24,107.27828979492188,110.6500015258789,110.6500015258789,110.33999633789062,110.43000030517578,6400600
2025-12-26,107.26859283447266,110.63999938964844,110.80000305175781,110.47000122070312,110.75,10589300
2025-12-29,107.41402435302734,110.79000091552734,110.79000091552734,110.58999633789062,110.69000244140625,18943900
2025-12-30,107.28797912597656,110.66000366210938,110.76000213623047,110.4800033569336,110.56999969482422,21486400
2025-12-31,106.83230590820312,110.19000244140625,110.62999725341797,110.19000244140625,110.52999877929688,19124600
2026-01-02,106.80322265625,110.16000366210938,110.4000015258789,110.04000091552734,110.31999969482422,25676200
2026-01-05,107.10377502441406,110.47000122070312,110.51000213623047,110.16999816894531,110.30000305175781,27771000
2026-01-06,107.10377502441406,110.47000122070312,110.4800033569336,110.12999725341797,110.30999755859375,31037300
2026-01-07,107.18133544921875,110.55000305175781,110.80000305175781,110.52999877929688,110.75,28107400
2026-01-08,106.88077545166016,110.23999786376953,110.38999938964844,110.19000244140625,110.19999694824219,26395600
2026-01-09,107.26859283447266,110.63999938964844,110.68000030517578,110.22000122070312,110.31999969482422,29660300
2026-01-12,107.14254760742188,110.51000213623047,110.6500015258789,110.31999969482422,110.37000274658203,28990100
2026-01-13,107.3752212524414,110.75,110.79000091552734,110.52999877929688,110.70999908447266,31139200
2026-01-14,107.64669799804688,111.02999877929688,111.04000091552734,110.7699966430664,110.80000305175781,27251900
2026-01-15,107.510986328125,110.88999938964844,111.19999694824219,110.83999633789062,111.18000030517578,34534800
2026-01-16,107.20071411132812,110.56999969482422,110.87000274658203,110.55000305175781,110.81999969482422,38762100
2026-01-20,106.55113983154297,109.9000015258789,110.1500015258789,109.80999755859375,109.8499984741211,43500200
2026-01-21,107.19102478027344,110.55999755859375,110.66000366210938,110.02999877929688,110.12999725341797,38616500
2026-01-22,107.3946304321289,110.7699966430664,110.87000274658203,110.4800033569336,110.58000183105469,36342900
2026-01-23,107.46248626708984,110.83999633789062,110.86000061035156,110.51000213623047,110.76000213623047,30615300
2026-01-26,107.54975891113281,110.93000030517578,111.12000274658203,110.88999938964844,111.05000305175781,23629800
2026-01-27,107.43340301513672,110.80999755859375,111.0,110.73999786376953,110.83999633789062,27166000
2026-01-28,107.27828979492188,110.6500015258789,110.73999786376953,110.45999908447266,110.70999908447266,31045900
2026-01-29,107.30736541748047,110.68000030517578,110.70999908447266,110.31999969482422,110.43000030517578,45815500
2026-01-30,107.20071411132812,110.56999969482422,110.73999786376953,110.5199966430664,110.5999984741211,39631400
2026-02-02,107.10145568847656,110.05999755859375,110.31999969482422,110.02999877929688,110.1500015258789,35480300
2026-02-03,107.1501235961914,110.11000061035156,110.13999938964844,109.9000015258789,110.04000091552734,32761700
2026-02-04,107.01388549804688,109.97000122070312,110.05000305175781,109.83000183105469,109.97000122070312,31344400
2026-02-05,107.52962493896484,110.5,110.54000091552734,110.12000274658203,110.19000244140625,23929700
2026-02-06,107.58802032470703,110.55999755859375,110.5999984741211,110.30999755859375,110.47000122070312,29022200
2026-02-09,107.58802032470703,110.55999755859375,110.61000061035156,110.29000091552734,110.37000274658203,27356900
2026-02-10,107.8410415649414,110.81999969482422,111.04000091552734,110.7699966430664,110.9000015258789,34509800
2026-02-11,107.72425842285156,110.69999694824219,110.91000366210938,110.5999984741211,110.62999725341797,29955300
2026-02-12,108.23027801513672,111.22000122070312,111.29000091552734,110.97000122070312,110.98999786376953,39724200
2026-02-13,108.59033203125,111.58999633789062,111.5999984741211,111.41999816894531,111.55000305175781,33609900
2026-02-17,108.69738006591797,111.69999694824219,111.73999786376953,111.48999786376953,111.56999969482422,33132600
2026-02-18,108.59033203125,111.58999633789062,111.7300033569336,111.51000213623047,111.56999969482422,40087000
2026-02-19,108.67790985107422,111.68000030517578,111.68000030517578,111.4000015258789,111.41000366210938,30394400
2026-02-20,108.59033203125,111.58999633789062,111.69000244140625,111.4000015258789,111.62000274658203,44837400
2026-02-23,108.70709991455078,111.70999908447266,111.83000183105469,111.58000183105469,111.62000274658203,33323600
2026-02-24,108.67790985107422,111.68000030517578,111.73999786376953,111.47000122070312,111.62999725341797,37797100
2026-02-25,108.64872741699219,111.6500015258789,111.7699966430664,111.56999969482422,111.5999984741211,33682200
2026-02-26,108.71683502197266,111.72000122070312,111.73999786376953,111.54000091552734,111.63999938964844,33031800
2026-02-27,108.67790985107422,111.68000030517578,111.93000030517578,111.66000366210938,111.69999694824219,48343700
2026-03-02,108.30977630615234,110.91999816894531,110.9800033569336,110.68000030517578,110.83999633789062,54854600
2026-03-03,108.2609634399414,110.87000274658203,111.12999725341797,110.16999816894531,110.16999816894531,78775000
2026-03-04,108.35860443115234,110.97000122070312,111.16999816894531,110.83000183105469,110.93000030517578,49023300
2026-03-05,107.928955078125,110.52999877929688,110.5999984741211,110.29000091552734,110.41999816894531,47318400
2026-03-06,107.56767272949219,110.16000366210938,110.5199966430664,109.7699966430664,109.95999908447266,58242900
2026-03-09,108.21214294433594,110.81999969482422,110.87000274658203,109.83999633789062,109.83999633789062,44312100
2026-03-10,107.47001647949219,110.05999755859375,110.69999694824219,110.05000305175781,110.4000015258789,71501200
2026-03-11,106.5912094116211,109.16000366210938,109.76000213623047,109.01000213623047,109.63999938964844,66523500
2026-03-12,106.01507568359375,108.56999969482422,108.9800033569336,108.3499984741211,108.95999908447266,72750200
2026-03-13,105.62450408935547,108.16999816894531,108.98999786376953,108.0199966430664,108.79000091552734,54605100
2026-03-16,106.13226318359375,108.69000244140625,109.02999877929688,108.55999755859375,108.9000015258789,65430000
2026-03-17,106.72789764404297,109.30000305175781,109.33000183105469,108.98999786376953,109.01000213623047,53953900
2026-03-18,106.15179443359375,108.70999908447266,109.31999969482422,108.70999908447266,109.12999725341797,60360000
2026-03-19,106.62049865722656,109.19000244140625,109.3499984741211,108.30999755859375,108.30999755859375,60271200
2026-03-20,105.31202697753906,107.8499984741211,108.80000305175781,107.75,108.69000244140625,66608900
2026-03-23,106.00531768798828,108.55999755859375,108.91000366210938,108.05000305175781,108.19999694824219,54512800
2026-03-24,105.79048919677734,108.33999633789062,108.62999725341797,107.94999694824219,108.06999969482422,46515300
2026-03-25,106.17131805419922,108.7300033569336,109.05000305175781,108.69000244140625,109.0,48616300
2026-03-26,105.34131622314453,107.87999725341797,108.58000183105469,107.83999633789062,108.27999877929688,42072700
2026-03-27,105.08744812011719,107.62000274658203,107.87000274658203,107.36000061035156,107.47000122070312,42578500
2026-03-30,105.7612075805664,108.30999755859375,108.58999633789062,108.19999694824219,108.44000244140625,42677000
2026-03-31,106.4251937866211,108.98999786376953,109.19999694824219,108.5999984741211,108.72000122070312,57883800
2026-04-01,106.53893280029297,108.66000366210938,108.94999694824219,108.48999786376953,108.48999786376953,37445300
2026-04-02,106.98995208740234,109.12000274658203,109.25,108.37000274658203,108.41000366210938,27148600
2026-04-06,106.82327270507812,108.94999694824219,109.26000213623047,108.87000274658203,108.87000274658203,29080500
2026-04-07,106.94092559814453,109.06999969482422,109.1500015258789,108.2699966430664,108.86000061035156,41258900
2026-04-08,107.35272979736328,109.48999786376953,110.0,109.29000091552734,109.9800033569336,63694700
2026-04-09,107.35272979736328,109.48999786376953,109.79000091552734,109.16000366210938,109.30999755859375,39122000
2026-04-10,107.06838989257812,109.19999694824219,109.55000305175781,109.1500015258789,109.47000122070312,22857000
2026-04-13,107.48018646240234,109.62000274658203,109.68000030517578,109.11000061035156,109.13999938964844,19904200
2026-04-14,107.83316802978516,109.9800033569336,110.08000183105469,109.66999816894531,109.72000122070312,29507800
2026-04-15,107.79395294189453,109.94000244140625,109.95999908447266,109.76000213623047,109.8499984741211,30074300
2026-04-16,107.29389953613281,109.43000030517578,110.0199966430664,109.41000366210938,110.01000213623047,25833300
2026-04-17,107.8919906616211,110.04000091552734,110.29000091552734,109.97000122070312,110.12999725341797,44767700
2026-04-20,107.88218688964844,110.02999877929688,110.12000274658203,109.80000305175781,110.04000091552734,19935900
2026-04-21,107.47038269042969,109.61000061035156,110.02999877929688,109.58000183105469,109.94000244140625,26008100
2026-04-22,107.6762924194336,109.81999969482422,110.11000061035156,109.77999877929688,109.95999908447266,17815000
2026-04-23,107.38214111328125,109.5199966430664,109.94999694824219,109.26000213623047,109.80000305175781,25668600
2026-04-24,107.46057891845703,109.5999984741211,109.7300033569336,109.31999969482422,109.5,23212600
2026-04-27,107.15663146972656,109.29000091552734,109.58999633789062,109.19999694824219,109.5199966430664,21833200
2026-04-28,107.20565795898438,109.33999633789062,109.33999633789062,108.94999694824219,109.06999969482422,25603500
2026-04-29,106.6075668334961,108.7300033569336,109.04000091552734,108.56999969482422,109.04000091552734,21800900
2026-04-30,106.72522735595703,108.8499984741211,109.06999969482422,108.73999786376953,108.88999938964844,45530700
2026-05-01,106.8974838256836,108.5999984741211,109.01000213623047,108.45999908447266,108.55000305175781,34755500
2026-05-04,106.55297088623047,108.25,108.47000122070312,107.91999816894531,108.45999908447266,21983900
2026-05-05,106.94670867919922,108.6500015258789,108.79000091552734,108.41000366210938,108.47000122070312,33609700
2026-05-06,107.47823333740234,109.19000244140625,109.31999969482422,109.0999984741211,109.18000030517578,28417400
2026-05-07,107.03529357910156,108.73999786376953,109.38999938964844,108.68000030517578,109.37000274658203,24184900
2026-05-08,107.48807525634766,109.19999694824219,109.29000091552734,109.08999633789062,109.1500015258789,17503300
2026-05-11,107.2223129272461,108.93000030517578,109.18000030517578,108.88999938964844,109.04000091552734,23050600
2026-05-12,106.85811614990234,108.55999755859375,108.66000366210938,108.44999694824219,108.61000061035156,26579400
2026-05-13,106.91716766357422,108.62000274658203,108.62999725341797,108.30000305175781,108.52999877929688,19083000
2026-05-14,106.84825897216797,108.55000305175781,108.94000244140625,108.52999877929688,108.88999938964844,18038000
2026-05-15,106.16908264160156,107.86000061035156,107.94999694824219,107.69000244140625,107.87000274658203,49718000
2026-05-18,105.97222137451172,107.66000366210938,108.11000061035156,107.5,107.95999908447266,31145200
2026-05-19,105.44068145751953,107.12000274658203,107.4000015258789,106.93000030517578,107.22000122070312,36965500
2026-05-20,106.2576675415039,107.94999694824219,108.08000183105469,107.16999816894531,107.16999816894531,34281700
2026-05-21,106.4742202758789,108.16999816894531,108.18000030517578,107.45999908447266,107.6500015258789,25440400
2026-05-22,106.67108917236328,108.37000274658203,108.52999877929688,108.0999984741211,108.52999877929688,19668800
2026-05-26,107.07465362548828,108.77999877929688,109.0,108.68000030517578,108.97000122070312,23730300
2026-05-27,107.2223129272461,108.93000030517578,109.06999969482422,108.81999969482422,108.91000366210938,16208400
2026-05-28,107.54713439941406,109.26000213623047,109.41000366210938,108.87000274658203,108.98999786376953,24176800
2026-05-29,107.64556884765625,109.36000061035156,109.5999984741211,109.29000091552734,109.38999938964844,26551200
2026-06-01,107.62876892089844,108.93000030517578,108.95999908447266,108.43000030517578,108.55999755859375,19298000
2026-06-02,107.61888122558594,108.91999816894531,109.13999938964844,108.88999938964844,109.05999755859375,14394700
2026-06-03,107.32247161865234,108.62000274658203,108.69999694824219,108.47000122070312,108.58999633789062,24018700
2026-06-04,107.54972076416016,108.8499984741211,108.97000122070312,108.80000305175781,108.87999725341797,17881600
2026-06-05,106.87784576416016,108.16999816894531,108.47000122070312,108.13999938964844,108.41000366210938,30790300
2026-06-08,106.76914978027344,108.05999755859375,108.48999786376953,108.02999877929688,108.43000030517578,21944000
2026-06-09,107.11497497558594,108.41000366210938,108.44999694824219,108.05000305175781,108.31999969482422,37925400
2026-06-10,106.86797332763672,108.16000366210938,108.51000213623047,108.08000183105469,108.3499984741211,20870100
2026-06-11,107.7769775390625,109.08000183105469,109.1500015258789,108.25,108.43000030517578,34849400
2026-06-12,107.70780944824219,109.01000213623047,109.06999969482422,108.63999938964844,108.87999725341797,23423000
2026-06-15,107.68804931640625,108.98999786376953,109.33999633789062,108.9800033569336,109.27999877929688,27040500
2026-06-16,107.81649780273438,109.12000274658203,109.33000183105469,109.05000305175781,109.11000061035156,24297100
2026-06-17,107.47067260742188,108.7699966430664,109.30999755859375,108.70999908447266,109.08000183105469,31079300
2026-06-18,107.76708984375,109.06999969482422,109.45999908447266,109.02999877929688,109.44000244140625,41725500
2026-06-22,107.48055267333984,108.77999877929688,108.80999755859375,108.58999633789062,108.7300033569336,22557300
2026-06-23,107.6090087890625,108.91000366210938,109.12000274658203,108.72000122070312,108.77999877929688,27509300
2026-06-24,108.10302734375,109.41000366210938,109.61000061035156,109.30999755859375,109.38999938964844,31462200
2026-06-25,108.19195556640625,109.5,109.70999908447266,109.41999816894531,109.58000183105469,33772500
2026-06-26,108.19195556640625,109.5,109.6500015258789,109.26000213623047,109.29000091552734,26033500
2026-06-29,108.38957214355469,109.69999694824219,109.73999786376953,109.54000091552734,109.62000274658203,43883300
2026-06-30,107.76708984375,109.06999969482422,109.55999755859375,109.05000305175781,109.5,32665400
2026-07-01,107.54102325439453,108.45999908447266,108.66000366210938,108.26000213623047,108.33999633789062,25563100
2026-07-02,107.71949768066406,108.63999938964844,108.72000122070312,108.41999816894531,108.56999969482422,18406000
2026-07-06,107.74923706054688,108.66999816894531,108.68000030517578,108.44000244140625,108.61000061035156,17471600
2026-07-07,106.96593475341797,107.87999725341797,108.33999633789062,107.7699966430664,108.29000091552734,32025000
2026-07-08,106.7577133178711,107.66999816894531,107.75,107.38999938964844,107.68000030517578,31080600
2026-07-09,106.79737854003906,107.70999908447266,108.01000213623047,107.63999938964844,107.70999908447266,24612700
2026-07-10,106.54949188232422,107.45999908447266,107.72000122070312,107.31999969482422,107.72000122070312,34114000
2026-07-13,106.0537338256836,106.95999908447266,107.43000030517578,106.94000244140625,107.3499984741211,29936100
2026-07-14,106.3016128540039,107.20999908447266,107.38999938964844,107.0199966430664,107.16000366210938,33688900
2026-07-15,106.6684799194336,107.58000183105469,107.66000366210938,107.2699966430664,107.2699966430664,27178700
2026-07-16,106.58914947509766,107.5,107.56999969482422,107.26000213623047,107.3499984741211,33413200
2026-07-17,106.64865112304688,107.55999755859375,107.79000091552734,107.52999877929688,107.66999816894531,25761500
2026-07-20,106.24211883544922,107.1500015258789,107.55999755859375,107.11000061035156,107.52999877929688,29445700
2026-07-21,105.94466400146484,106.8499984741211,107.05000305175781,106.7699966430664,107.01000213623047,26033300
2026-07-22,105.76618194580078,106.66999816894531,106.83000183105469,106.62000274658203,106.76000213623047,20115500
2026-07-23,105.35966491699219,106.26000213623047,106.31999969482422,106.06999969482422,106.12999725341797,35690700
2026-07-24,105.32991790771484,106.2300033569336,106.48999786376953,106.08000183105469,106.08000183105469,27980000
2026-07-27,105.60755157470703,106.51000213623047,106.62000274658203,106.43000030517578,106.55999755859375,33698100
2026-07-28,105.92483520507812,106.83000183105469,106.94000244140625,106.56999969482422,106.62000274658203,23347600
2026-07-29,105.32000732421875,106.22000122070312,106.80000305175781,106.1500015258789,106.72000122070312,44523200
2026-07-30,105.50839233398438,106.41000366210938,106.55000305175781,106.30000305175781,106.3499984741211,30975700
2026-07-31,105.34974670410156,106.25,106.3499984741211,106.0,106.23999786376953,40904000
2026-08-03,105.66641998291016,106.11000061035156,106.25,105.95999908447266,106.01000213623047,30003200
2026-08-04,106.31370544433594,106.76000213623047,106.77999877929688,106.4800033569336,106.52999877929688,30075900
2026-08-05,106.29378509521484,106.73999786376953,106.94000244140625,106.62000274658203,106.76000213623047,24602300
2026-08-06,105.91537475585938,106.36000061035156,106.51000213623047,106.25,106.41999816894531,32079900
2026-08-07,106.10458374023438,106.55000305175781,106.73999786376953,106.41000366210938,106.69999694824219,22803900
2026-08-10,105.51704406738281,105.95999908447266,106.33000183105469,105.93000030517578,106.2699966430664,26021600
2026-08-11,105.54692077636719,105.98999786376953,106.27999877929688,105.95999908447266,106.16999816894531,24716700
2026-08-12,105.67638397216797,106.12000274658203,106.38999938964844,106.08999633789062,106.3499984741211,23031500
2026-08-13,106.10458374023438,106.55000305175781,106.86000061035156,106.51000213623047,106.5999984741211,25741000
2026-08-14,105.67638397216797,106.12000274658203,106.44000244140625,106.0199966430664,106.38999938964844,29528400
2026-08-17,105.25813293457031,105.69999694824219,106.0199966430664,105.66999816894531,105.95999908447266,25578600
2026-08-18,105.39754486083984,105.83999633789062,105.91000366210938,105.41999816894531,105.48999786376953,33979400
2026-08-19,106.12449645996094,106.56999969482422,106.62999725341797,106.29000091552734,106.54000091552734,37259700
2026-08-20,105.61663055419922,106.05999755859375,106.30000305175781,105.95999908447266,106.02999877929688,26597500
2026-08-21,105.47721099853516,105.91999816894531,106.0199966430664,105.81999969482422,105.97000122070312,24263700
2026-08-24,105.73612976074219,106.18000030517578,106.33000183105469,106.0999984741211,106.12000274658203,23581900
2026-08-25,106.41328430175781,106.86000061035156,106.88999938964844,106.51000213623047,106.61000061035156,30966800
2026-08-26,106.3336181640625,106.77999877929688,106.80000305175781,106.58999633789062,106.69999694824219,19195700
2026-08-27,106.28382873535156,106.7300033569336,106.86000061035156,106.62999725341797,106.77999877929688,21807300
2026-08-28,105.9054183959961,106.3499984741211,106.94999694824219,106.30999755859375,106.75,27002300
2026-08-31,105.76599884033203,106.20999908447266,106.23999786376953,106.01000213623047,106.19999694824219,29345400
2026-09-01,105.22000122070312,105.22000122070312,105.72000122070312,105.20999908447266,105.5199966430664,34399700
2026-09-02,105.3499984741211,105.3499984741211,105.41999816894531,105.19999694824219,105.37999725341797,26691200
2026-09-03,105.5,105.5,105.7699966430664,105.47000122070312,105.69999694824219,16263200
2026-09-04,105.4800033569336,105.4800033569336,105.68000030517578,105.47000122070312,105.55999755859375,20428600
2026-09-08,105.4800033569336,105.4800033569336,105.7300033569336,105.31999969482422,105.7300033569336,19467300
2026-09-09,105.30999755859375,105.30999755859375,105.52999877929688,105.08000183105469,105.41999816894531,34130300
2026-09-10,104.36000061035156,104.36000061035156,104.83000183105469,104.33000183105469,104.73999786376953,35685400
2026-09-11,104.31999969482422,104.31999969482422,104.87000274658203,104.30999755859375,104.80000305175781,27934300
2026-09-14,104.30000305175781,104.30000305175781,104.6500015258789,104.05000305175781,104.25,30889400
2026-09-15,104.27999877929688,104.27999877929688,104.33999633789062,104.1500015258789,104.19999694824219,30710000
2026-09-16,104.44999694824219,104.44999694824219,105.06999969482422,104.38999938964844,104.61000061035156,39080800
2026-09-17,105.16000366210938,105.16000366210938,105.16000366210938,104.9000015258789,105.01000213623047,29644300
2026-09-18,104.69999694824219,104.69999694824219,104.81999969482422,104.54000091552734,104.79000091552734,29164800
