Date,Adj Close,Close,High,Low,Open,Volume
2021-09-20,75.5999984741211,75.5999984741211,76.5,74.20999908447266,76.0,96040
2021-09-21,75.5999984741211,75.5999984741211,77.0,74.9000015258789,76.30000305175781,69690
2021-09-22,75.0999984741211,75.0999984741211,78.05000305175781,74.75,76.0,102440
2021-09-23,75.4000015258789,75.4000015258789,75.5999984741211,73.69999694824219,75.5999984741211,113860
2021-09-24,72.9000015258789,72.9000015258789,75.4000015258789,72.69999694824219,74.4000015258789,73990
2021-09-27,77.0,77.0,77.4000015258789,71.80000305175781,72.80000305175781,93040
2021-09-28,75.19999694824219,75.19999694824219,77.55000305175781,74.30000305175781,76.19999694824219,66950
2021-09-29,73.80000305175781,73.80000305175781,75.9000015258789,73.5999984741211,75.4000015258789,63940
2021-09-30,73.19999694824219,73.19999694824219,74.80000305175781,71.0,74.4000015258789,64380
2021-10-01,73.0999984741211,73.0999984741211,74.69999694824219,71.5999984741211,73.30000305175781,42410
2021-10-04,71.5999984741211,71.5999984741211,73.0,70.30000305175781,73.0,77760
2021-10-05,73.0999984741211,73.0999984741211,75.9000015258789,72.9000015258789,73.30000305175781,115280
2021-10-06,72.0,72.0,73.98999786376953,71.5999984741211,72.80000305175781,58200
2021-10-07,71.0,71.0,73.69999694824219,70.9000015258789,72.30000305175781,111300
2021-10-08,67.69999694824219,67.69999694824219,71.69999694824219,67.19999694824219,71.30000305175781,93750
2021-10-11,67.69999694824219,67.69999694824219,70.4000015258789,67.0999984741211,68.19999694824219,199390
2021-10-12,67.80000305175781,67.80000305175781,69.5,67.5999984741211,68.19999694824219,57800
2021-10-13,69.5999984741211,69.5999984741211,69.5999984741211,67.19999694824219,68.19999694824219,61440
2021-10-14,69.5999984741211,69.5999984741211,72.9000015258789,69.4000015258789,70.0,82580
2021-10-15,69.4000015258789,69.4000015258789,71.87999725341797,69.19999694824219,70.5,61230
2021-10-18,67.19999694824219,67.19999694824219,70.0,64.9000015258789,70.0,178010
2021-10-19,70.4000015258789,70.4000015258789,71.05000305175781,67.69999694824219,67.69999694824219,150510
2021-10-20,68.30000305175781,68.30000305175781,70.4000015258789,67.69999694824219,70.0,65720
2021-10-21,69.0,69.0,70.0999984741211,67.80000305175781,68.0999984741211,57130
2021-10-22,65.5,65.5,69.0,64.5,68.30000305175781,182570
2021-10-25,70.0,70.0,71.19999694824219,65.9000015258789,65.9000015258789,196520
2021-10-26,67.0,67.0,73.5,67.0,71.4000015258789,268260
2021-10-27,64.69999694824219,64.69999694824219,68.5,63.5,67.19999694824219,225230
2021-10-28,63.79999923706055,63.79999923706055,66.55000305175781,63.29999923706055,65.4000015258789,272520
2021-10-29,61.599998474121094,61.599998474121094,64.5999984741211,61.5,64.4000015258789,176510
2021-11-01,67.5,67.5,67.5,62.0,63.20000076293945,204270
2021-11-02,70.19999694824219,70.19999694824219,70.30000305175781,66.30000305175781,67.9000015258789,172260
2021-11-03,71.19999694824219,71.19999694824219,72.19999694824219,69.4000015258789,70.0,160910
2021-11-04,69.30000305175781,69.30000305175781,71.95999908447266,68.5999984741211,70.69999694824219,109070
2021-11-05,68.0,68.0,70.0,67.5199966430664,70.0,133810
2021-11-08,71.4000015258789,71.4000015258789,72.80000305175781,68.30000305175781,68.30000305175781,189800
2021-11-09,77.0999984741211,77.0999984741211,79.5,70.5,77.0999984741211,425720
2021-11-10,68.30000305175781,68.30000305175781,75.5999984741211,68.0999984741211,75.5999984741211,265700
2021-11-11,69.5999984741211,69.5999984741211,71.19999694824219,67.80000305175781,69.80000305175781,150430
2021-11-12,70.80000305175781,70.80000305175781,71.4800033569336,69.5999984741211,71.0,125010
2021-11-15,75.80000305175781,75.80000305175781,77.1500015258789,71.0,71.30000305175781,341100
2021-11-16,72.0999984741211,72.0999984741211,75.9000015258789,71.30000305175781,74.44999694824219,137070
2021-11-17,67.0999984741211,67.0999984741211,72.19999694824219,66.69999694824219,71.80000305175781,173140
2021-11-18,65.19999694824219,65.19999694824219,67.5,63.400001525878906,67.0999984741211,153390
2021-11-19,66.0999984741211,66.0999984741211,69.69999694824219,64.30000305175781,64.30000305175781,228450
2021-11-22,61.70000076293945,61.70000076293945,66.80000305175781,60.29999923706055,66.30000305175781,273090
2021-11-23,62.0,62.0,65.0999984741211,59.70000076293945,63.0,239970
2021-11-24,63.20000076293945,63.20000076293945,63.20000076293945,60.099998474121094,60.400001525878906,136030
2021-11-26,65.9000015258789,65.9000015258789,66.30000305175781,60.70000076293945,61.0,259190
2021-11-29,67.80000305175781,67.80000305175781,69.30000305175781,64.69999694824219,66.5,299270
2021-11-30,68.0,68.0,70.6500015258789,65.0999984741211,67.0,243550
2021-12-01,65.30000305175781,65.30000305175781,71.5999984741211,65.0999984741211,68.5999984741211,209750
2021-12-02,64.30000305175781,64.30000305175781,66.30000305175781,62.70000076293945,64.9000015258789,135520
2021-12-03,62.79999923706055,62.79999923706055,65.19000244140625,60.04999923706055,64.30000305175781,218560
2021-12-06,61.400001525878906,61.400001525878906,63.04999923706055,58.900001525878906,60.79999923706055,218500
2021-12-07,65.0,65.0,66.5999984741211,62.29999923706055,62.5,232420
2021-12-08,65.19999694824219,65.19999694824219,66.5999984741211,63.5,64.80000305175781,158230
2021-12-09,60.900001525878906,60.900001525878906,66.30000305175781,60.900001525878906,64.19999694824219,147490
2021-12-10,58.099998474121094,58.099998474121094,61.95000076293945,57.70000076293945,61.75,258140
2021-12-13,59.70000076293945,59.70000076293945,60.849998474121094,57.599998474121094,58.79999923706055,284790
2021-12-14,59.099998474121094,59.099998474121094,61.40999984741211,58.0,58.400001525878906,205420
2021-12-15,61.900001525878906,61.900001525878906,62.400001525878906,57.70000076293945,59.5,291320
2021-12-16,59.20000076293945,59.20000076293945,64.30000305175781,58.599998474121094,62.0,347760
2021-12-17,55.599998474121094,55.599998474121094,58.70000076293945,55.099998474121094,58.5,2060880
2021-12-20,53.099998474121094,53.099998474121094,55.29999923706055,52.79999923706055,54.0,189500
2021-12-21,54.20000076293945,54.20000076293945,54.900001525878906,52.70000076293945,54.20000076293945,194090
2021-12-22,53.099998474121094,53.099998474121094,54.099998474121094,52.20000076293945,53.599998474121094,235180
2021-12-23,53.79999923706055,53.79999923706055,54.5,52.29999923706055,53.20000076293945,271490
2021-12-27,55.099998474121094,55.099998474121094,55.79999923706055,53.25,53.79999923706055,214020
2021-12-28,53.20000076293945,53.20000076293945,55.5,52.599998474121094,55.29999923706055,159380
2021-12-29,51.400001525878906,51.400001525878906,53.20000076293945,50.599998474121094,53.20000076293945,200080
2021-12-30,52.900001525878906,52.900001525878906,54.5,50.70000076293945,50.900001525878906,222940
2021-12-31,52.0,52.0,54.29999923706055,51.59000015258789,52.5,166980
2022-01-03,54.0,54.0,55.400001525878906,52.400001525878906,52.650001525878906,158700
2022-01-04,51.79999923706055,51.79999923706055,54.75,51.0,54.75,134830
2022-01-05,49.29999923706055,49.29999923706055,52.70000076293945,48.400001525878906,51.45000076293945,235750
2022-01-06,48.400001525878906,48.400001525878906,49.83000183105469,46.599998474121094,49.0,193670
2022-01-07,45.79999923706055,45.79999923706055,49.45000076293945,45.79999923706055,48.400001525878906,121220
2022-01-10,44.099998474121094,44.099998474121094,45.36000061035156,43.20000076293945,45.099998474121094,154790
2022-01-11,45.0,45.0,45.45000076293945,43.599998474121094,44.400001525878906,115250
2022-01-12,43.0,43.0,46.349998474121094,43.0,45.5,137230
2022-01-13,41.0,41.0,43.5,40.900001525878906,43.04999923706055,134580
2022-01-14,40.20000076293945,40.20000076293945,41.099998474121094,39.099998474121094,40.0,169570
2022-01-18,37.79999923706055,37.79999923706055,40.29999923706055,37.70000076293945,39.5,160490
2022-01-19,36.900001525878906,36.900001525878906,38.099998474121094,36.599998474121094,38.099998474121094,147640
2022-01-20,36.400001525878906,36.400001525878906,39.0,36.29999923706055,37.5,217470
2022-01-21,34.599998474121094,34.599998474121094,36.5,34.29999923706055,36.29999923706055,234670
2022-01-24,32.900001525878906,32.900001525878906,33.5,30.0,33.5,387500
2022-01-25,31.600000381469727,31.600000381469727,33.599998474121094,30.700000762939453,32.099998474121094,292770
2022-01-26,30.799999237060547,30.799999237060547,33.29999923706055,30.5,32.599998474121094,302000
2022-01-27,29.899999618530273,29.899999618530273,31.420000076293945,29.200000762939453,31.100000381469727,330640
2022-01-28,30.200000762939453,30.200000762939453,31.100000381469727,28.600000381469727,29.700000762939453,246650
2022-01-31,35.20000076293945,35.20000076293945,35.20000076293945,30.399999618530273,30.399999618530273,210810
2022-02-01,35.900001525878906,35.900001525878906,36.400001525878906,34.099998474121094,35.70000076293945,250450
2022-02-02,35.5,35.5,36.29999923706055,34.599998474121094,36.29999923706055,188700
2022-02-03,33.900001525878906,33.900001525878906,35.5,33.5099983215332,34.400001525878906,112240
2022-02-04,35.5,35.5,36.099998474121094,33.400001525878906,34.0,130820
2022-02-07,35.20000076293945,35.20000076293945,37.0,34.79999923706055,35.70000076293945,181200
2022-02-08,35.0,35.0,36.150001525878906,34.099998474121094,35.900001525878906,170790
2022-02-09,34.70000076293945,34.70000076293945,35.70000076293945,34.099998474121094,35.5,345360
2022-02-10,32.099998474121094,32.099998474121094,34.29999923706055,31.75,34.0,355500
2022-02-11,30.600000381469727,30.600000381469727,33.20000076293945,30.299999237060547,32.099998474121094,362710
2022-02-14,30.5,30.5,31.600000381469727,30.0,30.649999618530273,164420
2022-02-15,32.20000076293945,32.20000076293945,32.5,30.799999237060547,31.299999237060547,339500
2022-02-16,37.5,37.5,38.20000076293945,32.70000076293945,32.79999923706055,597570
2022-02-17,36.0,36.0,40.04999923706055,35.70000076293945,37.20000076293945,263160
2022-02-18,37.400001525878906,37.400001525878906,37.79999923706055,35.0,35.400001525878906,211100
2022-02-22,34.0,34.0,36.79999923706055,33.20000076293945,36.400001525878906,260780
2022-02-23,33.20000076293945,33.20000076293945,35.400001525878906,33.0,35.099998474121094,143780
2022-02-24,35.29999923706055,35.29999923706055,35.29999923706055,30.899999618530273,31.5,212380
2022-02-25,35.0,35.0,35.849998474121094,33.650001525878906,35.70000076293945,171340
2022-02-28,33.79999923706055,33.79999923706055,35.599998474121094,32.900001525878906,35.400001525878906,217040
2022-03-01,32.70000076293945,32.70000076293945,34.29999923706055,32.25,34.0,135160
2022-03-02,32.400001525878906,32.400001525878906,32.599998474121094,31.5,32.599998474121094,110130
2022-03-03,31.200000762939453,31.200000762939453,33.290000915527344,30.950000762939453,32.70000076293945,157000
2022-03-04,29.200000762939453,29.200000762939453,32.150001525878906,29.0,30.600000381469727,210180
2022-03-07,30.200000762939453,30.200000762939453,33.0,29.5,29.5,322490
2022-03-08,30.799999237060547,30.799999237060547,31.799999237060547,28.450000762939453,30.600000381469727,201090
2022-03-09,32.900001525878906,32.900001525878906,33.20000076293945,31.299999237060547,31.700000762939453,144030
2022-03-10,33.400001525878906,33.400001525878906,33.400001525878906,31.649999618530273,32.20000076293945,158560
2022-03-11,32.400001525878906,32.400001525878906,33.900001525878906,32.20000076293945,33.5,140540
2022-03-14,30.299999237060547,30.299999237060547,32.0,29.299999237060547,29.899999618530273,267380
2022-03-15,31.600000381469727,31.600000381469727,31.700000762939453,29.549999237060547,30.200000762939453,142680
2022-03-16,34.599998474121094,34.599998474121094,34.70000076293945,31.600000381469727,31.600000381469727,227420
2022-03-17,36.0,36.0,36.0,33.599998474121094,34.29999923706055,176520
2022-03-18,38.900001525878906,38.900001525878906,38.900001525878906,36.0,36.099998474121094,615330
2022-03-21,37.29999923706055,37.29999923706055,40.20000076293945,37.0,38.900001525878906,264950
2022-03-22,37.79999923706055,37.79999923706055,38.599998474121094,37.20000076293945,37.20000076293945,122450
2022-03-23,38.599998474121094,38.599998474121094,39.099998474121094,36.900001525878906,37.70000076293945,126480
2022-03-24,41.20000076293945,41.20000076293945,41.70000076293945,38.900001525878906,38.900001525878906,220170
2022-03-25,41.29999923706055,41.29999923706055,43.0,40.400001525878906,41.599998474121094,217300
2022-03-28,44.099998474121094,44.099998474121094,45.29999923706055,41.0,41.400001525878906,244840
2022-03-29,47.0,47.0,47.45000076293945,44.20000076293945,44.5,242310
2022-03-30,47.0,47.0,49.04999923706055,46.099998474121094,46.599998474121094,265510
2022-03-31,45.0,45.0,48.099998474121094,44.70000076293945,47.900001525878906,317800
2022-04-01,44.20000076293945,44.20000076293945,45.54999923706055,42.61000061035156,44.900001525878906,277190
2022-04-04,48.5,48.5,49.20000076293945,44.79999923706055,44.79999923706055,205810
2022-04-05,49.0,49.0,50.0,47.95000076293945,48.099998474121094,322730
2022-04-06,46.5,46.5,48.5,45.75,48.099998474121094,238260
2022-04-07,44.400001525878906,44.400001525878906,47.5,43.31999969482422,46.400001525878906,157830
2022-04-08,42.20000076293945,42.20000076293945,45.20000076293945,41.849998474121094,44.0,140210
2022-04-11,40.70000076293945,40.70000076293945,41.79999923706055,39.70000076293945,41.79999923706055,191270
2022-04-12,40.79999923706055,40.79999923706055,42.400001525878906,40.20000076293945,41.900001525878906,123070
2022-04-13,42.29999923706055,42.29999923706055,42.45000076293945,40.20000076293945,40.900001525878906,120930
2022-04-14,40.400001525878906,40.400001525878906,42.70000076293945,40.20000076293945,42.5,114390
2022-04-18,37.900001525878906,37.900001525878906,40.349998474121094,37.25,40.0,162430
2022-04-19,38.599998474121094,38.599998474121094,39.70000076293945,37.150001525878906,37.70000076293945,91720
2022-04-20,37.79999923706055,37.79999923706055,39.0,37.290000915527344,38.79999923706055,73100
2022-04-21,36.0,36.0,39.599998474121094,35.5,38.79999923706055,126450
2022-04-22,35.0,35.0,36.79999923706055,34.20000076293945,35.70000076293945,113490
2022-04-25,36.0,36.0,36.599998474121094,34.599998474121094,34.70000076293945,131380
2022-04-26,33.900001525878906,33.900001525878906,35.79999923706055,33.70000076293945,35.79999923706055,114660
2022-04-27,33.20000076293945,33.20000076293945,34.95000076293945,32.900001525878906,33.70000076293945,130460
2022-04-28,34.0,34.0,34.29999923706055,31.899999618530273,33.5,132570
2022-04-29,33.099998474121094,33.099998474121094,36.599998474121094,33.099998474121094,33.70000076293945,195910
2022-05-02,34.5,34.5,34.599998474121094,32.04999923706055,33.20000076293945,202740
2022-05-03,34.70000076293945,34.70000076293945,35.099998474121094,33.400001525878906,34.79999923706055,176690
2022-05-04,34.400001525878906,34.400001525878906,34.70000076293945,31.200000762939453,33.400001525878906,230350
2022-05-05,30.700000762939453,30.700000762939453,33.599998474121094,30.200000762939453,33.20000076293945,170420
2022-05-06,30.899999618530273,30.899999618530273,32.150001525878906,29.799999237060547,30.5,166740
2022-05-09,27.200000762939453,27.200000762939453,29.850000381469727,27.100000381469727,29.700000762939453,167600
2022-05-10,26.200000762939453,26.200000762939453,28.200000762939453,25.299999237060547,27.799999237060547,167870
2022-05-11,23.700000762939453,23.700000762939453,26.700000762939453,23.5,26.100000381469727,235260
2022-05-12,24.799999237060547,24.799999237060547,25.200000762939453,22.309999465942383,23.100000381469727,200360
2022-05-13,27.5,27.5,27.700000762939453,25.299999237060547,25.5,193750
2022-05-16,25.600000381469727,25.600000381469727,27.399999618530273,25.5,27.399999618530273,195880
2022-05-17,26.100000381469727,26.100000381469727,27.049999237060547,25.5,26.799999237060547,149360
2022-05-18,24.700000762939453,24.700000762939453,26.399999618530273,24.100000381469727,25.799999237060547,150320
2022-05-19,24.600000381469727,24.600000381469727,25.5,24.100000381469727,24.399999618530273,169260
2022-05-20,23.799999237060547,23.799999237060547,25.100000381469727,23.0,24.899999618530273,197640
2022-05-23,23.200000762939453,23.200000762939453,25.0,22.5,25.0,246900
2022-05-24,21.200000762939453,21.200000762939453,22.899999618530273,20.799999237060547,22.5,249910
2022-05-25,21.0,21.0,21.399999618530273,20.700000762939453,20.899999618530273,216540
2022-05-26,21.899999618530273,21.899999618530273,22.200000762939453,20.799999237060547,21.0,260230
2022-05-27,22.5,22.5,22.649999618530273,22.0,22.0,176880
2022-05-31,22.0,22.0,23.0,21.700000762939453,22.5,258140
2022-06-01,20.299999237060547,20.299999237060547,22.299999237060547,20.200000762939453,22.0,210650
2022-06-02,21.100000381469727,21.100000381469727,21.649999618530273,20.100000381469727,20.299999237060547,230370
2022-06-03,20.5,20.5,21.0,20.399999618530273,20.799999237060547,166440
2022-06-06,21.299999237060547,21.299999237060547,21.799999237060547,20.600000381469727,21.0,286900
2022-06-07,19.399999618530273,19.399999618530273,20.899999618530273,19.200000762939453,20.700000762939453,235660
2022-06-08,19.700000762939453,19.700000762939453,20.399999618530273,18.899999618530273,19.200000762939453,171420
2022-06-09,18.899999618530273,18.899999618530273,19.700000762939453,18.799999237060547,19.5,163380
2022-06-10,18.200000762939453,18.200000762939453,18.5,17.799999237060547,18.100000381469727,162450
2022-06-13,17.0,17.0,17.299999237060547,16.100000381469727,16.200000762939453,268730
2022-06-14,17.399999618530273,17.399999618530273,17.600000381469727,16.600000381469727,17.399999618530273,131030
2022-06-15,17.700000762939453,17.700000762939453,18.100000381469727,17.100000381469727,17.700000762939453,215190
2022-06-16,17.0,17.0,17.600000381469727,16.100000381469727,17.0,268520
2022-06-17,17.899999618530273,17.899999618530273,18.600000381469727,17.100000381469727,17.299999237060547,405740
2022-06-21,19.600000381469727,19.600000381469727,19.799999237060547,17.899999618530273,18.100000381469727,253720
2022-06-22,19.799999237060547,19.799999237060547,20.75,18.200000762939453,18.200000762939453,240180
2022-06-23,20.0,20.0,20.399999618530273,18.600000381469727,20.299999237060547,174910
2022-06-24,19.299999237060547,19.299999237060547,20.700000762939453,19.200000762939453,20.5,463400
2022-06-27,17.5,17.5,19.649999618530273,17.200000762939453,19.5,150260
2022-06-28,17.299999237060547,17.299999237060547,18.200000762939453,17.200000762939453,17.700000762939453,124550
2022-06-29,16.5,16.5,17.399999618530273,16.200000762939453,17.299999237060547,133610
2022-06-30,16.200000762939453,16.200000762939453,16.799999237060547,16.0,16.200000762939453,112670
2022-07-01,16.200000762939453,16.200000762939453,16.780000686645508,15.699999809265137,16.399999618530273,114150
2022-07-05,16.600000381469727,16.600000381469727,16.600000381469727,15.199999809265137,15.899999618530273,129530
2022-07-06,15.699999809265137,15.699999809265137,17.0,15.699999809265137,16.200000762939453,109330
2022-07-07,17.5,17.5,17.649999618530273,15.699999809265137,15.699999809265137,126170
2022-07-08,17.600000381469727,17.600000381469727,18.0,16.899999618530273,17.100000381469727,81810
2022-07-11,16.299999237060547,16.299999237060547,17.600000381469727,16.299999237060547,17.299999237060547,87820
2022-07-12,16.600000381469727,16.600000381469727,17.0,16.100000381469727,16.200000762939453,85900
2022-07-13,16.799999237060547,16.799999237060547,16.899999618530273,15.800000190734863,15.800000190734863,136680
2022-07-14,16.799999237060547,16.799999237060547,16.799999237060547,15.899999618530273,16.5,88140
2022-07-15,17.700000762939453,17.700000762939453,17.799999237060547,16.600000381469727,17.5,120980
2022-07-18,17.700000762939453,17.700000762939453,18.799999237060547,17.600000381469727,18.0,85670
2022-07-19,19.200000762939453,19.200000762939453,19.5,17.899999618530273,18.0,100330
2022-07-20,20.100000381469727,20.100000381469727,20.5,19.0,19.100000381469727,127230
2022-07-21,19.600000381469727,19.600000381469727,20.399999618530273,18.799999237060547,20.399999618530273,79370
2022-07-22,18.200000762939453,18.200000762939453,19.600000381469727,17.899999618530273,19.600000381469727,83480
2022-07-25,16.5,16.5,17.799999237060547,16.299999237060547,17.5,136820
2022-07-26,16.299999237060547,16.299999237060547,16.5,15.800000190734863,16.5,85410
2022-07-27,17.0,17.0,17.0,16.100000381469727,16.5,117140
2022-07-28,17.5,17.5,17.700000762939453,16.450000762939453,16.799999237060547,102380
2022-07-29,17.600000381469727,17.600000381469727,18.0,16.899999618530273,17.299999237060547,105110
2022-08-01,17.200000762939453,17.200000762939453,18.200000762939453,16.299999237060547,17.5,123020
2022-08-02,19.100000381469727,19.100000381469727,19.25,17.0,17.100000381469727,143300
2022-08-03,19.799999237060547,19.799999237060547,19.989999771118164,19.0,19.200000762939453,124800
2022-08-04,19.399999618530273,19.399999618530273,20.850000381469727,18.399999618530273,20.0,229810
2022-08-05,18.899999618530273,18.899999618530273,19.399999618530273,17.399999618530273,19.399999618530273,160580
2022-08-08,17.399999618530273,17.399999618530273,19.0,17.299999237060547,18.799999237060547,108170
2022-08-09,15.699999809265137,15.699999809265137,17.600000381469727,15.5,17.399999618530273,251640
2022-08-10,18.100000381469727,18.100000381469727,18.100000381469727,15.800000190734863,16.5,239860
2022-08-11,18.700000762939453,18.700000762939453,20.0,18.0,18.399999618530273,296720
2022-08-12,18.799999237060547,18.799999237060547,18.799999237060547,17.600000381469727,18.5,129320
2022-08-15,19.5,19.5,19.790000915527344,18.0,18.5,115320
2022-08-16,19.5,19.5,19.989999771118164,18.700000762939453,19.399999618530273,147170
2022-08-17,16.5,16.5,19.100000381469727,16.299999237060547,19.100000381469727,178950
2022-08-18,16.5,16.5,16.75,15.800000190734863,16.700000762939453,162510
2022-08-19,15.5,15.5,16.100000381469727,15.199999809265137,16.0,226700
2022-08-22,14.699999809265137,14.699999809265137,15.300000190734863,14.600000381469727,15.199999809265137,138020
2022-08-23,14.600000381469727,14.600000381469727,15.300000190734863,14.600000381469727,14.800000190734863,86700
2022-08-24,15.0,15.0,15.5,14.5,14.5,99220
2022-08-25,15.199999809265137,15.199999809265137,15.600000381469727,14.699999809265137,15.100000381469727,252160
2022-08-26,14.300000190734863,14.300000190734863,15.199999809265137,14.300000190734863,15.199999809265137,160050
2022-08-29,14.399999618530273,14.399999618530273,14.989999771118164,14.300000190734863,14.300000190734863,89080
2022-08-30,14.399999618530273,14.399999618530273,14.899999618530273,14.199999809265137,14.800000190734863,91480
2022-08-31,15.0,15.0,15.0,14.0,14.399999618530273,245560
2022-09-01,13.800000190734863,13.800000190734863,14.699999809265137,13.600000381469727,14.699999809265137,150010
2022-09-02,13.5,13.5,14.100000381469727,13.5,13.899999618530273,85780
2022-09-06,13.800000190734863,13.800000190734863,14.600000381469727,13.300000190734863,13.699999809265137,144930
2022-09-07,14.300000190734863,14.300000190734863,14.5,13.399999618530273,13.399999618530273,100780
2022-09-08,13.800000190734863,13.800000190734863,14.399999618530273,13.600000381469727,14.100000381469727,74330
2022-09-09,14.800000190734863,14.800000190734863,14.800000190734863,13.899999618530273,13.899999618530273,65800
2022-09-12,13.5,13.5,14.300000190734863,13.399999618530273,13.699999809265137,215330
2022-09-13,12.800000190734863,12.800000190734863,13.5,12.600000381469727,13.5,243920
2022-09-14,12.699999809265137,12.699999809265137,13.0,12.100000381469727,12.699999809265137,222510
2022-09-15,12.699999809265137,12.699999809265137,13.199999809265137,12.399999618530273,12.699999809265137,169790
2022-09-16,11.800000190734863,11.800000190734863,12.899999618530273,11.600000381469727,12.300000190734863,260870
2022-09-19,11.600000381469727,11.600000381469727,12.0,11.5,11.800000190734863,133590
2022-09-20,11.100000381469727,11.100000381469727,11.699999809265137,11.0,11.5,179250
2022-09-21,9.859999656677246,9.859999656677246,11.399999618530273,9.859999656677246,11.100000381469727,353270
2022-09-22,10.199999809265137,10.199999809265137,10.300000190734863,9.100000381469727,10.0,398290
2022-09-23,9.899999618530273,9.899999618530273,10.100000381469727,9.600000381469727,10.0,126660
2022-09-26,9.65999984741211,9.65999984741211,10.5,9.619999885559082,9.800000190734863,73220
2022-09-27,9.65999984741211,9.65999984741211,10.399999618530273,9.399999618530273,10.0,64760
2022-09-28,10.300000190734863,10.300000190734863,10.399999618530273,9.5,9.579999923706055,73580
2022-09-29,9.569999694824219,9.569999694824219,10.199999809265137,9.369999885559082,10.100000381469727,102840
2022-09-30,9.630000114440918,9.630000114440918,10.199999809265137,9.229999542236328,9.399999618530273,93610
2022-10-03,9.65999984741211,9.65999984741211,9.880000114440918,9.109999656677246,9.770000457763672,107830
2022-10-04,10.899999618530273,10.899999618530273,11.199999809265137,9.90999984741211,10.100000381469727,126500
2022-10-05,10.600000381469727,10.600000381469727,10.800000190734863,10.100000381469727,10.300000190734863,40300
2022-10-06,10.300000190734863,10.300000190734863,10.949999809265137,10.300000190734863,10.600000381469727,38730
2022-10-07,9.59000015258789,9.59000015258789,10.199999809265137,9.399999618530273,10.0,144880
2022-10-10,8.319999694824219,8.319999694824219,9.600000381469727,8.3100004196167,9.600000381469727,145200
2022-10-11,8.149999618530273,8.149999618530273,8.5600004196167,7.699999809265137,8.199999809265137,109620
2022-10-12,8.100000381469727,8.100000381469727,8.199999809265137,7.800000190734863,7.960000038146973,72380
2022-10-13,8.260000228881836,8.260000228881836,8.369999885559082,7.599999904632568,7.900000095367432,91180
2022-10-14,8.130000114440918,8.130000114440918,8.600000381469727,8.0,8.300000190734863,59610
2022-10-17,8.739999771118164,8.739999771118164,9.0,8.270000457763672,8.5,96960
2022-10-18,9.199999809265137,9.199999809265137,9.59000015258789,8.899999618530273,8.899999618530273,111300
2022-10-19,8.899999618530273,8.899999618530273,9.199999809265137,8.609999656677246,8.899999618530273,53840
2022-10-20,8.90999984741211,8.90999984741211,9.600000381469727,8.680000305175781,9.199999809265137,42060
2022-10-21,9.220000267028809,9.220000267028809,9.289999961853027,8.600000381469727,9.199999809265137,39150
2022-10-24,9.34000015258789,9.34000015258789,9.380000114440918,8.829999923706055,9.199999809265137,71900
2022-10-25,11.399999618530273,11.399999618530273,12.899999618530273,9.600000381469727,9.6899995803833,485510
2022-10-26,12.0,12.0,12.5,11.100000381469727,11.300000190734863,136760
2022-10-27,12.0,12.0,12.800000190734863,11.899999618530273,12.199999809265137,102190
2022-10-28,12.399999618530273,12.399999618530273,13.699999809265137,11.800000190734863,12.399999618530273,106150
2022-10-31,12.5,12.5,12.899999618530273,11.550000190734863,12.399999618530273,97550
2022-11-01,11.899999618530273,11.899999618530273,13.100000381469727,11.600000381469727,12.800000190734863,105340
2022-11-02,11.399999618530273,11.399999618530273,12.600000381469727,11.399999618530273,12.100000381469727,101190
2022-11-03,11.300000190734863,11.300000190734863,12.300000190734863,11.199999809265137,11.199999809265137,62360
2022-11-04,11.699999809265137,11.699999809265137,12.100000381469727,11.199999809265137,11.699999809265137,61070
2022-11-07,12.100000381469727,12.100000381469727,13.0,10.800000190734863,12.399999618530273,257680
2022-11-08,10.100000381469727,10.100000381469727,12.100000381469727,10.0,11.899999618530273,266890
2022-11-09,9.600000381469727,9.600000381469727,10.100000381469727,9.369999885559082,10.100000381469727,135260
2022-11-10,11.0,11.0,11.0,9.869999885559082,10.100000381469727,142530
2022-11-11,12.100000381469727,12.100000381469727,12.100000381469727,10.800000190734863,11.0,105610
2022-11-14,12.5,12.5,12.75,11.100000381469727,11.300000190734863,151590
2022-11-15,13.899999618530273,13.899999618530273,13.899999618530273,12.619999885559082,13.300000190734863,254510
2022-11-16,12.600000381469727,12.600000381469727,13.520000457763672,12.5,13.399999618530273,75050
2022-11-17,12.699999809265137,12.699999809265137,12.899999618530273,11.899999618530273,12.0,63390
2022-11-18,11.5,11.5,13.0,11.5,13.0,103910
2022-11-21,12.399999618530273,12.399999618530273,12.449999809265137,11.100000381469727,11.5,127780
2022-11-22,12.0,12.0,12.399999618530273,11.5,12.300000190734863,61570
2022-11-23,12.300000190734863,12.300000190734863,12.5,11.699999809265137,12.0,51050
2022-11-25,12.300000190734863,12.300000190734863,12.399999618530273,11.899999618530273,11.899999618530273,19170
2022-11-28,12.0,12.0,12.5,12.0,12.5,47760
2022-11-29,12.300000190734863,12.300000190734863,12.5,11.800000190734863,12.100000381469727,57980
2022-11-30,11.800000190734863,11.800000190734863,12.600000381469727,11.399999618530273,12.0,194790
2022-12-01,12.800000190734863,12.800000190734863,13.0,11.899999618530273,12.0,94090
2022-12-02,13.800000190734863,13.800000190734863,13.899999618530273,11.600000381469727,12.5,144810
2022-12-05,14.0,14.0,14.399999618530273,13.399999618530273,13.5,99430
2022-12-06,12.600000381469727,12.600000381469727,14.100000381469727,12.5,14.0,73960
2022-12-07,12.0,12.0,12.5,11.800000190734863,12.300000190734863,73690
2022-12-08,11.699999809265137,11.699999809265137,12.5,11.5,12.0,68070
2022-12-09,11.899999618530273,11.899999618530273,12.5,11.300000190734863,11.5,50560
2022-12-12,11.800000190734863,11.800000190734863,12.199999809265137,11.75,12.0,86500
2022-12-13,12.5,12.5,13.300000190734863,12.0,12.100000381469727,163870
2022-12-14,11.800000190734863,11.800000190734863,12.600000381469727,11.600000381469727,12.199999809265137,90080
2022-12-15,11.199999809265137,11.199999809265137,11.699999809265137,11.100000381469727,11.5,75660
2022-12-16,11.399999618530273,11.399999618530273,12.300000190734863,11.0,11.0,259570
2022-12-19,10.100000381469727,10.100000381469727,11.5,10.0,11.399999618530273,104290
2022-12-20,10.100000381469727,10.100000381469727,10.199999809265137,10.0,10.199999809265137,47130
2022-12-21,9.489999771118164,9.489999771118164,10.399999618530273,9.460000038146973,10.199999809265137,152660
2022-12-22,9.260000228881836,9.260000228881836,9.699999809265137,9.0,9.449999809265137,100500
2022-12-23,8.880000114440918,8.880000114440918,9.5600004196167,8.829999923706055,9.260000228881836,96600
2022-12-27,8.520000457763672,8.520000457763672,9.40999984741211,8.5,9.300000190734863,97890
2022-12-28,8.529999732971191,8.529999732971191,9.109999656677246,8.279999732971191,8.600000381469727,79730
2022-12-29,8.949999809265137,8.949999809265137,8.979999542236328,8.40999984741211,8.670000076293945,138740
2022-12-30,8.630000114440918,8.630000114440918,9.100000381469727,8.300000190734863,9.0,186870
2023-01-03,9.65999984741211,9.65999984741211,9.789999961853027,9.0,9.149999618530273,119540
2023-01-04,9.920000076293945,9.920000076293945,10.100000381469727,9.5,9.579999923706055,66320
2023-01-05,9.229999542236328,9.229999542236328,10.100000381469727,9.15999984741211,10.0,62660
2023-01-06,9.510000228881836,9.510000228881836,9.680000305175781,8.579999923706055,9.399999618530273,69810
2023-01-09,10.399999618530273,10.399999618530273,10.699999809265137,9.510000228881836,9.550000190734863,68230
2023-01-10,10.899999618530273,10.899999618530273,11.0,10.100000381469727,10.199999809265137,106020
2023-01-11,10.899999618530273,10.899999618530273,11.350000381469727,10.699999809265137,11.0,65620
2023-01-12,11.899999618530273,11.899999618530273,11.899999618530273,10.600000381469727,11.199999809265137,112370
2023-01-13,12.100000381469727,12.100000381469727,12.100000381469727,11.25,11.300000190734863,52230
2023-01-17,12.699999809265137,12.699999809265137,12.800000190734863,12.100000381469727,12.300000190734863,67590
2023-01-18,12.300000190734863,12.300000190734863,13.199999809265137,12.100000381469727,12.800000190734863,84630
2023-01-19,11.199999809265137,11.199999809265137,12.100000381469727,11.100000381469727,12.100000381469727,59520
2023-01-20,11.399999618530273,11.399999618530273,11.699999809265137,11.199999809265137,11.5,63760
2023-01-23,12.300000190734863,12.300000190734863,12.399999618530273,11.300000190734863,11.300000190734863,84020
2023-01-24,12.100000381469727,12.100000381469727,12.5,12.0,12.399999618530273,48050
2023-01-25,11.899999618530273,11.899999618530273,12.0,11.399999618530273,11.399999618530273,37390
2023-01-26,13.100000381469727,13.100000381469727,13.300000190734863,12.100000381469727,12.100000381469727,261650
2023-01-27,13.800000190734863,13.800000190734863,13.899999618530273,12.800000190734863,13.300000190734863,126530
2023-01-30,13.199999809265137,13.199999809265137,13.800000190734863,12.899999618530273,13.800000190734863,75050
2023-01-31,14.300000190734863,14.300000190734863,14.300000190734863,13.300000190734863,13.300000190734863,135550
2023-02-01,14.800000190734863,14.800000190734863,15.100000381469727,14.149999618530273,14.5,156900
2023-02-02,17.600000381469727,17.600000381469727,18.649999618530273,15.449999809265137,15.5,307680
2023-02-03,18.299999237060547,18.299999237060547,19.200000762939453,16.600000381469727,16.600000381469727,235970
2023-02-06,16.600000381469727,16.600000381469727,18.5,16.299999237060547,18.299999237060547,171180
2023-02-07,17.399999618530273,17.399999618530273,17.549999237060547,16.5,17.200000762939453,104180
2023-02-08,16.700000762939453,16.700000762939453,17.25,16.5,17.0,99940
2023-02-09,15.5,15.5,17.579999923706055,15.25,17.0,113010
2023-02-10,15.300000190734863,15.300000190734863,15.789999961853027,14.600000381469727,15.199999809265137,113080
2023-02-13,13.699999809265137,13.699999809265137,16.0,12.600000381469727,16.0,661540
2023-02-14,16.5,16.5,16.700000762939453,13.899999618530273,14.199999809265137,558740
2023-02-15,15.300000190734863,15.300000190734863,15.899999618530273,13.600000381469727,15.600000381469727,491450
2023-02-16,14.100000381469727,14.100000381469727,15.300000190734863,14.0,15.100000381469727,310330
2023-02-17,13.600000381469727,13.600000381469727,14.699999809265137,13.300000190734863,14.100000381469727,325430
2023-02-21,11.800000190734863,11.800000190734863,13.300000190734863,11.699999809265137,13.199999809265137,457150
2023-02-22,12.0,12.0,12.899999618530273,11.600000381469727,12.199999809265137,338050
2023-02-23,11.800000190734863,11.800000190734863,12.600000381469727,11.5,12.600000381469727,241790
2023-02-24,11.300000190734863,11.300000190734863,11.899999618530273,11.0,11.699999809265137,222800
2023-02-27,11.0,11.0,11.949999809265137,10.600000381469727,11.5,366150
2023-02-28,12.0,12.0,12.800000190734863,10.600000381469727,10.600000381469727,267720
2023-03-01,10.899999618530273,10.899999618530273,12.100000381469727,10.800000190734863,12.100000381469727,298170
2023-03-02,10.699999809265137,10.699999809265137,11.0,10.5,10.800000190734863,229600
2023-03-03,11.199999809265137,11.199999809265137,11.399999618530273,10.800000190734863,11.0,233720
2023-03-06,10.399999618530273,10.399999618530273,11.5,10.100000381469727,11.5,280210
2023-03-07,10.100000381469727,10.100000381469727,10.600000381469727,10.0,10.399999618530273,203280
2023-03-08,10.5,10.5,10.699999809265137,10.199999809265137,10.199999809265137,153620
2023-03-09,10.300000190734863,10.300000190734863,10.899999618530273,10.100000381469727,10.399999618530273,176900
2023-03-10,9.260000228881836,9.260000228881836,10.300000190734863,9.260000228881836,10.199999809265137,685730
2023-03-13,9.5600004196167,9.5600004196167,9.739999771118164,8.8100004196167,9.15999984741211,757810
2023-03-14,8.630000114440918,8.630000114440918,9.800000190734863,8.600000381469727,9.800000190734863,909320
2023-03-15,8.9399995803833,8.9399995803833,9.100000381469727,8.470000267028809,8.5,751330
2023-03-16,9.819999694824219,9.819999694824219,9.979999542236328,8.600000381469727,8.899999618530273,610650
2023-03-17,9.380000114440918,9.380000114440918,9.800000190734863,9.029999732971191,9.800000190734863,853080
2023-03-20,8.479999542236328,8.479999542236328,9.460000038146973,8.399999618530273,9.399999618530273,473450
2023-03-21,8.739999771118164,8.739999771118164,9.0,8.5,8.899999618530273,445480
2023-03-22,8.699999809265137,8.699999809265137,9.300000190734863,8.6899995803833,9.0,433200
2023-03-23,9.039999961853027,9.039999961853027,9.399999618530273,8.8100004196167,8.869999885559082,335420
2023-03-24,7.800000190734863,7.800000190734863,8.4399995803833,7.710000038146973,8.260000228881836,1851130
2023-03-27,7.25,7.25,8.300000190734863,7.25,8.220000267028809,1126830
2023-03-28,6.929999828338623,6.929999828338623,7.5,6.829999923706055,7.5,763840
2023-03-29,7.980000019073486,7.980000019073486,8.079999923706055,7.0,7.099999904632568,714910
2023-03-30,8.09000015258789,8.09000015258789,8.600000381469727,7.900000095367432,8.140000343322754,335570
2023-03-31,8.369999885559082,8.369999885559082,8.600000381469727,8.100000381469727,8.149999618530273,362040
2023-04-03,7.670000076293945,7.670000076293945,8.300000190734863,7.5,8.199999809265137,408090
2023-04-04,7.489999771118164,7.489999771118164,7.949999809265137,7.440000057220459,7.949999809265137,392190
2023-04-05,6.960000038146973,6.960000038146973,7.610000133514404,6.909999847412109,7.570000171661377,446210
2023-04-06,6.699999809265137,6.699999809265137,7.099999904632568,6.619999885559082,7.099999904632568,880730
2023-04-10,4.909999847412109,4.909999847412109,6.599999904632568,4.900000095367432,6.400000095367432,3149420
2023-04-11,4.809999942779541,4.809999942779541,5.239999771118164,4.800000190734863,5.210000038146973,1538730
2023-04-12,4.599999904632568,4.599999904632568,5.199999809265137,4.599999904632568,4.96999979019165,914800
2023-04-13,4.650000095367432,4.650000095367432,4.889999866485596,4.599999904632568,4.820000171661377,601230
2023-04-14,4.300000190734863,4.300000190734863,4.71999979019165,4.179999828338623,4.699999809265137,1068010
2023-04-17,4.309999942779541,4.309999942779541,4.440000057220459,4.159999847412109,4.360000133514404,827180
2023-04-18,4.070000171661377,4.070000171661377,4.480000019073486,4.03000020980835,4.400000095367432,1147950
2023-04-19,3.869999885559082,3.869999885559082,4.099999904632568,3.75,4.090000152587891,994920
2023-04-20,4.0,4.0,4.039999961853027,3.799999952316284,3.869999885559082,869020
2023-04-21,3.7200000286102295,3.7200000286102295,4.050000190734863,3.5899999141693115,3.9200000762939453,998300
2023-04-24,3.6600000858306885,3.6600000858306885,3.759999990463257,3.430000066757202,3.759999990463257,1164500
2023-04-25,3.240000009536743,3.240000009536743,3.5899999141693115,3.2300000190734863,3.5299999713897705,1049000
2023-04-26,3.490000009536743,3.490000009536743,3.509999990463257,3.2100000381469727,3.25,1063600
2023-04-27,3.5799999237060547,3.5799999237060547,3.630000114440918,3.2699999809265137,3.5299999713897705,792600
2023-04-28,3.5399999618530273,3.5399999618530273,3.6600000858306885,3.3499999046325684,3.549999952316284,579400
2023-05-01,3.5,3.5,3.6700000762939453,3.380000114440918,3.5199999809265137,497800
2023-05-02,3.450000047683716,3.450000047683716,3.609999895095825,3.2720000743865967,3.4600000381469727,543600
2023-05-03,3.75,3.75,3.9000000953674316,3.390000104904175,3.440000057220459,706500
2023-05-04,3.740000009536743,3.740000009536743,3.8299999237060547,3.630000114440918,3.7100000381469727,513500
2023-05-05,4.159999847412109,4.159999847412109,4.284999847412109,3.809999942779541,3.809999942779541,818500
2023-05-08,4.460000038146973,4.460000038146973,4.505000114440918,4.124000072479248,4.159999847412109,571700
2023-05-09,4.309999942779541,4.309999942779541,4.434999942779541,4.182000160217285,4.409999847412109,462900
2023-05-10,4.170000076293945,4.170000076293945,4.46999979019165,4.119999885559082,4.360000133514404,538000
2023-05-11,3.8399999141693115,3.8399999141693115,4.2230000495910645,3.7899999618530273,4.199999809265137,668600
2023-05-12,4.940000057220459,4.940000057220459,4.989999771118164,3.9100000858306885,3.940000057220459,1933000
2023-05-15,5.789999961853027,5.789999961853027,6.0289998054504395,4.849999904632568,4.849999904632568,1752900
2023-05-16,5.829999923706055,5.829999923706055,6.010000228881836,5.5,5.860000133514404,1220600
2023-05-17,5.690000057220459,5.690000057220459,5.800000190734863,5.199999809265137,5.789999961853027,954700
2023-05-18,5.400000095367432,5.400000095367432,6.0,5.320000171661377,5.5,1069600
2023-05-19,5.110000133514404,5.110000133514404,6.179999828338623,4.849999904632568,5.869999885559082,2430400
2023-05-22,6.320000171661377,6.320000171661377,6.380000114440918,5.085000038146973,5.139999866485596,1931000
2023-05-23,6.429999828338623,6.429999828338623,6.820000171661377,6.210999965667725,6.309999942779541,1514300
2023-05-24,5.900000095367432,5.900000095367432,6.380000114440918,5.820000171661377,6.349999904632568,1093800
2023-05-25,5.989999771118164,5.989999771118164,6.170000076293945,5.659999847412109,6.099999904632568,857600
2023-05-26,6.440000057220459,6.440000057220459,6.53000020980835,5.71999979019165,5.949999809265137,1021200
2023-05-30,7.260000228881836,7.260000228881836,7.320000171661377,6.46999979019165,6.590000152587891,1272200
2023-05-31,6.809999942779541,6.809999942779541,7.289999961853027,6.53000020980835,7.090000152587891,1252600
2023-06-01,6.96999979019165,6.96999979019165,7.409999847412109,6.806000232696533,6.909999847412109,910700
2023-06-02,6.690000057220459,6.690000057220459,7.1519999504089355,6.380000114440918,7.039999961853027,931200
2023-06-05,6.480000019073486,6.480000019073486,6.829999923706055,6.065000057220459,6.599999904632568,756900
2023-06-06,6.679999828338623,6.679999828338623,6.880000114440918,6.300000190734863,6.369999885559082,651500
2023-06-07,6.460000038146973,6.460000038146973,7.389999866485596,6.420000076293945,6.75,977200
2023-06-08,6.059999942779541,6.059999942779541,6.489999771118164,5.920000076293945,6.480000019073486,1156000
2023-06-09,5.619999885559082,5.619999885559082,6.159999847412109,5.440000057220459,6.110000133514404,1036400
2023-06-12,5.820000171661377,5.820000171661377,5.929999828338623,5.420000076293945,5.679999828338623,1067400
2023-06-13,6.309999942779541,6.309999942779541,6.360000133514404,5.889999866485596,5.949999809265137,1070700
2023-06-14,5.75,5.75,6.349999904632568,5.619999885559082,6.340000152587891,848100
2023-06-15,5.699999809265137,5.699999809265137,5.78000020980835,5.53000020980835,5.650000095367432,1015200
2023-06-16,5.46999979019165,5.46999979019165,5.820000171661377,5.360000133514404,5.800000190734863,1752700
2023-06-20,5.579999923706055,5.579999923706055,5.699999809265137,5.110000133514404,5.389999866485596,820000
2023-06-21,5.449999809265137,5.449999809265137,5.599999904632568,5.25,5.510000228881836,623100
2023-06-22,5.369999885559082,5.369999885559082,5.400000095367432,5.130000114440918,5.380000114440918,556500
2023-06-23,5.420000076293945,5.420000076293945,5.670000076293945,5.119999885559082,5.239999771118164,4225500
2023-06-26,4.989999771118164,4.989999771118164,5.650000095367432,4.989999771118164,5.420000076293945,878200
2023-06-27,5.059999942779541,5.059999942779541,5.150000095367432,4.710000038146973,5.019999980926514,872900
2023-06-28,5.170000076293945,5.170000076293945,5.260000228881836,4.869999885559082,5.059999942779541,495200
2023-06-29,5.130000114440918,5.130000114440918,5.289999961853027,5.059999942779541,5.179999828338623,469400
2023-06-30,4.940000057220459,4.940000057220459,5.239999771118164,4.940000057220459,5.21999979019165,607200
2023-07-03,5.369999885559082,5.369999885559082,5.425000190734863,4.940000057220459,4.940000057220459,517900
2023-07-05,5.409999847412109,5.409999847412109,5.6020002365112305,5.210000038146973,5.309999942779541,545600
2023-07-06,4.940000057220459,4.940000057220459,5.304999828338623,4.849999904632568,5.300000190734863,882900
2023-07-07,5.150000095367432,5.150000095367432,5.230000019073486,4.909999847412109,4.909999847412109,456900
2023-07-10,5.550000190734863,5.550000190734863,5.574999809265137,5.03000020980835,5.079999923706055,647400
2023-07-11,5.869999885559082,5.869999885559082,6.105000019073486,5.590000152587891,5.590000152587891,1042700
2023-07-12,5.940000057220459,5.940000057220459,6.03000020980835,5.650000095367432,5.980000019073486,869300
2023-07-13,6.230000019073486,6.230000019073486,6.380000114440918,5.949999809265137,6.019999980926514,905900
2023-07-14,6.079999923706055,6.079999923706055,6.909999847412109,6.0,6.519999980926514,1182500
2023-07-17,6.369999885559082,6.369999885559082,6.449999809265137,5.809999942779541,6.019999980926514,634100
2023-07-18,6.320000171661377,6.320000171661377,6.570000171661377,6.159999847412109,6.380000114440918,477700
2023-07-19,6.550000190734863,6.550000190734863,6.96999979019165,6.320000171661377,6.329999923706055,830700
2023-07-20,6.039999961853027,6.039999961853027,6.510000228881836,5.925000190734863,6.510000228881836,782200
2023-07-21,5.800000190734863,5.800000190734863,6.360000133514404,5.715000152587891,6.099999904632568,763800
2023-07-24,5.789999961853027,5.789999961853027,5.889999866485596,5.642000198364258,5.75,362500
2023-07-25,5.630000114440918,5.630000114440918,6.010000228881836,5.619999885559082,5.789999961853027,491900
2023-07-26,5.630000114440918,5.630000114440918,5.815000057220459,5.429999828338623,5.599999904632568,482800
2023-07-27,5.380000114440918,5.380000114440918,5.869999885559082,5.320000171661377,5.730000019073486,612300
2023-07-28,5.880000114440918,5.880000114440918,5.985000133514404,5.440000057220459,5.489999771118164,741500
2023-07-31,6.190000057220459,6.190000057220459,6.300000190734863,5.909999847412109,5.909999847412109,602200
2023-08-01,6.130000114440918,6.130000114440918,6.21999979019165,5.940000057220459,6.099999904632568,609000
2023-08-02,5.730000019073486,5.730000019073486,6.019999980926514,5.650000095367432,5.940000057220459,623200
2023-08-03,5.809999942779541,5.809999942779541,6.059999942779541,5.5,5.699999809265137,1336400
2023-08-04,5.539999961853027,5.539999961853027,5.889999866485596,5.519999980926514,5.829999923706055,829700
2023-08-07,5.360000133514404,5.360000133514404,5.610000133514404,5.059999942779541,5.610000133514404,912100
2023-08-08,5.230000019073486,5.230000019073486,5.269999980926514,5.059999942779541,5.199999809265137,513600
2023-08-09,5.059999942779541,5.059999942779541,5.269999980926514,5.03000020980835,5.230000019073486,953300
2023-08-10,5.099999904632568,5.099999904632568,5.349999904632568,5.059999942779541,5.059999942779541,896300
2023-08-11,6.610000133514404,6.610000133514404,6.800000190734863,5.340000152587891,5.460000038146973,4963900
2023-08-14,7.190000057220459,7.190000057220459,7.190000057220459,6.4070000648498535,6.730000019073486,1859000
2023-08-15,6.659999847412109,6.659999847412109,7.639999866485596,6.619999885559082,7.099999904632568,1589600
2023-08-16,6.340000152587891,6.340000152587891,6.659999847412109,6.300000190734863,6.650000095367432,730700
2023-08-17,6.210000038146973,6.210000038146973,6.46999979019165,6.111999988555908,6.420000076293945,553000
2023-08-18,5.989999771118164,5.989999771118164,6.25,5.880000114440918,6.090000152587891,887900
2023-08-21,5.869999885559082,5.869999885559082,6.146999835968018,5.769999980926514,6.03000020980835,712600
2023-08-22,5.590000152587891,5.590000152587891,6.329999923706055,5.539999961853027,5.960000038146973,898100
2023-08-23,6.099999904632568,6.099999904632568,6.334000110626221,5.559999942779541,5.650000095367432,1089100
2023-08-24,5.699999809265137,5.699999809265137,6.199999809265137,5.63100004196167,6.199999809265137,613800
2023-08-25,5.75,5.75,6.0,5.659999847412109,5.829999923706055,611900
2023-08-28,5.480000019073486,5.480000019073486,5.7779998779296875,5.434000015258789,5.71999979019165,553000
2023-08-29,5.730000019073486,5.730000019073486,5.860000133514404,5.409999847412109,5.599999904632568,618100
2023-08-30,5.75,5.75,5.809999942779541,5.545000076293945,5.659999847412109,464900
2023-08-31,5.630000114440918,5.630000114440918,5.940000057220459,5.559999942779541,5.78000020980835,446600
2023-09-01,5.570000171661377,5.570000171661377,5.739999771118164,5.550000190734863,5.670000076293945,437300
2023-09-05,5.380000114440918,5.380000114440918,5.599999904632568,5.360000133514404,5.570000171661377,442200
2023-09-06,5.239999771118164,5.239999771118164,5.420000076293945,5.110000133514404,5.360000133514404,527900
2023-09-07,5.079999923706055,5.079999923706055,5.190000057220459,4.900000095367432,5.119999885559082,659400
2023-09-08,5.039999961853027,5.039999961853027,5.090000152587891,4.940000057220459,5.03000020980835,420000
2023-09-11,4.96999979019165,4.96999979019165,5.090000152587891,4.909999847412109,5.070000171661377,551000
2023-09-12,4.71999979019165,4.71999979019165,4.980000019073486,4.710000038146973,4.900000095367432,851100
2023-09-13,4.539999961853027,4.539999961853027,4.7230000495910645,4.460000038146973,4.699999809265137,664700
2023-09-14,4.610000133514404,4.610000133514404,4.860000133514404,4.53000020980835,4.610000133514404,444600
2023-09-15,4.690000057220459,4.690000057220459,4.75,4.485000133514404,4.570000171661377,954200
2023-09-18,4.519999980926514,4.519999980926514,4.659999847412109,4.5,4.650000095367432,452800
2023-09-19,4.769999980926514,4.769999980926514,4.809999942779541,4.539999961853027,4.559999942779541,424600
2023-09-20,4.650000095367432,4.650000095367432,4.929999828338623,4.650000095367432,4.800000190734863,360800
2023-09-21,4.71999979019165,4.71999979019165,4.769999980926514,4.510000228881836,4.590000152587891,426900
2023-09-22,4.809999942779541,4.809999942779541,4.88700008392334,4.710000038146973,4.760000228881836,328900
2023-09-25,4.889999866485596,4.889999866485596,4.889999866485596,4.590000152587891,4.739999771118164,436800
2023-09-26,4.769999980926514,4.769999980926514,5.110000133514404,4.760000228881836,4.789999961853027,1032600
2023-09-27,5.0,5.0,5.019999980926514,4.809999942779541,4.809999942779541,634300
2023-09-28,5.099999904632568,5.099999904632568,5.159999847412109,4.954999923706055,5.0,621800
2023-09-29,5.039999961853027,5.039999961853027,5.179999828338623,4.909999847412109,5.179999828338623,468000
2023-10-02,4.889999866485596,4.889999866485596,5.050000190734863,4.869999885559082,5.039999961853027,248500
2023-10-03,4.610000133514404,4.610000133514404,4.829999923706055,4.559999942779541,4.829999923706055,684100
2023-10-04,4.659999847412109,4.659999847412109,4.698999881744385,4.519999980926514,4.610000133514404,275800
2023-10-05,4.599999904632568,4.599999904632568,4.679999828338623,4.480000019073486,4.619999885559082,292300
2023-10-06,4.53000020980835,4.53000020980835,4.610000133514404,4.445000171661377,4.510000228881836,448900
2023-10-09,4.349999904632568,4.349999904632568,4.5,4.238999843597412,4.449999809265137,518000
2023-10-10,4.75,4.75,4.820000171661377,4.320000171661377,4.329999923706055,417300
2023-10-11,4.71999979019165,4.71999979019165,4.909999847412109,4.670000076293945,4.760000228881836,302400
2023-10-12,4.389999866485596,4.389999866485596,4.71999979019165,4.380000114440918,4.71999979019165,360500
2023-10-13,4.230000019073486,4.230000019073486,4.389999866485596,4.170000076293945,4.389999866485596,384700
2023-10-16,4.46999979019165,4.46999979019165,4.53000020980835,4.25,4.289999961853027,281100
2023-10-17,4.619999885559082,4.619999885559082,4.695000171661377,4.380000114440918,4.400000095367432,318100
2023-10-18,4.409999847412109,4.409999847412109,4.599999904632568,4.400000095367432,4.559999942779541,196300
2023-10-19,4.21999979019165,4.21999979019165,4.427999973297119,4.159999847412109,4.400000095367432,374700
2023-10-20,4.159999847412109,4.159999847412109,4.242000102996826,4.119999885559082,4.210000038146973,374000
2023-10-23,3.990000009536743,3.990000009536743,4.239999771118164,3.9800000190734863,4.099999904632568,433800
2023-10-24,4.0,4.0,4.21999979019165,3.9700000286102295,4.039999961853027,412700
2023-10-25,3.7799999713897705,3.7799999713897705,3.993000030517578,3.7799999713897705,3.9800000190734863,353000
2023-10-26,3.9100000858306885,3.9100000858306885,4.039999961853027,3.759999990463257,3.7699999809265137,387900
2023-10-27,3.7899999618530273,3.7899999618530273,3.9800000190734863,3.740000009536743,3.930000066757202,371000
2023-10-30,3.799999952316284,3.799999952316284,3.940000057220459,3.690000057220459,3.809999942779541,366800
2023-10-31,3.819999933242798,3.819999933242798,3.924999952316284,3.75,3.809999942779541,241800
2023-11-01,3.7799999713897705,3.7799999713897705,3.819999933242798,3.6670000553131104,3.809999942779541,324900
2023-11-02,4.320000171661377,4.320000171661377,4.360000133514404,3.825000047683716,3.8299999237060547,605000
2023-11-03,4.619999885559082,4.619999885559082,4.697999954223633,4.380000114440918,4.389999866485596,450300
2023-11-06,4.53000020980835,4.53000020980835,4.989999771118164,4.429999828338623,4.789999961853027,659800
2023-11-07,4.489999771118164,4.489999771118164,4.539999961853027,4.389999866485596,4.480000019073486,334600
2023-11-08,4.380000114440918,4.380000114440918,4.480000019073486,4.28000020980835,4.480000019073486,306100
2023-11-09,4.119999885559082,4.119999885559082,4.309999942779541,4.079999923706055,4.309999942779541,781500
2023-11-10,4.929999828338623,4.929999828338623,5.190000057220459,4.559999942779541,4.610000133514404,2188000
2023-11-13,4.730000019073486,4.730000019073486,4.949999809265137,4.559999942779541,4.820000171661377,813800
2023-11-14,5.199999809265137,5.199999809265137,5.215000152587891,4.860000133514404,4.920000076293945,891800
2023-11-15,5.230000019073486,5.230000019073486,5.46999979019165,5.21999979019165,5.239999771118164,646600
2023-11-16,4.989999771118164,4.989999771118164,5.28000020980835,4.920000076293945,5.170000076293945,1101000
2023-11-17,5.389999866485596,5.389999866485596,5.590000152587891,5.119999885559082,5.130000114440918,1923400
2023-11-20,5.340000152587891,5.340000152587891,5.429999828338623,5.184999942779541,5.380000114440918,688100
2023-11-21,4.809999942779541,4.809999942779541,5.315000057220459,4.800000190734863,5.25,765600
2023-11-22,5.039999961853027,5.039999961853027,5.058000087738037,4.78000020980835,4.900000095367432,602000
2023-11-24,5.420000076293945,5.420000076293945,5.491000175476074,5.0,5.0,427200
2023-11-27,5.190000057220459,5.190000057220459,5.409999847412109,5.179999828338623,5.409999847412109,633100
2023-11-28,5.190000057220459,5.190000057220459,5.239999771118164,4.980000019073486,5.150000095367432,682600
2023-11-29,5.190000057220459,5.190000057220459,5.300000190734863,5.139999866485596,5.260000228881836,625200
2023-11-30,5.119999885559082,5.119999885559082,5.349999904632568,5.099999904632568,5.21999979019165,612300
2023-12-01,5.869999885559082,5.869999885559082,5.889999866485596,5.050000190734863,5.159999847412109,1532500
2023-12-04,6.03000020980835,6.03000020980835,6.03000020980835,5.710000038146973,5.710000038146973,1314400
2023-12-05,5.639999866485596,5.639999866485596,5.949999809265137,5.570000171661377,5.949999809265137,671100
2023-12-06,5.730000019073486,5.730000019073486,5.864999771118164,5.599999904632568,5.699999809265137,1218100
2023-12-07,5.739999771118164,5.739999771118164,5.946000099182129,5.619999885559082,5.769999980926514,604600
2023-12-08,5.869999885559082,5.869999885559082,5.945000171661377,5.519999980926514,5.699999809265137,515500
2023-12-11,5.880000114440918,5.880000114440918,5.889999866485596,5.639999866485596,5.840000152587891,438500
2023-12-12,6.400000095367432,6.400000095367432,6.46999979019165,5.75,5.829999923706055,2020600
2023-12-13,6.670000076293945,6.670000076293945,6.710000038146973,5.910999774932861,6.400000095367432,1342500
2023-12-14,6.710000038146973,6.710000038146973,6.965000152587891,6.510000228881836,6.71999979019165,1242100
2023-12-15,6.849999904632568,6.849999904632568,6.885000228881836,6.599999904632568,6.78000020980835,955500
2023-12-18,6.539999961853027,6.539999961853027,6.880000114440918,6.53000020980835,6.849999904632568,500700
2023-12-19,6.900000095367432,6.900000095367432,7.019999980926514,6.539999961853027,6.590000152587891,804300
2023-12-20,6.369999885559082,6.369999885559082,7.275000095367432,6.340000152587891,6.820000171661377,1279900
2023-12-21,6.920000076293945,6.920000076293945,6.985000133514404,6.5,6.610000133514404,875600
2023-12-22,7.230000019073486,7.230000019073486,7.326000213623047,6.890999794006348,7.070000171661377,759400
2023-12-26,8.199999809265137,8.199999809265137,8.260000228881836,7.230000019073486,7.300000190734863,1729700
2023-12-27,8.319999694824219,8.319999694824219,8.5600004196167,8.140000343322754,8.3100004196167,1276800
2023-12-28,8.0,8.0,8.210000038146973,7.909999847412109,8.199999809265137,857000
2023-12-29,7.670000076293945,7.670000076293945,7.949999809265137,7.570000171661377,7.949999809265137,825300
2024-01-02,7.150000095367432,7.150000095367432,7.519999980926514,7.090000152587891,7.5,851600
2024-01-03,6.920000076293945,6.920000076293945,7.0,6.699999809265137,6.949999809265137,1025800
2024-01-04,6.869999885559082,6.869999885559082,7.144999980926514,6.769999980926514,6.920000076293945,857700
2024-01-05,6.989999771118164,6.989999771118164,7.0,6.659999847412109,6.820000171661377,813300
2024-01-08,7.099999904632568,7.099999904632568,7.349999904632568,6.940000057220459,6.960000038146973,615400
2024-01-09,7.389999866485596,7.389999866485596,7.739999771118164,6.739999771118164,6.980000019073486,1351600
2024-01-10,6.760000228881836,6.760000228881836,7.429999828338623,6.570000171661377,7.389999866485596,1165000
2024-01-11,6.650000095367432,6.650000095367432,6.820000171661377,6.235000133514404,6.619999885559082,1458400
2024-01-12,6.630000114440918,6.630000114440918,6.920000076293945,6.389999866485596,6.659999847412109,908800
2024-01-16,6.230000019073486,6.230000019073486,6.5,6.230000019073486,6.5,946000
2024-01-17,6.119999885559082,6.119999885559082,6.139999866485596,5.860000133514404,6.0,684600
2024-01-18,6.050000190734863,6.050000190734863,6.230000019073486,5.769999980926514,6.230000019073486,1075700
2024-01-19,6.130000114440918,6.130000114440918,6.190000057220459,5.869999885559082,6.099999904632568,715200
2024-01-22,6.340000152587891,6.340000152587891,6.679999828338623,6.199999809265137,6.21999979019165,567500
2024-01-23,6.010000228881836,6.010000228881836,6.590000152587891,5.960000038146973,6.46999979019165,711400
2024-01-24,5.730000019073486,5.730000019073486,6.179999828338623,5.644999980926514,6.179999828338623,773100
2024-01-25,5.690000057220459,5.690000057220459,5.760000228881836,5.550000190734863,5.75,537000
2024-01-26,5.550000190734863,5.550000190734863,5.88100004196167,5.5,5.71999979019165,571400
2024-01-29,5.940000057220459,5.940000057220459,6.0,5.409999847412109,5.550000190734863,940700
2024-01-30,5.389999866485596,5.389999866485596,5.90500020980835,5.34499979019165,5.900000095367432,706400
2024-01-31,5.21999979019165,5.21999979019165,5.510000228881836,5.199999809265137,5.400000095367432,504800
2024-02-01,4.980000019073486,4.980000019073486,5.360000133514404,4.940000057220459,5.269999980926514,1267600
2024-02-02,5.0,5.0,5.039999961853027,4.730000019073486,4.900000095367432,811200
2024-02-05,4.710000038146973,4.710000038146973,4.920000076293945,4.690000057220459,4.860000133514404,651000
2024-02-06,4.989999771118164,4.989999771118164,5.045000076293945,4.6519999504089355,4.744999885559082,908400
2024-02-07,4.929999828338623,4.929999828338623,5.019999980926514,4.820000171661377,4.980000019073486,459000
2024-02-08,5.059999942779541,5.059999942779541,5.179999828338623,4.849999904632568,4.900000095367432,579100
2024-02-09,5.400000095367432,5.400000095367432,5.400000095367432,5.099999904632568,5.150000095367432,503300
2024-02-12,5.789999961853027,5.789999961853027,5.909999847412109,5.369999885559082,5.400000095367432,762200
2024-02-13,5.289999961853027,5.289999961853027,5.567999839782715,5.239999771118164,5.5,651300
2024-02-14,5.730000019073486,5.730000019073486,5.829999923706055,5.448999881744385,5.480000019073486,668200
2024-02-15,5.909999847412109,5.909999847412109,6.079999923706055,5.769999980926514,5.820000171661377,648600
2024-02-16,5.800000190734863,5.800000190734863,5.889999866485596,5.630000114440918,5.820000171661377,457700
2024-02-20,5.599999904632568,5.599999904632568,5.800000190734863,5.505000114440918,5.704999923706055,453200
2024-02-21,5.440000057220459,5.440000057220459,5.53000020980835,5.340000152587891,5.5,465500
2024-02-22,5.449999809265137,5.449999809265137,5.534999847412109,5.389999866485596,5.460000038146973,518900
2024-02-23,5.369999885559082,5.369999885559082,5.449999809265137,5.135000228881836,5.409999847412109,564700
2024-02-26,5.53000020980835,5.53000020980835,5.679999828338623,5.360000133514404,5.449999809265137,715500
2024-02-27,5.570000171661377,5.570000171661377,5.730000019073486,5.485000133514404,5.630000114440918,513000
2024-02-28,5.329999923706055,5.329999923706055,5.579999923706055,5.309999942779541,5.400000095367432,482200
2024-02-29,5.429999828338623,5.429999828338623,5.71999979019165,5.320000171661377,5.429999828338623,573900
2024-03-01,5.559999942779541,5.559999942779541,5.609000205993652,5.239999771118164,5.400000095367432,619300
2024-03-04,5.389999866485596,5.389999866485596,5.610000133514404,5.260000228881836,5.610000133514404,507600
2024-03-05,5.150000095367432,5.150000095367432,5.300000190734863,5.050000190734863,5.300000190734863,532400
2024-03-06,5.360000133514404,5.360000133514404,5.51200008392334,5.15500020980835,5.260000228881836,429100
2024-03-07,5.340000152587891,5.340000152587891,5.46999979019165,5.28000020980835,5.449999809265137,329800
2024-03-08,5.53000020980835,5.53000020980835,5.769999980926514,5.449999809265137,5.46999979019165,581000
2024-03-11,5.480000019073486,5.480000019073486,5.710000038146973,5.409999847412109,5.5,358900
2024-03-12,5.059999942779541,5.059999942779541,5.460000038146973,4.96999979019165,5.460000038146973,1467300
2024-03-13,5.090000152587891,5.090000152587891,5.210000038146973,4.974999904632568,5.03000020980835,558800
2024-03-14,4.730000019073486,4.730000019073486,5.150000095367432,4.650000095367432,5.050000190734863,1090000
2024-03-15,4.820000171661377,4.820000171661377,4.980000019073486,4.659999847412109,4.71999979019165,776900
2024-03-18,4.880000114440918,4.880000114440918,5.059999942779541,4.683000087738037,4.840000152587891,503200
2024-03-19,4.949999809265137,4.949999809265137,5.010000228881836,4.75,4.789999961853027,386700
2024-03-20,5.019999980926514,5.019999980926514,5.085000038146973,4.789999961853027,4.889999866485596,511900
2024-03-21,5.139999866485596,5.139999866485596,5.199999809265137,5.050000190734863,5.099999904632568,433200
2024-03-22,4.940000057220459,4.940000057220459,5.139999866485596,4.909999847412109,5.139999866485596,355800
2024-03-25,4.989999771118164,4.989999771118164,5.159999847412109,4.920000076293945,4.960000038146973,572600
2024-03-26,4.980000019073486,4.980000019073486,5.130000114440918,4.925000190734863,5.059999942779541,1062200
2024-03-27,6.699999809265137,6.699999809265137,7.199999809265137,5.260000228881836,5.429999828338623,9741400
2024-03-28,7.940000057220459,7.940000057220459,8.239999771118164,6.630000114440918,6.679999828338623,5699200
2024-04-01,9.859999656677246,9.859999656677246,10.0,7.960000038146973,7.989999771118164,7369000
2024-04-02,9.970000267028809,9.970000267028809,10.0600004196167,8.75,9.470000267028809,3179900
2024-04-03,10.0,10.0,10.399999618530273,9.460000038146973,9.5600004196167,2921400
2024-04-04,9.989999771118164,9.989999771118164,11.399999618530273,9.90999984741211,10.210000038146973,3704300
2024-04-05,9.600000381469727,9.600000381469727,10.050000190734863,9.239999771118164,10.050000190734863,1962200
2024-04-08,9.449999809265137,9.449999809265137,10.04800033569336,9.239999771118164,9.6899995803833,1218700
2024-04-09,8.6899995803833,8.6899995803833,9.989999771118164,8.510000228881836,9.470000267028809,2158400
2024-04-10,8.229999542236328,8.229999542236328,8.600000381469727,7.840000152587891,8.279999732971191,1715400
2024-04-11,8.5,8.5,8.619999885559082,7.920000076293945,8.279999732971191,1109600
2024-04-12,7.730000019073486,7.730000019073486,8.800000190734863,7.71999979019165,8.489999771118164,1010400
2024-04-15,7.630000114440918,7.630000114440918,8.029999732971191,7.340000152587891,7.800000190734863,1453400
2024-04-16,7.46999979019165,7.46999979019165,7.71999979019165,7.349999904632568,7.480000019073486,624200
2024-04-17,7.079999923706055,7.079999923706055,7.739999771118164,7.079999923706055,7.570000171661377,653400
2024-04-18,6.989999771118164,6.989999771118164,7.389999866485596,6.900000095367432,7.130000114440918,603900
2024-04-19,7.159999847412109,7.159999847412109,7.21999979019165,6.880000114440918,6.949999809265137,880600
2024-04-22,7.03000020980835,7.03000020980835,7.260000228881836,6.849999904632568,7.190000057220459,782800
2024-04-23,7.559999942779541,7.559999942779541,7.900000095367432,7.0,7.0,1188500
2024-04-24,7.429999828338623,7.429999828338623,8.029999732971191,7.244999885559082,7.679999828338623,930000
2024-04-25,7.480000019073486,7.480000019073486,7.480000019073486,7.090000152587891,7.230000019073486,455600
2024-04-26,8.670000076293945,8.670000076293945,8.720000267028809,7.519999980926514,7.539999961853027,1599100
2024-04-29,9.300000190734863,9.300000190734863,9.319999694824219,8.819999694824219,8.869999885559082,949900
2024-04-30,9.069999694824219,9.069999694824219,9.239999771118164,8.9399995803833,9.170000076293945,754300
2024-05-01,9.300000190734863,9.300000190734863,9.819999694824219,8.899999618530273,9.0600004196167,827800
2024-05-02,9.609999656677246,9.609999656677246,9.75,9.109999656677246,9.59000015258789,723400
2024-05-03,9.65999984741211,9.65999984741211,10.210000038146973,9.5600004196167,9.949999809265137,764800
2024-05-06,9.819999694824219,9.819999694824219,9.96399974822998,9.60200023651123,9.800000190734863,401600
2024-05-07,9.520000457763672,9.520000457763672,9.859999656677246,9.369999885559082,9.819999694824219,590000
2024-05-08,9.859999656677246,9.859999656677246,9.970000267028809,9.210000038146973,9.369999885559082,772200
2024-05-09,10.350000381469727,10.350000381469727,10.520000457763672,9.744000434875488,9.869999885559082,1426000
2024-05-10,12.399999618530273,12.399999618530273,14.170000076293945,11.979999542236328,11.979999542236328,4756700
2024-05-13,12.4399995803833,12.4399995803833,14.0,12.109999656677246,12.59000015258789,2154000
2024-05-14,11.979999542236328,11.979999542236328,13.0,11.850000381469727,12.710000038146973,1418900
2024-05-15,12.100000381469727,12.100000381469727,12.859999656677246,11.600000381469727,12.199999809265137,1165200
2024-05-16,11.65999984741211,11.65999984741211,12.265000343322754,11.619999885559082,11.949999809265137,700800
2024-05-17,12.970000267028809,12.970000267028809,14.149999618530273,12.869999885559082,12.960000038146973,3377900
2024-05-20,13.050000190734863,13.050000190734863,13.34000015258789,12.65999984741211,13.069999694824219,1022400
2024-05-21,12.380000114440918,12.380000114440918,12.930000305175781,12.145000457763672,12.930000305175781,890800
2024-05-22,11.5,11.5,12.050000190734863,11.444999694824219,12.050000190734863,918600
2024-05-23,11.260000228881836,11.260000228881836,11.619999885559082,10.960000038146973,11.619999885559082,1166500
2024-05-24,11.5,11.5,11.670000076293945,11.079999923706055,11.300000190734863,799300
2024-05-28,12.130000114440918,12.130000114440918,12.460000038146973,11.609999656677246,11.649999618530273,1225000
2024-05-29,12.1899995803833,12.1899995803833,12.380000114440918,11.529999732971191,11.720000267028809,830200
2024-05-30,12.15999984741211,12.15999984741211,12.720000267028809,12.100000381469727,12.300000190734863,654200
2024-05-31,11.699999809265137,11.699999809265137,12.350000381469727,11.529999732971191,12.1899995803833,729400
2024-06-03,11.479999542236328,11.479999542236328,12.107000350952148,11.454999923706055,11.960000038146973,546300
2024-06-04,11.319999694824219,11.319999694824219,11.619999885559082,11.140000343322754,11.329999923706055,609300
2024-06-05,12.050000190734863,12.050000190734863,12.109999656677246,11.149999618530273,11.399999618530273,1001700
2024-06-06,11.8100004196167,11.8100004196167,12.399999618530273,11.380000114440918,12.109999656677246,676300
2024-06-07,11.460000038146973,11.460000038146973,12.229999542236328,11.449999809265137,11.579999923706055,657500
2024-06-10,11.300000190734863,11.300000190734863,11.550000190734863,11.041999816894531,11.300000190734863,738600
2024-06-11,10.970000267028809,10.970000267028809,11.425000190734863,10.850000381469727,11.130000114440918,875300
2024-06-12,10.779999732971191,10.779999732971191,11.5,10.760000228881836,11.399999618530273,972100
2024-06-13,10.550000190734863,10.550000190734863,10.880000114440918,10.15999984741211,10.829999923706055,1007300
2024-06-14,10.329999923706055,10.329999923706055,10.779999732971191,10.265000343322754,10.3100004196167,610500
2024-06-17,10.90999984741211,10.90999984741211,11.364999771118164,10.460000038146973,10.630000114440918,1192900
2024-06-18,10.680000305175781,10.680000305175781,11.140000343322754,10.5,10.869999885559082,700400
2024-06-20,10.220000267028809,10.220000267028809,10.800000190734863,10.140000343322754,10.630000114440918,757100
2024-06-21,10.199999809265137,10.199999809265137,10.319999694824219,9.859999656677246,10.119999885559082,2604000
2024-06-24,9.710000038146973,9.710000038146973,10.220000267028809,9.609999656677246,10.15999984741211,793000
2024-06-25,9.479999542236328,9.479999542236328,9.819999694824219,9.380000114440918,9.729999542236328,747700
2024-06-26,9.75,9.75,9.850000381469727,9.354999542236328,9.369999885559082,813200
2024-06-27,10.029999732971191,10.029999732971191,10.34000015258789,9.65999984741211,9.699999809265137,1049700
2024-06-28,9.829999923706055,9.829999923706055,10.119999885559082,9.699999809265137,10.109999656677246,7780300
2024-07-01,9.649999618530273,9.649999618530273,9.904999732971191,9.456000328063965,9.880000114440918,724900
2024-07-02,9.40999984741211,9.40999984741211,9.670000076293945,9.314000129699707,9.619999885559082,504200
2024-07-03,9.699999809265137,9.699999809265137,9.949999809265137,9.460000038146973,9.470000267028809,457100
2024-07-05,9.59000015258789,9.59000015258789,9.75,9.460000038146973,9.640000343322754,550500
2024-07-08,10.470000267028809,10.470000267028809,10.699999809265137,9.600000381469727,9.640000343322754,1062000
2024-07-09,11.59000015258789,11.59000015258789,11.638999938964844,10.470000267028809,10.479999542236328,959800
2024-07-10,12.079999923706055,12.079999923706055,12.130000114440918,11.369999885559082,11.930000305175781,965400
2024-07-11,12.960000038146973,12.960000038146973,13.25,12.239999771118164,12.399999618530273,1278000
2024-07-12,13.789999961853027,13.789999961853027,13.960000038146973,12.930000305175781,13.0,1129200
2024-07-15,16.020000457763672,16.020000457763672,16.18000030517578,13.699999809265137,13.819999694824219,2484900
2024-07-16,16.389999389648438,16.389999389648438,16.878999710083008,15.430000305175781,16.18000030517578,2691700
2024-07-17,15.140000343322754,15.140000343322754,16.25,14.8100004196167,15.760000228881836,1400300
2024-07-18,14.3100004196167,14.3100004196167,15.600000381469727,14.039999961853027,15.199999809265137,1088100
2024-07-19,14.039999961853027,14.039999961853027,15.010000228881836,14.010000228881836,14.3100004196167,866900
2024-07-22,14.170000076293945,14.170000076293945,15.350000381469727,14.0,14.210000038146973,1390100
2024-07-23,14.699999809265137,14.699999809265137,14.880000114440918,13.630000114440918,14.0,977200
2024-07-24,13.579999923706055,13.579999923706055,14.850000381469727,13.569999694824219,14.449999809265137,795100
2024-07-25,13.40999984741211,13.40999984741211,14.0,13.1899995803833,13.529999732971191,701800
2024-07-26,13.960000038146973,13.960000038146973,14.350000381469727,13.550000190734863,13.970000267028809,606500
2024-07-29,13.460000038146973,13.460000038146973,14.89900016784668,13.319999694824219,14.079999923706055,971800
2024-07-30,13.210000038146973,13.210000038146973,13.779999732971191,12.819999694824219,13.579999923706055,641000
2024-07-31,13.130000114440918,13.130000114440918,13.9399995803833,13.109999656677246,13.5,805100
2024-08-01,12.4399995803833,12.4399995803833,13.199999809265137,12.260000228881836,13.0600004196167,676500
2024-08-02,11.770000457763672,11.770000457763672,12.149999618530273,11.491000175476074,11.770000457763672,863600
2024-08-05,11.109999656677246,11.109999656677246,11.28499984741211,10.210000038146973,10.65999984741211,1060100
2024-08-06,10.979999542236328,10.979999542236328,11.371999740600586,10.899999618530273,11.319999694824219,737700
2024-08-07,10.380000114440918,10.380000114440918,11.390000343322754,10.369999885559082,11.109999656677246,838800
2024-08-08,10.579999923706055,10.579999923706055,10.789999961853027,10.329999923706055,10.550000190734863,847700
2024-08-09,10.569999694824219,10.569999694824219,10.770000457763672,10.128999710083008,10.670000076293945,810800
2024-08-12,10.920000076293945,10.920000076293945,11.199999809265137,10.479999542236328,10.739999771118164,1256700
2024-08-13,10.880000114440918,10.880000114440918,11.3100004196167,10.680000305175781,11.239999771118164,2120700
2024-08-14,7.869999885559082,7.869999885559082,9.4399995803833,7.769999980926514,9.119999885559082,5313100
2024-08-15,7.78000020980835,7.78000020980835,8.319999694824219,7.559999942779541,8.010000228881836,2519900
2024-08-16,8.010000228881836,8.010000228881836,8.199999809265137,7.639999866485596,7.820000171661377,2181500
2024-08-19,7.849999904632568,7.849999904632568,8.159000396728516,7.75,7.989999771118164,1240900
2024-08-20,7.840000152587891,7.840000152587891,8.270000457763672,7.579999923706055,8.119999885559082,1256600
2024-08-21,8.050000190734863,8.050000190734863,8.0600004196167,7.659999847412109,7.920000076293945,1048200
2024-08-22,7.690000057220459,7.690000057220459,8.079999923706055,7.690000057220459,8.050000190734863,791200
2024-08-23,7.650000095367432,7.650000095367432,7.989999771118164,7.63100004196167,7.730000019073486,909300
2024-08-26,7.590000152587891,7.590000152587891,7.75,7.420000076293945,7.71999979019165,994400
2024-08-27,7.489999771118164,7.489999771118164,7.699999809265137,7.309999942779541,7.590000152587891,850300
2024-08-28,7.239999771118164,7.239999771118164,7.460000038146973,7.019999980926514,7.380000114440918,941500
2024-08-29,7.159999847412109,7.159999847412109,7.445000171661377,7.159999847412109,7.349999904632568,634400
2024-08-30,7.090000152587891,7.090000152587891,7.295000076293945,6.960000038146973,7.260000228881836,1007200
2024-09-03,6.599999904632568,6.599999904632568,7.03000020980835,6.550000190734863,7.0,1128700
2024-09-04,6.420000076293945,6.420000076293945,6.880000114440918,6.409999847412109,6.570000171661377,792900
2024-09-05,6.25,6.25,6.5,6.230000019073486,6.420000076293945,881900
2024-09-06,5.900000095367432,5.900000095367432,6.239999771118164,5.840000152587891,6.199999809265137,1150000
2024-09-09,6.099999904632568,6.099999904632568,6.320000171661377,5.940000057220459,6.019999980926514,1196200
2024-09-10,6.239999771118164,6.239999771118164,6.324999809265137,6.019999980926514,6.139999866485596,1110400
2024-09-11,6.210000038146973,6.210000038146973,6.360000133514404,6.110000133514404,6.199999809265137,941900
2024-09-12,6.139999866485596,6.139999866485596,6.300000190734863,5.980000019073486,6.199999809265137,1306700
2024-09-13,6.659999847412109,6.659999847412109,6.869999885559082,6.183000087738037,6.199999809265137,1918100
2024-09-16,6.289999961853027,6.289999961853027,6.744999885559082,6.170000076293945,6.730000019073486,1134500
2024-09-17,6.289999961853027,6.289999961853027,6.440999984741211,6.230000019073486,6.360000133514404,750900
2024-09-18,6.019999980926514,6.019999980926514,6.449999809265137,6.019999980926514,6.289999961853027,974100
2024-09-19,6.170000076293945,6.170000076293945,6.439000129699707,6.130000114440918,6.320000171661377,815500
2024-09-20,6.059999942779541,6.059999942779541,6.190000057220459,5.965000152587891,6.110000133514404,1194600
2024-09-23,5.940000057220459,5.940000057220459,6.144999980926514,5.929999828338623,6.130000114440918,691000
2024-09-24,6.21999979019165,6.21999979019165,6.320000171661377,5.960000038146973,6.019999980926514,946700
2024-09-25,5.929999828338623,5.929999828338623,6.210000038146973,5.90500020980835,6.199999809265137,812400
2024-09-26,6.289999961853027,6.289999961853027,6.360000133514404,5.960000038146973,6.070000171661377,960500
2024-09-27,6.360000133514404,6.360000133514404,6.690000057220459,6.349999904632568,6.400000095367432,942000
2024-09-30,6.300000190734863,6.300000190734863,6.510000228881836,6.199999809265137,6.349999904632568,1079800
2024-10-01,6.059999942779541,6.059999942779541,6.364999771118164,5.96999979019165,6.349999904632568,853700
2024-10-02,6.199999809265137,6.199999809265137,6.239999771118164,5.940000057220459,6.010000228881836,608800
2024-10-03,6.159999847412109,6.159999847412109,6.21999979019165,6.059999942779541,6.079999923706055,503800
2024-10-04,6.380000114440918,6.380000114440918,6.579999923706055,6.190000057220459,6.309999942779541,816500
2024-10-07,6.449999809265137,6.449999809265137,6.590000152587891,6.289999961853027,6.489999771118164,687200
2024-10-08,6.269999980926514,6.269999980926514,6.489999771118164,6.230000019073486,6.429999828338623,630600
2024-10-09,6.630000114440918,6.630000114440918,6.730000019073486,6.159999847412109,6.260000228881836,836900
2024-10-10,6.579999923706055,6.579999923706055,6.670000076293945,6.390999794006348,6.590000152587891,652700
2024-10-11,7.150000095367432,7.150000095367432,7.309999942779541,6.53000020980835,6.550000190734863,1288400
2024-10-14,7.079999923706055,7.079999923706055,7.230000019073486,6.892000198364258,7.179999828338623,747100
2024-10-15,7.119999885559082,7.119999885559082,7.265999794006348,6.800000190734863,7.090000152587891,937000
2024-10-16,7.519999980926514,7.519999980926514,7.545000076293945,7.114999771118164,7.28000020980835,1017900
2024-10-17,7.920000076293945,7.920000076293945,8.130000114440918,7.4029998779296875,7.579999923706055,1746700
2024-10-18,8.069999694824219,8.069999694824219,8.369999885559082,7.929999828338623,8.039999961853027,1832100
2024-10-21,8.25,8.25,8.329999923706055,7.650000095367432,8.020000457763672,1017300
2024-10-22,8.380000114440918,8.380000114440918,8.520000457763672,8.010000228881836,8.25,1207900
2024-10-23,7.809999942779541,7.809999942779541,8.300000190734863,7.539999961853027,8.300000190734863,1652200
2024-10-24,7.75,7.75,8.180000305175781,7.670000076293945,7.849999904632568,828800
2024-10-25,7.550000190734863,7.550000190734863,8.010000228881836,7.550000190734863,7.809999942779541,645500
2024-10-28,7.429999828338623,7.429999828338623,7.840000152587891,7.420000076293945,7.659999847412109,898100
2024-10-29,7.099999904632568,7.099999904632568,7.46999979019165,6.96999979019165,7.46999979019165,1154000
2024-10-30,6.96999979019165,6.96999979019165,7.150000095367432,6.769999980926514,7.010000228881836,911500
2024-10-31,6.630000114440918,6.630000114440918,6.960000038146973,6.59499979019165,6.949999809265137,654600
2024-11-01,7.0,7.0,7.275000095367432,6.739999771118164,6.789999961853027,954600
2024-11-04,7.050000190734863,7.050000190734863,7.300000190734863,7.0,7.019999980926514,729300
2024-11-05,7.460000038146973,7.460000038146973,7.525000095367432,7.059999942779541,7.059999942779541,727500
2024-11-06,7.829999923706055,7.829999923706055,8.050000190734863,7.5,7.889999866485596,1152000
2024-11-07,7.869999885559082,7.869999885559082,8.050000190734863,7.650000095367432,7.860000133514404,1126500
2024-11-08,7.989999771118164,7.989999771118164,8.100000381469727,7.269999980926514,7.300000190734863,1979900
2024-11-11,10.550000190734863,10.550000190734863,10.729999542236328,8.289999961853027,8.3100004196167,4174500
2024-11-12,9.770000457763672,9.770000457763672,10.270000457763672,9.569999694824219,10.210000038146973,2401200
2024-11-13,9.109999656677246,9.109999656677246,9.760000228881836,8.869999885559082,9.5,1341100
2024-11-14,8.699999809265137,8.699999809265137,9.390000343322754,8.5600004196167,9.260000228881836,1184400
2024-11-15,8.4399995803833,8.4399995803833,8.850000381469727,8.220000267028809,8.770000457763672,913600
2024-11-18,8.779999732971191,8.779999732971191,8.90999984741211,8.25,8.4399995803833,1484200
2024-11-19,9.020000457763672,9.020000457763672,9.680000305175781,8.75,8.869999885559082,1874900
2024-11-20,8.880000114440918,8.880000114440918,9.170000076293945,8.5,9.130000114440918,981800
2024-11-21,8.970000267028809,8.970000267028809,9.010000228881836,8.59000015258789,8.970000267028809,716100
2024-11-22,9.529999732971191,9.529999732971191,9.770000457763672,9.0,9.100000381469727,1071300
2024-11-25,9.880000114440918,9.880000114440918,10.055999755859375,9.40999984741211,9.949999809265137,1104000
2024-11-26,9.359999656677246,9.359999656677246,9.869999885559082,9.279999732971191,9.779999732971191,1007700
2024-11-27,9.550000190734863,9.550000190734863,10.149999618530273,9.430000305175781,9.430000305175781,950900
2024-11-29,9.880000114440918,9.880000114440918,10.25,9.6899995803833,9.699999809265137,683000
2024-12-02,9.619999885559082,9.619999885559082,10.359000205993652,9.569999694824219,10.09000015258789,1329000
2024-12-03,9.100000381469727,9.100000381469727,9.619999885559082,8.510000228881836,9.470000267028809,1443600
2024-12-04,8.899999618530273,8.899999618530273,9.369999885559082,8.829999923706055,9.069999694824219,845000
2024-12-05,8.9399995803833,8.9399995803833,9.260000228881836,8.739999771118164,8.890000343322754,866400
2024-12-06,10.390000343322754,10.390000343322754,10.520000457763672,9.0,9.069999694824219,2549500
2024-12-09,9.979999542236328,9.979999542236328,10.899999618530273,9.75,10.720000267028809,1352100
2024-12-10,9.789999961853027,9.789999961853027,10.260000228881836,9.699999809265137,9.930000305175781,1122400
2024-12-11,9.630000114440918,9.630000114440918,9.930000305175781,9.270000457763672,9.880000114440918,1313600
2024-12-12,9.140000343322754,9.140000343322754,10.1899995803833,9.029999732971191,9.75,1599200
2024-12-13,9.079999923706055,9.079999923706055,9.345000267028809,8.859999656677246,9.15999984741211,909900
2024-12-16,9.380000114440918,9.380000114440918,9.5600004196167,8.880000114440918,9.079999923706055,1089200
2024-12-17,11.0,11.0,11.390000343322754,9.6899995803833,9.970000267028809,3751500
2024-12-18,10.380000114440918,10.380000114440918,12.069999694824219,10.050000190734863,10.949999809265137,3535300
2024-12-19,10.420000076293945,10.420000076293945,12.0,10.279999732971191,10.880000114440918,2749700
2024-12-20,11.979999542236328,11.979999542236328,12.319999694824219,9.800000190734863,10.100000381469727,4328000
2024-12-23,12.210000038146973,12.210000038146973,12.369999885559082,11.359999656677246,12.109999656677246,1849100
2024-12-24,12.8100004196167,12.8100004196167,13.119999885559082,11.935999870300293,12.300000190734863,1159700
2024-12-26,13.710000038146973,13.710000038146973,13.779999732971191,12.319999694824219,12.779999732971191,1807800
2024-12-27,12.489999771118164,12.489999771118164,13.930000305175781,12.010000228881836,13.699999809265137,2043600
2024-12-30,12.449999809265137,12.449999809265137,12.963000297546387,11.710000038146973,12.380000114440918,1524600
2024-12-31,12.220000267028809,12.220000267028809,12.699000358581543,11.479999542236328,12.399999618530273,1465900
2025-01-02,12.350000381469727,12.350000381469727,12.979999542236328,11.770000457763672,12.239999771118164,1739900
2025-01-03,14.640000343322754,14.640000343322754,14.779999732971191,12.168000221252441,12.399999618530273,2836400
2025-01-06,15.220000267028809,15.220000267028809,15.869999885559082,14.373000144958496,15.210000038146973,2982000
2025-01-07,14.609999656677246,14.609999656677246,15.758999824523926,14.220000267028809,15.369999885559082,2012200
2025-01-08,12.595000267028809,12.595000267028809,13.899999618530273,11.6899995803833,13.65999984741211,2599300
2025-01-10,11.319999694824219,11.319999694824219,12.236000061035156,11.020000457763672,12.079999923706055,2162200
2025-01-13,10.850000381469727,10.850000381469727,11.050000190734863,10.100000381469727,10.770000457763672,1865000
2025-01-14,10.729999542236328,10.729999542236328,11.770000457763672,10.520000457763672,11.239999771118164,1549400
2025-01-15,11.430000305175781,11.430000305175781,12.069999694824219,11.229999542236328,11.449999809265137,1536800
2025-01-16,11.270000457763672,11.270000457763672,11.694000244140625,10.96500015258789,11.579999923706055,947600
2025-01-17,10.600000381469727,10.600000381469727,11.414999961853027,10.539999961853027,11.260000228881836,1414100
2025-01-21,10.550000190734863,10.550000190734863,10.979999542236328,10.321000099182129,10.930000305175781,1292500
2025-01-22,10.770000457763672,10.770000457763672,11.0,9.9399995803833,10.380000114440918,1527500
2025-01-23,10.720000267028809,10.720000267028809,10.789999961853027,10.399999618530273,10.529999732971191,712600
2025-01-24,10.460000038146973,10.460000038146973,11.680000305175781,10.430000305175781,11.069999694824219,1423400
2025-01-27,9.680000305175781,9.680000305175781,9.989999771118164,9.399999618530273,9.90999984741211,1738200
2025-01-28,9.739999771118164,9.739999771118164,9.9350004196167,9.425000190734863,9.819999694824219,818300
2025-01-29,9.460000038146973,9.460000038146973,9.899999618530273,9.390000343322754,9.739999771118164,788600
2025-01-30,9.880000114440918,9.880000114440918,10.109999656677246,9.550000190734863,9.699999809265137,1035800
2025-01-31,9.960000038146973,9.960000038146973,10.729999542236328,9.859999656677246,10.069999694824219,1065700
2025-02-03,9.550000190734863,9.550000190734863,9.8100004196167,9.25,9.460000038146973,1057200
2025-02-04,10.100000381469727,10.100000381469727,10.3100004196167,9.710000038146973,9.739999771118164,1084100
2025-02-05,10.279999732971191,10.279999732971191,10.781999588012695,10.0,10.109999656677246,978000
2025-02-06,11.050000190734863,11.050000190734863,11.260000228881836,10.3100004196167,10.4399995803833,1466700
2025-02-07,10.390000343322754,10.390000343322754,11.479999542236328,10.199999809265137,11.079999923706055,1883000
2025-02-10,10.279999732971191,10.279999732971191,10.829999923706055,10.199999809265137,10.619999885559082,790400
2025-02-11,9.710000038146973,9.710000038146973,10.180000305175781,9.569999694824219,9.970000267028809,1125300
2025-02-12,9.600000381469727,9.600000381469727,9.989999771118164,9.489999771118164,9.489999771118164,1061900
2025-02-13,10.09000015258789,10.09000015258789,10.15999984741211,9.649999618530273,9.739999771118164,772900
2025-02-14,9.829999923706055,9.829999923706055,10.279999732971191,9.739999771118164,10.15999984741211,887400
2025-02-18,10.050000190734863,10.050000190734863,10.289999961853027,9.880000114440918,9.90999984741211,728400
2025-02-19,10.210000038146973,10.210000038146973,10.550000190734863,9.869999885559082,9.869999885559082,907100
2025-02-20,9.850000381469727,9.850000381469727,10.319999694824219,9.539999961853027,10.210000038146973,1075200
2025-02-21,8.869999885559082,8.869999885559082,10.149999618530273,8.84000015258789,10.069999694824219,1511400
2025-02-24,8.270000457763672,8.270000457763672,8.876999855041504,8.199999809265137,8.8100004196167,1596700
2025-02-25,8.039999961853027,8.039999961853027,8.289999961853027,7.869999885559082,8.199999809265137,1099600
2025-02-26,8.319999694824219,8.319999694824219,8.640000343322754,8.140000343322754,8.15999984741211,870900
2025-02-27,8.09000015258789,8.09000015258789,8.545000076293945,7.880000114440918,8.40999984741211,883800
2025-02-28,8.25,8.25,8.350000381469727,7.809999942779541,7.929999828338623,777700
2025-03-03,7.690000057220459,7.690000057220459,8.479000091552734,7.625,8.399999618530273,1081200
2025-03-04,7.769999980926514,7.769999980926514,8.0600004196167,7.28000020980835,7.460000038146973,1095900
2025-03-05,8.350000381469727,8.350000381469727,8.390000343322754,7.659999847412109,7.920000076293945,834200
2025-03-06,7.980000019073486,7.980000019073486,8.319999694824219,7.809999942779541,8.0,768700
2025-03-07,8.079999923706055,8.079999923706055,8.109999656677246,7.659999847412109,7.860000133514404,814300
2025-03-10,7.650000095367432,7.650000095367432,7.909999847412109,7.505000114440918,7.809999942779541,1094200
2025-03-11,7.849999904632568,7.849999904632568,8.005000114440918,7.559999942779541,7.650000095367432,724900
2025-03-12,7.480000019073486,7.480000019073486,8.265000343322754,7.400000095367432,8.170000076293945,1786300
2025-03-13,7.559999942779541,7.559999942779541,7.710000038146973,7.28000020980835,7.400000095367432,1120800
2025-03-14,7.96999979019165,7.96999979019165,7.980000019073486,7.539999961853027,7.75,889700
2025-03-17,8.510000228881836,8.510000228881836,8.619999885559082,7.96999979019165,8.020000457763672,1115000
2025-03-18,8.15999984741211,8.15999984741211,8.359999656677246,7.980000019073486,8.25,706900
2025-03-19,8.300000190734863,8.300000190734863,8.550000190734863,8.109999656677246,8.1899995803833,693000
2025-03-20,8.380000114440918,8.380000114440918,8.720000267028809,8.15999984741211,8.180000305175781,1732800
2025-03-21,11.050000190734863,11.050000190734863,11.109999656677246,8.539999961853027,8.539999961853027,7939700
2025-03-24,11.239999771118164,11.239999771118164,12.029999732971191,11.119999885559082,11.515000343322754,3248400
2025-03-25,11.229999542236328,11.229999542236328,11.25,10.539999961853027,10.920000076293945,1216400
2025-03-26,10.619999885559082,10.619999885559082,11.390000343322754,10.34000015258789,11.239999771118164,1114300
2025-03-27,9.979999542236328,9.979999542236328,10.850000381469727,9.800000190734863,10.779999732971191,1363200
2025-03-28,9.539999961853027,9.539999961853027,9.880000114440918,9.3100004196167,9.71500015258789,1253200
2025-03-31,8.979999542236328,8.979999542236328,9.199999809265137,8.75,9.069999694824219,1015500
2025-04-01,8.739999771118164,8.739999771118164,9.020000457763672,8.460000038146973,8.989999771118164,868500
2025-04-02,8.920000076293945,8.920000076293945,9.079999923706055,8.449999809265137,8.505000114440918,700200
2025-04-03,8.09000015258789,8.09000015258789,8.470000267028809,7.980000019073486,8.329999923706055,1144500
2025-04-04,7.199999809265137,7.199999809265137,7.860000133514404,6.829999923706055,7.769999980926514,1883200
2025-04-07,7.429999828338623,7.429999828338623,8.039999961853027,6.610000133514404,6.71999979019165,1779800
2025-04-08,6.610000133514404,6.610000133514404,7.820000171661377,6.449999809265137,7.820000171661377,1801800
2025-04-09,7.409999847412109,7.409999847412109,7.570000171661377,6.340000152587891,6.480000019073486,1724800
2025-04-10,7.099999904632568,7.099999904632568,7.300000190734863,6.855000019073486,7.139999866485596,1011600
2025-04-11,7.050000190734863,7.050000190734863,7.190000057220459,6.800000190734863,7.110000133514404,855300
2025-04-14,7.059999942779541,7.059999942779541,7.360000133514404,6.84499979019165,7.289999961853027,946800
2025-04-15,6.989999771118164,6.989999771118164,7.170000076293945,6.880000114440918,7.099999904632568,571600
2025-04-16,6.909999847412109,6.909999847412109,6.929999828338623,6.684999942779541,6.800000190734863,627900
2025-04-17,6.989999771118164,6.989999771118164,7.110000133514404,6.789999961853027,6.909999847412109,637800
2025-04-21,6.739999771118164,6.739999771118164,6.880000114440918,6.579999923706055,6.849999904632568,656100
2025-04-22,6.920000076293945,6.920000076293945,7.103000164031982,6.809999942779541,6.880000114440918,935000
2025-04-23,7.059999942779541,7.059999942779541,7.599999904632568,7.050000190734863,7.309999942779541,1175000
2025-04-24,7.71999979019165,7.71999979019165,7.739999771118164,7.059999942779541,7.059999942779541,1137000
2025-04-25,7.980000019073486,7.980000019073486,8.109000205993652,7.623000144958496,7.71999979019165,875600
2025-04-28,7.739999771118164,7.739999771118164,8.380000114440918,7.559999942779541,8.0,1317800
2025-04-29,7.71999979019165,7.71999979019165,7.820000171661377,7.519999980926514,7.690000057220459,718100
2025-04-30,7.429999828338623,7.429999828338623,7.460000038146973,7.050000190734863,7.300000190734863,845900
2025-05-01,7.579999923706055,7.579999923706055,7.769999980926514,7.5,7.679999828338623,720700
2025-05-02,8.329999923706055,8.329999923706055,8.789999961853027,7.715000152587891,7.71999979019165,1548300
2025-05-05,7.96999979019165,7.96999979019165,8.239999771118164,7.89900016784668,8.140000343322754,790000
2025-05-06,8.010000228881836,8.010000228881836,8.149999618530273,7.650000095367432,7.75,739100
2025-05-07,8.260000228881836,8.260000228881836,8.430000305175781,8.079999923706055,8.119999885559082,1007000
2025-05-08,8.649999618530273,8.649999618530273,8.9399995803833,8.369999885559082,8.630000114440918,1648300
2025-05-09,10.619999885559082,10.619999885559082,11.229999542236328,9.220000267028809,9.399999618530273,4277500
2025-05-12,11.470000267028809,11.470000267028809,11.760000228881836,10.680000305175781,11.199999809265137,3042200
2025-05-13,11.40999984741211,11.40999984741211,11.489999771118164,10.5600004196167,11.079999923706055,2169300
2025-05-14,11.369999885559082,11.369999885559082,11.550000190734863,11.020000457763672,11.40999984741211,1062500
2025-05-15,11.239999771118164,11.239999771118164,11.390000343322754,10.880000114440918,11.149999618530273,899800
2025-05-16,11.079999923706055,11.079999923706055,11.46500015258789,10.84000015258789,11.239999771118164,1456800
2025-05-19,10.9399995803833,10.9399995803833,11.229999542236328,10.489999771118164,10.59000015258789,2271900
2025-05-20,10.279999732971191,10.279999732971191,10.779999732971191,10.210000038146973,10.779999732971191,1291900
2025-05-21,9.890000343322754,9.890000343322754,10.293000221252441,9.819999694824219,9.970000267028809,1069700
2025-05-22,10.420000076293945,10.420000076293945,10.550000190734863,9.770000457763672,9.899999618530273,1191400
2025-05-23,10.289999961853027,10.289999961853027,10.449999809265137,10.0600004196167,10.0600004196167,594100
2025-05-27,10.829999923706055,10.829999923706055,10.949999809265137,10.359999656677246,10.600000381469727,1238400
2025-05-28,11.9399995803833,11.9399995803833,12.050000190734863,10.604999542236328,10.819999694824219,3410900
2025-05-29,11.779999732971191,11.779999732971191,12.630000114440918,11.579999923706055,12.430000305175781,1982700
2025-05-30,12.229999542236328,12.229999542236328,12.649999618530273,11.4399995803833,11.699999809265137,4006600
2025-06-02,12.789999961853027,12.789999961853027,12.789999961853027,11.869000434875488,12.1899995803833,2491300
2025-06-03,13.380000114440918,13.380000114440918,13.420000076293945,12.531000137329102,12.960000038146973,1978700
2025-06-04,13.970000267028809,13.970000267028809,14.09000015258789,12.859999656677246,13.510000228881836,2509600
2025-06-05,13.760000228881836,13.760000228881836,14.550000190734863,13.449999809265137,14.0,2528000
2025-06-06,14.59000015258789,14.59000015258789,15.163000106811523,13.90999984741211,14.149999618530273,2628700
2025-06-09,15.1850004196167,15.1850004196167,15.73799991607666,14.880000114440918,15.149999618530273,2864400
2025-06-10,16.030000686645508,16.030000686645508,17.18000030517578,15.0,15.1899995803833,4544100
2025-06-11,20.360000610351562,20.360000610351562,20.899999618530273,17.75,18.219999313354492,17407500
2025-06-12,19.479999542236328,19.479999542236328,19.860000610351562,18.100000381469727,19.469999313354492,5623600
2025-06-13,18.06999969482422,18.06999969482422,19.148000717163086,17.600000381469727,18.84000015258789,3886900
2025-06-16,19.90999984741211,19.90999984741211,20.3700008392334,17.829999923706055,18.280000686645508,4417200
2025-06-17,18.989999771118164,18.989999771118164,20.06999969482422,18.59000015258789,19.739999771118164,2756300
2025-06-18,20.34000015258789,20.34000015258789,20.525999069213867,18.899999618530273,19.079999923706055,4108000
2025-06-20,21.530000686645508,21.530000686645508,22.399999618530273,20.510000228881836,21.979999542236328,7162400
2025-06-23,23.700000762939453,23.700000762939453,24.739999771118164,20.850000381469727,21.34000015258789,7139100
2025-06-24,23.979999542236328,23.979999542236328,24.989999771118164,23.333999633789062,24.0,4131300
2025-06-25,23.530000686645508,23.530000686645508,24.149999618530273,22.709999084472656,24.040000915527344,3604000
2025-06-26,25.6200008392334,25.6200008392334,25.8799991607666,23.75,23.899999618530273,3146600
2025-06-27,24.100000381469727,24.100000381469727,26.069000244140625,23.149999618530273,26.040000915527344,6077900
2025-06-30,24.25,24.25,25.159000396728516,24.049999237060547,24.309999465942383,3551900
2025-07-01,21.639999389648438,21.639999389648438,23.899999618530273,21.270000457763672,23.899999618530273,4491400
2025-07-02,21.399999618530273,21.399999618530273,21.739999771118164,20.31999969482422,21.540000915527344,3753700
2025-07-03,22.729999542236328,22.729999542236328,22.790000915527344,21.34000015258789,21.649999618530273,1820100
2025-07-07,22.420000076293945,22.420000076293945,22.469999313354492,21.030000686645508,22.170000076293945,2457000
2025-07-08,23.149999618530273,23.149999618530273,23.950000762939453,22.219999313354492,22.799999237060547,2543700
2025-07-09,24.6299991607666,24.6299991607666,24.889999389648438,23.239999771118164,23.40999984741211,3075000
2025-07-10,24.459999084472656,24.459999084472656,25.240999221801758,23.850000381469727,24.190000534057617,2550600
2025-07-11,23.34000015258789,23.34000015258789,24.884000778198242,23.10099983215332,23.93000030517578,2452200
2025-07-14,24.719999313354492,24.719999313354492,25.0,22.75,23.100000381469727,2408100
2025-07-15,28.299999237060547,28.299999237060547,28.440000534057617,25.190000534057617,25.190000534057617,6108700
2025-07-16,29.030000686645508,29.030000686645508,29.075000762939453,27.739999771118164,28.299999237060547,3474800
2025-07-17,28.639999389648438,28.639999389648438,31.059999465942383,28.450000762939453,29.389999389648438,4514900
2025-07-18,30.649999618530273,30.649999618530273,31.309999465942383,28.139999389648438,28.639999389648438,3203300
2025-07-21,29.31999969482422,29.31999969482422,31.770000457763672,29.170000076293945,31.31999969482422,2624800
2025-07-22,27.3799991607666,27.3799991607666,28.670000076293945,25.049999237060547,28.670000076293945,4368100
2025-07-23,26.649999618530273,26.649999618530273,27.979999542236328,25.8700008392334,27.729999542236328,2599800
2025-07-24,28.299999237060547,28.299999237060547,28.725000381469727,26.575000762939453,26.68000030517578,2114800
2025-07-25,26.31999969482422,26.31999969482422,28.059999465942383,26.170000076293945,28.059999465942383,1822900
2025-07-28,25.93000030517578,25.93000030517578,27.0,25.399999618530273,26.780000686645508,1697100
2025-07-29,23.21500015258789,23.21500015258789,26.38599967956543,22.834999084472656,26.31999969482422,2961600
2025-07-30,22.489999771118164,22.489999771118164,23.479999542236328,22.06999969482422,23.299999237060547,2184700
2025-07-31,23.3799991607666,23.3799991607666,24.069000244140625,23.010000228881836,23.149999618530273,2324600
2025-08-01,21.979999542236328,21.979999542236328,22.860000610351562,21.309999465942383,22.399999618530273,2274300
2025-08-04,23.889999389648438,23.889999389648438,24.079999923706055,22.510000228881836,22.559999465942383,2018600
2025-08-05,24.040000915527344,24.040000915527344,25.09000015258789,23.400999069213867,24.229999542236328,2088000
2025-08-06,22.969999313354492,22.969999313354492,24.290000915527344,22.538000106811523,24.149999618530273,1359400
2025-08-07,23.100000381469727,23.100000381469727,23.729999542236328,22.489999771118164,23.450000762939453,2863300
2025-08-08,25.799999237060547,25.799999237060547,32.95000076293945,25.510000228881836,29.440000534057617,7390900
2025-08-11,27.8799991607666,27.8799991607666,30.75,26.360000610351562,26.75,4831800
2025-08-12,28.700000762939453,28.700000762939453,28.850000381469727,27.309999465942383,27.8700008392334,1913600
2025-08-13,33.11000061035156,33.11000061035156,33.48500061035156,29.774999618530273,29.774999618530273,4806300
2025-08-14,35.04999923706055,35.04999923706055,35.630001068115234,31.450000762939453,31.489999771118164,4486700
2025-08-15,34.720001220703125,34.720001220703125,35.869998931884766,33.53200149536133,34.90999984741211,2734100
2025-08-18,31.639999389648438,31.639999389648438,36.25,31.229999542236328,34.720001220703125,3590400
2025-08-19,29.899999618530273,29.899999618530273,32.474998474121094,29.329999923706055,32.029998779296875,2472300
2025-08-20,29.559999465942383,29.559999465942383,29.860000610351562,27.780000686645508,29.3799991607666,2004400
2025-08-21,29.719999313354492,29.719999313354492,30.079999923706055,29.010000228881836,29.700000762939453,1411300
2025-08-22,30.649999618530273,30.649999618530273,30.93000030517578,28.5,29.719999313354492,2827400
2025-08-25,29.989999771118164,29.989999771118164,31.200000762939453,29.200000762939453,30.704999923706055,1484100
2025-08-26,30.899999618530273,30.899999618530273,31.618000030517578,29.81999969482422,29.889999389648438,2872600
2025-08-27,30.280000686645508,30.280000686645508,31.048999786376953,29.93000030517578,30.649999618530273,1612100
2025-08-28,30.860000610351562,30.860000610351562,32.599998474121094,30.1200008392334,30.600000381469727,2493100
2025-08-29,28.530000686645508,28.530000686645508,30.780000686645508,27.40999984741211,30.459999084472656,2965900
2025-09-02,27.950000762939453,27.950000762939453,28.3799991607666,26.530000686645508,27.34000015258789,2370900
2025-09-03,27.424999237060547,27.424999237060547,28.530000686645508,27.18000030517578,28.43000030517578,1153400
2025-09-04,28.34000015258789,28.34000015258789,28.350000381469727,26.709999084472656,27.290000915527344,1679000
2025-09-05,27.469999313354492,27.469999313354492,29.299999237060547,26.75,29.040000915527344,1773900
2025-09-08,28.299999237060547,28.299999237060547,29.3700008392334,27.829999923706055,27.979999542236328,2004700
2025-09-09,28.510000228881836,28.510000228881836,28.600000381469727,27.68000030517578,28.010000228881836,1410900
2025-09-10,28.290000915527344,28.290000915527344,30.045000076293945,27.959999084472656,30.045000076293945,2433200
2025-09-11,30.729999542236328,30.729999542236328,31.100000381469727,28.25,28.290000915527344,3177400
2025-09-12,28.950000762939453,28.950000762939453,30.274999618530273,27.454999923706055,30.059999465942383,4221900
2025-09-15,28.96500015258789,28.96500015258789,30.756000518798828,28.665000915527344,29.190000534057617,3215200
2025-09-16,29.75,29.75,29.940000534057617,28.070999145507812,28.959999084472656,2970000
2025-09-17,30.610000610351562,30.610000610351562,31.239999771118164,28.239999771118164,29.010000228881836,3846200
2025-09-18,34.720001220703125,34.720001220703125,34.900001525878906,30.475000381469727,31.309999465942383,6418700
2025-09-19,34.65999984741211,34.65999984741211,35.79999923706055,34.119998931884766,34.970001220703125,4192600
2025-09-22,35.02000045776367,35.02000045776367,35.439998626708984,31.25,33.52000045776367,3437600
2025-09-23,33.08000183105469,33.08000183105469,35.5,32.0099983215332,35.5,2920600
2025-09-24,29.59000015258789,29.59000015258789,32.849998474121094,29.5,32.79999923706055,3266100
2025-09-25,28.670000076293945,28.670000076293945,29.549999237060547,27.549999237060547,28.25,2676600
2025-09-26,27.829999923706055,27.829999923706055,28.75,27.354999542236328,28.700000762939453,2045900
2025-09-29,27.6200008392334,27.6200008392334,28.950000762939453,27.18000030517578,28.549999237060547,2024000
2025-09-30,27.049999237060547,27.049999237060547,27.790000915527344,26.290000915527344,27.760000228881836,2029400
2025-10-01,27.40999984741211,27.40999984741211,28.0,26.600000381469727,26.8700008392334,1674400
2025-10-02,28.399999618530273,28.399999618530273,29.170000076293945,27.43000030517578,27.84000015258789,2462600
2025-10-03,29.860000610351562,29.860000610351562,30.610000610351562,28.510000228881836,28.850000381469727,3024100
2025-10-06,32.43000030517578,32.43000030517578,32.900001525878906,30.040000915527344,30.809999465942383,2690400
2025-10-07,32.689998626708984,32.689998626708984,33.630001068115234,30.40999984741211,33.0,3029700
2025-10-08,30.649999618530273,30.649999618530273,34.27000045776367,30.600000381469727,33.279998779296875,2519800
2025-10-09,30.850000381469727,30.850000381469727,32.529998779296875,30.420000076293945,30.700000762939453,2508500
2025-10-10,27.860000610351562,27.860000610351562,31.739999771118164,27.530000686645508,30.6299991607666,2695800
2025-10-13,31.06999969482422,31.06999969482422,31.18000030517578,28.850000381469727,29.709999084472656,2058600
2025-10-14,36.15999984741211,36.15999984741211,36.77000045776367,28.867000579833984,29.889999389648438,4669100
2025-10-15,36.83000183105469,36.83000183105469,41.650001525878906,35.77000045776367,37.9900016784668,4407700
2025-10-16,31.520000457763672,31.520000457763672,38.2869987487793,31.290000915527344,37.279998779296875,3425400
2025-10-17,29.579999923706055,29.579999923706055,31.389999389648438,28.920000076293945,31.389999389648438,3339000
2025-10-20,30.540000915527344,30.540000915527344,30.799999237060547,29.299999237060547,30.5,2077100
2025-10-21,31.559999465942383,31.559999465942383,32.97999954223633,29.655000686645508,30.170000076293945,2826300
2025-10-22,29.360000610351562,29.360000610351562,31.243999481201172,27.850000381469727,30.670000076293945,3030200
2025-10-23,32.9900016784668,32.9900016784668,33.47999954223633,29.95199966430664,30.149999618530273,3252900
2025-10-24,35.79999923706055,35.79999923706055,36.2400016784668,33.650001525878906,34.0,3302200
2025-10-27,37.08000183105469,37.08000183105469,40.060001373291016,36.20000076293945,37.939998626708984,3142300
2025-10-28,33.099998474121094,33.099998474121094,37.20000076293945,32.64500045776367,36.849998474121094,2556000
2025-10-29,34.650001525878906,34.650001525878906,35.70000076293945,33.5,33.90999984741211,2383400
2025-10-30,32.33000183105469,32.33000183105469,34.18000030517578,32.209999084472656,33.2400016784668,1824400
2025-10-31,33.36000061035156,33.36000061035156,34.130001068115234,32.18000030517578,33.18000030517578,2159100
2025-11-03,31.719999313354492,31.719999313354492,33.70000076293945,30.610000610351562,33.36000061035156,2394500
2025-11-04,27.68000030517578,27.68000030517578,30.708999633789062,27.450000762939453,30.200000762939453,4319000
2025-11-05,25.8700008392334,25.8700008392334,31.639999389648438,25.770000457763672,31.0,6244100
2025-11-06,24.1299991607666,24.1299991607666,26.290000915527344,23.850000381469727,26.25,4124800
2025-11-07,25.709999084472656,25.709999084472656,25.790000915527344,23.350000381469727,24.1299991607666,3387000
2025-11-10,25.670000076293945,25.670000076293945,27.270000457763672,24.716999053955078,27.049999237060547,2778500
2025-11-11,24.809999465942383,24.809999465942383,25.40999984741211,23.940000534057617,25.3799991607666,2118800
2025-11-12,24.40999984741211,24.40999984741211,25.899999618530273,23.940000534057617,25.0,2530900
2025-11-13,22.5,22.5,24.149999618530273,22.040000915527344,23.889999389648438,3735800
2025-11-14,22.049999237060547,22.049999237060547,23.030000686645508,21.200000762939453,21.549999237060547,2006400
2025-11-17,20.920000076293945,20.920000076293945,22.079999923706055,20.510000228881836,21.920000076293945,1853500
2025-11-18,20.979999542236328,20.979999542236328,21.729999542236328,20.059999465942383,20.489999771118164,2789800
2025-11-19,20.950000762939453,20.950000762939453,22.239999771118164,20.290000915527344,21.020000457763672,1812700
2025-11-20,19.719999313354492,19.719999313354492,22.489999771118164,19.670000076293945,22.375,2753400
2025-11-21,19.93000030517578,19.93000030517578,20.40999984741211,18.520000457763672,19.850000381469727,3086500
2025-11-24,21.3700008392334,21.3700008392334,21.43000030517578,20.139999389648438,20.40999984741211,1958900
2025-11-25,21.780000686645508,21.780000686645508,21.790000915527344,20.290000915527344,21.049999237060547,1409300
2025-11-26,22.3799991607666,22.3799991607666,22.639999389648438,21.639999389648438,22.0,1361200
2025-11-28,22.959999084472656,22.959999084472656,23.719999313354492,22.399999618530273,22.719999313354492,1411000
2025-12-01,21.760000228881836,21.760000228881836,22.540000915527344,21.68000030517578,22.174999237060547,1206400
2025-12-02,22.030000686645508,22.030000686645508,23.229999542236328,22.0,22.899999618530273,1373200
2025-12-03,23.8700008392334,23.8700008392334,23.950000762939453,22.06999969482422,22.510000228881836,1883200
2025-12-04,25.989999771118164,25.989999771118164,26.260000228881836,23.889999389648438,23.959999084472656,2255700
2025-12-05,24.780000686645508,24.780000686645508,26.299999237060547,24.780000686645508,26.09000015258789,1637200
2025-12-08,25.510000228881836,25.510000228881836,26.200000762939453,24.829999923706055,25.420000076293945,1560100
2025-12-09,25.309999465942383,25.309999465942383,25.746999740600586,24.450000762939453,25.0,1150500
2025-12-10,25.719999313354492,25.719999313354492,25.989999771118164,24.530000686645508,25.014999389648438,1387700
2025-12-11,26.389999389648438,26.389999389648438,26.59000015258789,24.399999618530273,25.110000610351562,1787900
2025-12-12,24.260000228881836,24.260000228881836,26.075000762939453,24.020000457763672,25.760000228881836,2506500
2025-12-15,22.09000015258789,22.09000015258789,24.5939998626709,21.854999542236328,24.43000030517578,1970300
2025-12-16,22.5,22.5,22.899999618530273,21.770000457763672,21.829999923706055,1268400
2025-12-17,20.790000915527344,20.790000915527344,22.950000762939453,20.739999771118164,22.5,1729000
2025-12-18,21.399999618530273,21.399999618530273,22.05900001525879,20.799999237060547,21.6200008392334,1492600
2025-12-19,22.229999542236328,22.229999542236328,22.649999618530273,21.469999313354492,21.469999313354492,2192400
2025-12-22,22.920000076293945,22.920000076293945,23.610000610351562,22.549999237060547,22.75,1259700
2025-12-23,22.649999618530273,22.649999618530273,22.950000762939453,21.920000076293945,22.530000686645508,1289500
2025-12-24,22.360000610351562,22.360000610351562,22.850000381469727,22.1299991607666,22.770000457763672,502100
2025-12-26,21.969999313354492,21.969999313354492,22.31999969482422,21.5,22.31999969482422,1008900
2025-12-29,21.3799991607666,21.3799991607666,22.21500015258789,21.04199981689453,21.479999542236328,1656300
2025-12-30,21.489999771118164,21.489999771118164,22.049999237060547,21.25,21.389999389648438,1358200
2025-12-31,21.639999389648438,21.639999389648438,22.790000915527344,21.25,21.299999237060547,2094800
2026-01-02,23.3700008392334,23.3700008392334,23.510000228881836,22.1299991607666,22.290000915527344,1656600
2026-01-05,24.799999237060547,24.799999237060547,25.350000381469727,23.549999237060547,24.200000762939453,1626600
2026-01-06,25.700000762939453,25.700000762939453,25.81999969482422,24.399999618530273,25.15999984741211,1247700
2026-01-07,25.700000762939453,25.700000762939453,25.75,24.25,24.940000534057617,1745000
2026-01-08,27.68000030517578,27.68000030517578,28.31999969482422,25.5,25.950000762939453,3793900
2026-01-09,27.8700008392334,27.8700008392334,30.200000762939453,27.690000534057617,28.350000381469727,3581000
2026-01-12,27.31999969482422,27.31999969482422,27.950000762939453,25.709999084472656,27.40999984741211,2151400
2026-01-13,27.110000610351562,27.110000610351562,28.280000686645508,27.100000381469727,27.940000534057617,1627500
2026-01-14,27.75,27.75,27.799999237060547,26.200000762939453,26.850000381469727,1285600
2026-01-15,27.399999618530273,27.399999618530273,28.56999969482422,26.600000381469727,28.149999618530273,1559700
2026-01-16,26.360000610351562,26.360000610351562,27.75,26.25,27.239999771118164,1481400
2026-01-20,24.5,24.5,26.010000228881836,24.010000228881836,24.649999618530273,2332200
2026-01-21,25.290000915527344,25.290000915527344,25.850000381469727,23.530000686645508,25.190000534057617,2394500
2026-01-22,27.239999771118164,27.239999771118164,28.079999923706055,26.200000762939453,26.299999237060547,2491200
2026-01-23,24.84000015258789,24.84000015258789,27.274999618530273,24.639999389648438,27.274999618530273,1993500
2026-01-26,24.170000076293945,24.170000076293945,24.84000015258789,23.760000228881836,24.700000762939453,1568500
2026-01-27,24.40999984741211,24.40999984741211,24.690000534057617,23.950000762939453,24.350000381469727,1042100
2026-01-28,23.8799991607666,23.8799991607666,25.34000015258789,23.530000686645508,24.719999313354492,1352000
2026-01-29,23.479999542236328,23.479999542236328,23.83099937438965,22.700000762939453,23.75,1488300
2026-01-30,20.829999923706055,20.829999923706055,23.75,20.489999771118164,23.0,2903800
2026-02-02,20.329999923706055,20.329999923706055,20.850000381469727,20.030000686645508,20.510000228881836,1439700
2026-02-03,20.270000457763672,20.270000457763672,21.0,19.319000244140625,20.899999618530273,1655000
2026-02-04,19.18000030517578,19.18000030517578,20.209999084472656,18.229999542236328,20.15999984741211,2036800
2026-02-05,17.299999237060547,17.299999237060547,18.799999237060547,17.280000686645508,18.420000076293945,2225500
2026-02-06,19.420000076293945,19.420000076293945,19.520000457763672,17.961000442504883,18.299999237060547,1917200
2026-02-09,21.059999465942383,21.059999465942383,21.530000686645508,19.399999618530273,19.5,2264800
2026-02-10,20.059999465942383,20.059999465942383,22.0,20.020000457763672,21.260000228881836,1896100
2026-02-11,18.889999389648438,18.889999389648438,20.48699951171875,18.549999237060547,20.280000686645508,2034100
2026-02-12,18.170000076293945,18.170000076293945,19.40999984741211,17.40999984741211,19.239999771118164,2302300
2026-02-13,18.770000457763672,18.770000457763672,18.989999771118164,17.700000762939453,18.110000610351562,1060200
2026-02-17,18.600000381469727,18.600000381469727,18.979999542236328,17.649999618530273,18.184999465942383,854600
2026-02-18,18.59000015258789,18.59000015258789,19.06999969482422,18.229999542236328,18.739999771118164,930500
2026-02-19,19.079999923706055,19.079999923706055,19.155000686645508,18.0,18.209999084472656,896700
2026-02-20,18.6200008392334,18.6200008392334,20.0,18.520000457763672,18.700000762939453,1095800
2026-02-23,18.059999465942383,18.059999465942383,18.440000534057617,17.600000381469727,18.1299991607666,1106800
2026-02-24,18.649999618530273,18.649999618530273,18.940000534057617,17.850000381469727,18.059999465942383,813400
2026-02-25,19.799999237060547,19.799999237060547,20.049999237060547,18.874000549316406,19.020000457763672,1297100
2026-02-26,19.6299991607666,19.6299991607666,20.200000762939453,18.420000076293945,19.934999465942383,1607300
2026-02-27,18.950000762939453,18.950000762939453,19.34000015258789,18.40999984741211,18.950000762939453,1291700
2026-03-02,20.25,20.25,20.510000228881836,17.860000610351562,17.90999984741211,3680100
2026-03-03,21.719999313354492,21.719999313354492,23.649999618530273,20.530000686645508,22.959999084472656,5444900
2026-03-04,22.3799991607666,22.3799991607666,23.760000228881836,21.760000228881836,22.809999465942383,2695400
2026-03-05,21.18000030517578,21.18000030517578,22.43000030517578,20.1299991607666,22.030000686645508,3132200
2026-03-06,20.270000457763672,20.270000457763672,21.65999984741211,20.06999969482422,20.165000915527344,2125200
2026-03-09,20.549999237060547,20.549999237060547,20.790000915527344,19.441999435424805,19.799999237060547,1749900
2026-03-10,22.3700008392334,22.3700008392334,23.200000762939453,20.940000534057617,20.940000534057617,2804100
2026-03-11,24.75,24.75,25.06999969482422,22.1299991607666,22.399999618530273,3740000
2026-03-12,22.559999465942383,22.559999465942383,24.239999771118164,22.489999771118164,24.190000534057617,2255000
2026-03-13,21.469999313354492,21.469999313354492,23.299999237060547,21.424999237060547,22.950000762939453,2515600
2026-03-16,21.299999237060547,21.299999237060547,22.299999237060547,20.979999542236328,21.959999084472656,1444100
2026-03-17,21.389999389648438,21.389999389648438,22.399999618530273,21.170000076293945,21.399999618530273,1580900
2026-03-18,20.739999771118164,20.739999771118164,21.479999542236328,20.270000457763672,21.360000610351562,2039800
2026-03-19,21.059999465942383,21.059999465942383,21.40999984741211,19.579999923706055,20.0,1337800
2026-03-20,20.049999237060547,20.049999237060547,21.195999145507812,19.75,21.110000610351562,1990600
2026-03-23,21.18000030517578,21.18000030517578,21.450000762939453,20.15999984741211,20.350000381469727,1638600
2026-03-24,20.56999969482422,20.56999969482422,21.34000015258789,20.149999618530273,20.729999542236328,1406300
2026-03-25,20.219999313354492,20.219999313354492,21.360000610351562,20.1200008392334,21.125,1463300
2026-03-26,19.309999465942383,19.309999465942383,19.979999542236328,19.1200008392334,19.6299991607666,1728400
2026-03-27,17.65999984741211,17.65999984741211,19.1200008392334,17.5,19.0,2603500
2026-03-30,16.6299991607666,16.6299991607666,18.149999618530273,16.399999618530273,17.770000457763672,2637700
2026-03-31,18.3700008392334,18.3700008392334,18.399999618530273,16.961999893188477,17.059999465942383,1650500
2026-04-01,18.6200008392334,18.6200008392334,19.424999237060547,18.601999282836914,18.889999389648438,1524800
2026-04-02,19.489999771118164,19.489999771118164,19.739999771118164,17.55500030517578,17.61400032043457,1353700
2026-04-06,19.309999465942383,19.309999465942383,20.520000457763672,19.084999084472656,19.739999771118164,931500
2026-04-07,19.329999923706055,19.329999923706055,19.360000610351562,18.459999084472656,18.920000076293945,982100
2026-04-08,20.260000228881836,20.260000228881836,21.889999389648438,19.81999969482422,21.549999237060547,1468700
2026-04-09,20.030000686645508,20.030000686645508,20.739999771118164,19.75,20.09000015258789,1224500
2026-04-10,20.690000534057617,20.690000534057617,21.139999389648438,20.299999237060547,20.34000015258789,1248400
2026-04-13,21.8799991607666,21.8799991607666,21.93000030517578,20.059999465942383,20.25,1560100
2026-04-14,23.420000076293945,23.420000076293945,23.479999542236328,22.219999313354492,22.75,1604300
2026-04-15,24.440000534057617,24.440000534057617,24.55500030517578,23.450000762939453,23.71500015258789,1729500
2026-04-16,24.170000076293945,24.170000076293945,24.920000076293945,23.450000762939453,24.700000762939453,1536900
2026-04-17,24.260000228881836,24.260000228881836,25.489999771118164,23.950000762939453,24.729999542236328,1648700
2026-04-20,27.139999389648438,27.139999389648438,27.270000457763672,24.59000015258789,24.8700008392334,3446000
2026-04-21,27.610000610351562,27.610000610351562,29.8799991607666,27.299999237060547,27.729999542236328,3969400
2026-04-22,27.760000228881836,27.760000228881836,30.0,27.059999465942383,28.68000030517578,2513300
2026-04-23,26.40999984741211,26.40999984741211,27.700000762939453,25.56999969482422,27.600000381469727,2588300
2026-04-24,28.219999313354492,28.219999313354492,29.450000762939453,27.149999618530273,27.469999313354492,2954500
2026-04-27,26.920000076293945,26.920000076293945,29.0,26.65999984741211,28.950000762939453,2149500
2026-04-28,26.1299991607666,26.1299991607666,26.56999969482422,24.8799991607666,25.920000076293945,2187200
2026-04-29,25.540000915527344,25.540000915527344,26.25,25.010000228881836,26.1299991607666,1605500
2026-04-30,26.959999084472656,26.959999084472656,27.43000030517578,25.386999130249023,25.690000534057617,1575100
2026-05-01,26.450000762939453,26.450000762939453,27.075000762939453,25.899999618530273,26.979999542236328,1167600
2026-05-04,28.149999618530273,28.149999618530273,30.399999618530273,26.649999618530273,29.920000076293945,5913700
2026-05-05,28.600000381469727,28.600000381469727,30.489999771118164,28.299999237060547,29.78499984741211,6078300
2026-05-06,29.395000457763672,29.395000457763672,29.670000076293945,25.329999923706055,26.5,6049500
2026-05-07,24.510000228881836,24.510000228881836,28.34000015258789,24.239999771118164,28.200000762939453,5312500
2026-05-08,25.200000762939453,25.200000762939453,25.68600082397461,24.299999237060547,25.600000381469727,3848700
2026-05-11,26.799999237060547,26.799999237060547,28.889999389648438,23.600000381469727,24.510000228881836,5618300
2026-05-12,27.100000381469727,27.100000381469727,28.551000595092773,24.760000228881836,26.5,4864700
2026-05-13,34.16999816894531,34.16999816894531,34.900001525878906,27.799999237060547,28.764999389648438,14689800
2026-05-14,34.86000061035156,34.86000061035156,35.5,32.77299880981445,33.0,6545400
2026-05-15,34.86000061035156,34.86000061035156,36.04999923706055,31.059999465942383,33.380001068115234,6918900
2026-05-18,30.739999771118164,30.739999771118164,34.189998626708984,28.760000228881836,34.189998626708984,9199600
2026-05-19,29.719999313354492,29.719999313354492,30.6299991607666,27.549999237060547,30.0,5220700
2026-05-20,30.8700008392334,30.8700008392334,31.6299991607666,29.31999969482422,30.520000457763672,4512300
2026-05-21,35.09000015258789,35.09000015258789,35.349998474121094,30.780000686645508,31.59000015258789,4896200
2026-05-22,37.029998779296875,37.029998779296875,37.9900016784668,35.2599983215332,35.2599983215332,5490000
2026-05-26,42.70000076293945,42.70000076293945,45.42300033569336,38.400001525878906,40.15999984741211,8636100
2026-05-27,44.22999954223633,44.22999954223633,45.95000076293945,41.209999084472656,43.58000183105469,5693100
2026-05-28,42.33000183105469,42.33000183105469,43.43000030517578,40.599998474121094,43.34000015258789,4873300
2026-05-29,46.04999923706055,46.04999923706055,47.31999969482422,42.2599983215332,44.66999816894531,6681800
2026-06-01,44.93000030517578,44.93000030517578,46.29999923706055,43.7599983215332,44.9900016784668,3726700
2026-06-02,46.029998779296875,46.029998779296875,49.38999938964844,43.77000045776367,45.40999984741211,3886700
2026-06-03,43.959999084472656,43.959999084472656,46.06999969482422,42.5099983215332,45.96500015258789,3192300
2026-06-04,47.09000015258789,47.09000015258789,48.83000183105469,40.439998626708984,41.4900016784668,5267000
2026-06-05,39.68000030517578,39.68000030517578,45.0,38.400001525878906,44.93000030517578,5584800
2026-06-08,40.880001068115234,40.880001068115234,43.06700134277344,38.53099822998047,41.04999923706055,3388000
2026-06-09,38.52000045776367,38.52000045776367,43.209999084472656,35.29999923706055,42.040000915527344,5403400
2026-06-10,38.38999938964844,38.38999938964844,41.10499954223633,37.209999084472656,37.75,3614500
2026-06-11,39.61000061035156,39.61000061035156,39.685001373291016,36.400001525878906,38.59000015258789,3501500
2026-06-12,39.79999923706055,39.79999923706055,41.499000549316406,36.4900016784668,38.90999984741211,4646900
2026-06-15,45.18000030517578,45.18000030517578,48.380001068115234,44.0,44.099998474121094,4633800
2026-06-16,42.72999954223633,42.72999954223633,47.459999084472656,42.619998931884766,45.0,2635800
2026-06-17,40.720001220703125,40.720001220703125,44.79999923706055,40.29999923706055,44.40999984741211,4208500
2026-06-18,46.56999969482422,46.56999969482422,46.83000183105469,39.29999923706055,42.34000015258789,8412400
2026-06-22,47.68000030517578,47.68000030517578,51.5,45.29999923706055,47.0099983215332,6142500
2026-06-23,45.15999984741211,45.15999984741211,50.5,42.290000915527344,43.13999938964844,4224500
2026-06-24,40.709999084472656,40.709999084472656,45.099998474121094,39.0,45.02000045776367,5259200
2026-06-25,41.81999969482422,41.81999969482422,43.59000015258789,39.13999938964844,43.220001220703125,3882700
2026-06-26,42.02000045776367,42.02000045776367,42.349998474121094,39.31999969482422,40.0,5299200
2026-06-29,54.06999969482422,54.06999969482422,54.4900016784668,43.45000076293945,43.869998931884766,10082700
2026-06-30,62.52000045776367,62.52000045776367,63.790000915527344,53.68000030517578,53.70000076293945,7481900
2026-07-01,60.02000045776367,60.02000045776367,63.599998474121094,57.43000030517578,59.845001220703125,5337700
2026-07-02,49.84000015258789,49.84000015258789,59.0,48.93000030517578,58.47999954223633,9104100
2026-07-06,49.83000183105469,49.83000183105469,55.33000183105469,49.2599983215332,51.29999923706055,6851200
2026-07-07,44.060001373291016,44.060001373291016,48.13999938964844,42.54999923706055,47.27000045776367,6036300
2026-07-08,43.40999984741211,43.40999984741211,44.79999923706055,40.599998474121094,42.7400016784668,5087700
2026-07-09,47.529998779296875,47.529998779296875,48.25,43.709999084472656,45.334999084472656,4472000
2026-07-10,43.279998779296875,43.279998779296875,47.849998474121094,43.099998474121094,47.56999969482422,3302300
2026-07-13,40.029998779296875,40.029998779296875,42.529998779296875,39.47999954223633,41.79999923706055,3370800
2026-07-14,41.970001220703125,41.970001220703125,43.290000915527344,40.70000076293945,41.4900016784668,2473800
2026-07-15,37.95000076293945,37.95000076293945,44.06999969482422,37.04999923706055,42.529998779296875,4833900
2026-07-16,35.13999938964844,35.13999938964844,37.5,34.61000061035156,36.81999969482422,5064800
2026-07-17,37.040000915527344,37.040000915527344,38.310001373291016,33.08000183105469,33.97999954223633,4564000
2026-07-20,34.77000045776367,34.77000045776367,38.5,34.619998931884766,37.040000915527344,3899300
2026-07-21,40.68000030517578,40.68000030517578,40.7599983215332,36.11000061035156,36.650001525878906,3782200
2026-07-22,38.86000061035156,38.86000061035156,41.104000091552734,38.5,39.45000076293945,2386100
2026-07-23,37.689998626708984,37.689998626708984,40.400001525878906,37.06999969482422,38.4900016784668,2241400
2026-07-24,34.040000915527344,34.040000915527344,37.5,33.70000076293945,37.209999084472656,3522900
2026-07-27,35.13999938964844,35.13999938964844,36.08599853515625,32.880001068115234,35.36000061035156,2501600
2026-07-28,33.90999984741211,33.90999984741211,34.33000183105469,30.82200050354004,33.08000183105469,3820300
2026-07-29,31.299999237060547,31.299999237060547,34.279998779296875,30.90999984741211,33.90999984741211,3059300
2026-07-30,35.529998779296875,35.529998779296875,35.650001525878906,32.970001220703125,33.93000030517578,2870100
2026-07-31,39.0099983215332,39.0099983215332,39.810001373291016,35.4109992980957,37.88999938964844,4015400
2026-08-03,42.47999954223633,42.47999954223633,42.5,36.900001525878906,37.2599983215332,2921700
2026-08-04,47.84000015258789,47.84000015258789,47.95000076293945,44.20000076293945,44.88999938964844,3663600
2026-08-05,45.119998931884766,45.119998931884766,47.75,45.03499984741211,46.47999954223633,2397600
2026-08-06,45.58000183105469,45.58000183105469,47.54999923706055,43.020999908447266,43.939998626708984,2764400
2026-08-07,43.400001525878906,43.400001525878906,49.5,42.79999923706055,45.84000015258789,3863500
2026-08-10,42.130001068115234,42.130001068115234,44.95000076293945,40.4900016784668,43.0,2586600
2026-08-11,45.130001068115234,45.130001068115234,47.150001525878906,43.5,43.900001525878906,3393200
2026-08-12,46.119998931884766,46.119998931884766,47.0,42.279998779296875,46.54999923706055,2764600
2026-08-13,45.130001068115234,45.130001068115234,48.25,45.0,46.04999923706055,2415400
2026-08-14,48.709999084472656,48.709999084472656,50.13999938964844,45.689998626708984,46.03499984741211,3984000
2026-08-17,48.130001068115234,48.130001068115234,51.8489990234375,47.58000183105469,49.0,3658000
2026-08-18,42.9900016784668,42.9900016784668,47.15999984741211,42.880001068115234,45.09000015258789,3521700
2026-08-19,40.060001373291016,40.060001373291016,43.61899948120117,39.43000030517578,43.0,3055900
2026-08-20,37.95000076293945,37.95000076293945,40.70000076293945,37.45000076293945,40.630001068115234,2592500
2026-08-21,38.41999816894531,38.41999816894531,39.84199905395508,38.0099983215332,39.5099983215332,2379200
2026-08-24,35.75,35.75,37.3650016784668,35.70000076293945,37.3650016784668,2550100
2026-08-25,36.22999954223633,36.22999954223633,37.4900016784668,35.650001525878906,37.18000030517578,2091000
2026-08-26,35.869998931884766,35.869998931884766,36.93000030517578,35.16999816894531,36.17499923706055,1624800
2026-08-27,36.540000915527344,36.540000915527344,38.099998474121094,35.979000091552734,37.63999938964844,1986700
2026-08-28,34.619998931884766,34.619998931884766,36.244998931884766,34.119998931884766,35.91999816894531,2266300
2026-08-31,34.439998626708984,34.439998626708984,34.77000045776367,33.770999908447266,34.209999084472656,1645100
2026-09-01,33.2599983215332,33.2599983215332,33.900001525878906,32.970001220703125,33.400001525878906,1906500
2026-09-02,34.83000183105469,34.83000183105469,34.84000015258789,33.07500076293945,33.099998474121094,1663100
2026-09-03,35.83000183105469,35.83000183105469,36.29999923706055,34.369998931884766,35.119998931884766,1897400
2026-09-04,36.43000030517578,36.43000030517578,36.59000015258789,35.275001525878906,35.7599983215332,1853400
2026-09-08,37.4900016784668,37.4900016784668,38.380001068115234,36.63100051879883,37.28499984741211,1980000
2026-09-09,36.2400016784668,36.2400016784668,38.03900146484375,36.12300109863281,36.79999923706055,1491800
2026-09-10,35.22999954223633,35.22999954223633,36.95000076293945,35.0,35.13999938964844,1430300
2026-09-11,35.33000183105469,35.33000183105469,36.400001525878906,35.130001068115234,35.560001373291016,1579800
2026-09-14,33.459999084472656,33.459999084472656,35.08000183105469,32.67300033569336,33.21500015258789,2521100
2026-09-15,32.790000915527344,32.790000915527344,33.790000915527344,32.2400016784668,33.400001525878906,2329900
2026-09-16,33.9900016784668,33.9900016784668,34.47999954223633,32.95000076293945,33.27000045776367,1817700
2026-09-17,34.95000076293945,34.95000076293945,36.06700134277344,34.88999938964844,35.470001220703125,1559000
2026-09-18,35.04999923706055,35.04999923706055,35.82500076293945,33.720001220703125,35.459999084472656,2465500
