Date,Adj Close,Close,High,Low,Open,Volume
2021-09-16,417.93890380859375,447.1700134277344,448.3599853515625,444.0199890136719,447.32000732421875,77786700
2021-09-17,413.8676452636719,441.3999938964844,445.3699951171875,441.0199890136719,444.9200134277344,118425000
2021-09-20,406.96673583984375,434.0400085449219,436.55999755859375,428.8599853515625,434.8800048828125,166445500
2021-09-21,406.5823669433594,433.6300048828125,437.9100036621094,433.07000732421875,436.5299987792969,92526100
2021-09-22,410.5484313964844,437.8599853515625,440.0299987792969,433.75,436.04998779296875,102350100
2021-09-23,415.5366516113281,443.17999267578125,444.8900146484375,439.6000061035156,439.8500061035156,76396000
2021-09-24,416.22113037109375,443.9100036621094,444.6700134277344,441.2099914550781,441.44000244140625,62094800
2021-09-27,415.0303039550781,442.6400146484375,444.04998779296875,441.8999938964844,442.80999755859375,61371100
2021-09-28,406.6667175292969,433.7200012207031,440.0400085449219,432.94000244140625,439.69000244140625,130436300
2021-09-29,407.3511962890625,434.45001220703125,437.0400085449219,433.8500061035156,435.19000244140625,82329200
2021-09-30,402.3724365234375,429.1400146484375,436.7699890136719,428.7799987792969,436.0199890136719,140506000
2021-10-01,407.154296875,434.239990234375,436.0299987792969,427.2300109863281,430.9800109863281,129240100
2021-10-04,401.9035339355469,428.6400146484375,433.9599914550781,426.3599853515625,433.0,128570000
2021-10-05,406.0853576660156,433.1000061035156,435.489990234375,429.3900146484375,430.239990234375,90682500
2021-10-06,407.77313232421875,434.8999938964844,435.1199951171875,427.5400085449219,429.2699890136719,113032200
2021-10-07,411.298583984375,438.6600036621094,441.67999267578125,438.20001220703125,438.3900146484375,72437500
2021-10-08,410.5484313964844,437.8599853515625,439.8900146484375,437.19000244140625,439.4800109863281,74557400
2021-10-11,407.5762023925781,434.69000244140625,440.260009765625,434.6199951171875,437.1600036621094,65233300
2021-10-12,406.57293701171875,433.6199951171875,436.1000061035156,432.7799987792969,435.6700134277344,71181200
2021-10-13,408.03558349609375,435.17999267578125,436.04998779296875,431.5400085449219,434.7099914550781,72974000
2021-10-14,414.89910888671875,442.5,442.6600036621094,438.5799865722656,439.0799865722656,70236800
2021-10-15,418.0588684082031,445.8699951171875,446.260009765625,444.0899963378906,444.75,66260200
2021-10-18,419.29644775390625,447.19000244140625,447.54998779296875,443.2699890136719,443.9700012207031,62213200
2021-10-19,422.5313415527344,450.6400146484375,450.7099914550781,448.2699890136719,448.9200134277344,46996800
2021-10-20,424.19091796875,452.4100036621094,452.7300109863281,451.010009765625,451.1300048828125,49571600
2021-10-21,425.2973327636719,453.5899963378906,453.8299865722656,451.30999755859375,451.7699890136719,41305400
2021-10-22,424.85662841796875,453.1199951171875,454.6700134277344,451.04998779296875,453.1300048828125,58845100
2021-10-25,427.1350402832031,455.54998779296875,455.8999938964844,452.3900146484375,454.2799987792969,45214500
2021-10-26,427.51947021484375,455.9599914550781,458.489990234375,455.55999755859375,457.20001220703125,56075100
2021-10-27,425.62548828125,453.94000244140625,457.1600036621094,453.8599853515625,456.45001220703125,72438000
2021-10-28,429.7322692871094,458.32000732421875,458.3999938964844,455.45001220703125,455.4599914550781,51437900
2021-10-29,430.6042785644531,459.25,459.55999755859375,455.55999755859375,455.8699951171875,70162400
2021-11-01,431.34490966796875,460.0400085449219,460.70001220703125,458.20001220703125,460.29998779296875,48433600
2021-11-02,433.0889892578125,461.8999938964844,462.2300109863281,460.0799865722656,460.2200012207031,48908400
2021-11-03,435.733154296875,464.7200012207031,465.1499938964844,460.8299865722656,461.29998779296875,52509800
2021-11-04,437.78643798828125,466.9100036621094,467.0,464.989990234375,465.3599853515625,52847100
2021-11-05,439.3054504394531,468.5299987792969,470.6499938964844,466.9200134277344,469.2799987792969,66390600
2021-11-08,439.68048095703125,468.92999267578125,470.2300109863281,468.20001220703125,469.70001220703125,50405200
2021-11-09,438.2271728515625,467.3800048828125,469.57000732421875,465.8800048828125,469.32000732421875,51149100
2021-11-10,434.7016906738281,463.6199951171875,467.3800048828125,462.0400085449219,465.5799865722656,69429700
2021-11-11,434.84228515625,463.7699890136719,465.2900085449219,463.75,465.2099914550781,34848500
2021-11-12,438.1240539550781,467.2699890136719,467.8599853515625,464.1099853515625,465.1199951171875,53466700
2021-11-15,438.2740478515625,467.42999267578125,468.80999755859375,466.2300109863281,468.6400146484375,46980500
2021-11-16,440.00872802734375,469.2799987792969,470.489990234375,467.07000732421875,467.1499938964844,48857500
2021-11-17,438.93975830078125,468.1400146484375,469.19000244140625,467.4800109863281,469.0,47858300
2021-11-18,440.4306335449219,469.7300109863281,470.010009765625,466.3399963378906,469.239990234375,50625600
2021-11-19,439.6429748535156,468.8900146484375,470.94000244140625,468.5,469.6099853515625,57315600
2021-11-22,438.4053649902344,467.57000732421875,473.5400085449219,467.3500061035156,470.8900146484375,72762000
2021-11-23,438.98663330078125,468.19000244140625,469.1000061035156,464.45001220703125,467.2200012207031,73206500
2021-11-24,440.1586608886719,469.44000244140625,469.57000732421875,465.19000244140625,466.05999755859375,61858800
2021-11-26,430.3417053222656,458.9700012207031,463.8999938964844,457.7699890136719,462.3399963378906,112669600
2021-11-29,435.62054443359375,464.6000061035156,466.55999755859375,461.7300109863281,464.07000732421875,86268800
2021-11-30,427.1444396972656,455.55999755859375,464.0299987792969,455.29998779296875,462.0,148559600
2021-12-01,422.4000549316406,450.5,464.6700134277344,450.2900085449219,461.6400146484375,131939200
2021-12-02,428.86962890625,457.3999938964844,459.07000732421875,450.30999755859375,450.7300109863281,127637800
2021-12-03,425.1379089355469,453.4200134277344,460.29998779296875,448.9200134277344,459.1700134277344,137331600
2021-12-06,430.17291259765625,458.7900085449219,460.7900085449219,453.55999755859375,456.1300048828125,98977500
2021-12-07,439.07098388671875,468.2799987792969,468.8800048828125,458.6499938964844,464.4100036621094,95484700
2021-12-08,440.2336120605469,469.5199890136719,470.0,466.8299865722656,468.70001220703125,72238800
2021-12-09,437.2615051269531,466.3500061035156,469.6300048828125,466.1400146484375,468.1499938964844,61272600
2021-12-10,441.37750244140625,470.739990234375,470.8999938964844,466.510009765625,469.2300109863281,77159800
2021-12-13,437.4676513671875,466.57000732421875,470.55999755859375,466.2699890136719,470.19000244140625,87724700
2021-12-14,434.4578857421875,463.3599853515625,465.739990234375,460.25,463.0899963378906,97264100
2021-12-15,441.2463073730469,470.6000061035156,470.8599853515625,460.739990234375,463.4200134277344,116899300
2021-12-16,437.355224609375,466.45001220703125,472.8699951171875,464.79998779296875,472.57000732421875,116568600
2021-12-17,432.7004699707031,459.8699951171875,464.739990234375,458.05999755859375,461.54998779296875,135511600
2021-12-20,428.099365234375,454.9800109863281,455.3999938964844,451.1400146484375,454.4800109863281,107134800
2021-12-21,435.7019958496094,463.05999755859375,463.2099914550781,456.30999755859375,458.6099853515625,69806300
2021-12-22,440.0584716796875,467.69000244140625,467.80999755859375,462.5799865722656,462.7900085449219,58890200
2021-12-23,442.7965393066406,470.6000061035156,472.19000244140625,468.6400146484375,468.75,56439700
2021-12-27,449.0629577636719,477.260009765625,477.30999755859375,472.010009765625,472.05999755859375,56808600
2021-12-28,448.6960754394531,476.8699951171875,478.80999755859375,476.05999755859375,477.7200012207031,47274600
2021-12-29,449.2700500488281,477.4800109863281,478.55999755859375,475.9200134277344,476.9800109863281,54503000
2021-12-30,448.0280456542969,476.1600036621094,479.0,475.6700134277344,477.92999267578125,55329000
2021-12-31,446.8988952636719,474.9599914550781,476.8599853515625,474.6700134277344,475.6400146484375,65237400
2022-01-03,449.4864807128906,477.7099914550781,477.8500061035156,473.8500061035156,476.29998779296875,72668200
2022-01-04,449.33587646484375,477.54998779296875,479.9800109863281,475.5799865722656,479.2200012207031,71178700
2022-01-05,440.7077331542969,468.3800048828125,477.9800109863281,468.2799987792969,477.1600036621094,104538900
2022-01-06,440.2936706542969,467.94000244140625,470.82000732421875,465.42999267578125,467.8900146484375,86858900
2022-01-07,438.55291748046875,466.0899963378906,469.20001220703125,464.6499938964844,467.95001220703125,85111600
2022-01-10,438.0072326660156,465.510009765625,465.739990234375,456.6000061035156,462.70001220703125,119362000
2022-01-11,441.99676513671875,469.75,469.8500061035156,462.04998779296875,465.2300109863281,74303100
2022-01-12,443.1916809082031,471.0199890136719,473.20001220703125,468.94000244140625,471.5899963378906,67605400
2022-01-13,437.08514404296875,464.5299987792969,472.8800048828125,463.44000244140625,472.19000244140625,91173100
2022-01-14,437.263916015625,464.7200012207031,465.0899963378906,459.8999938964844,461.19000244140625,95890900
2022-01-18,429.5201110839844,456.489990234375,459.9599914550781,455.30999755859375,459.739990234375,109709100
2022-01-19,425.0601806640625,451.75,459.6099853515625,451.4599914550781,458.1300048828125,109357600
2022-01-20,420.35565185546875,446.75,458.739990234375,444.5,453.75,122379700
2022-01-21,412.103759765625,437.9800109863281,448.05999755859375,437.95001220703125,445.55999755859375,202271200
2022-01-24,413.85382080078125,439.8399963378906,440.3800048828125,420.760009765625,432.0299987792969,251783900
2022-01-25,408.8011474609375,434.4700012207031,439.7200012207031,427.1499938964844,433.05999755859375,167997300
2022-01-26,407.7755432128906,433.3800048828125,444.0400085449219,428.8599853515625,440.7200012207031,186391100
2022-01-27,405.76202392578125,431.239990234375,441.5899963378906,429.45001220703125,438.260009765625,149878300
2022-01-28,415.8392639160156,441.95001220703125,442.0,427.82000732421875,432.67999267578125,164457400
2022-01-31,423.32891845703125,449.9100036621094,450.2799987792969,439.80999755859375,441.239990234375,152251400
2022-02-01,426.1893615722656,452.95001220703125,453.6300048828125,446.94000244140625,450.67999267578125,123155400
2022-02-02,430.3293762207031,457.3500061035156,458.1199951171875,453.04998779296875,455.5,117361000
2022-02-03,420.2144775390625,446.6000061035156,452.9700012207031,445.7099914550781,450.95001220703125,118024400
2022-02-04,422.1904296875,448.70001220703125,452.7799987792969,443.8299865722656,446.3500061035156,118454400
2022-02-07,420.8355407714844,447.260009765625,450.989990234375,445.8500061035156,449.510009765625,84472900
2022-02-08,424.29803466796875,450.94000244140625,451.9200134277344,445.2200012207031,446.7300109863281,81012000
2022-02-09,430.5081481933594,457.5400085449219,457.8800048828125,455.010009765625,455.2200012207031,92589900
2022-02-10,422.7738037109375,449.32000732421875,457.7099914550781,447.20001220703125,451.3399963378906,140103700
2022-02-11,414.43719482421875,440.4599914550781,451.6099853515625,438.94000244140625,449.4100036621094,153214600
2022-02-14,413.0823059082031,439.0199890136719,441.6000061035156,435.3399963378906,439.9200134277344,123006300
2022-02-15,419.7440490722656,446.1000061035156,446.2799987792969,443.17999267578125,443.7300109863281,88482700
2022-02-16,420.2144775390625,446.6000061035156,448.05999755859375,441.94000244140625,443.92999267578125,84863600
2022-02-17,411.238037109375,437.05999755859375,446.57000732421875,436.4200134277344,443.2200012207031,102259100
2022-02-18,408.5752868652344,434.2300109863281,438.6600036621094,431.82000732421875,437.3299865722656,132642900
2022-02-22,404.1906433105469,429.57000732421875,435.5,425.8599853515625,431.8900146484375,124391800
2022-02-23,397.0208435058594,421.95001220703125,433.260009765625,421.3500061035156,432.6600036621094,132578000
2022-02-24,402.9956359863281,428.29998779296875,428.760009765625,410.6400146484375,411.0199890136719,213942900
2022-02-25,411.8873596191406,437.75,437.8399963378906,427.8599853515625,429.6099853515625,121804500
2022-02-28,410.83343505859375,436.6300048828125,438.20001220703125,430.70001220703125,432.0299987792969,145615000
2022-03-01,404.5763244628906,429.9800109863281,437.1700134277344,427.1099853515625,435.0400085449219,137785900
2022-03-02,412.0190734863281,437.8900146484375,439.7200012207031,431.57000732421875,432.3699951171875,117726500
2022-03-03,409.9678039550781,435.7099914550781,441.1099853515625,433.79998779296875,440.4700012207031,105501700
2022-03-04,406.63702392578125,432.1700134277344,433.3699951171875,427.8800048828125,431.75,113978200
2022-03-07,394.649658203125,419.42999267578125,432.29998779296875,419.3599853515625,431.54998779296875,137896600
2022-03-08,391.6575927734375,416.25,427.2099914550781,415.1199951171875,419.6199951171875,164772700
2022-03-09,402.158203125,427.4100036621094,429.510009765625,422.82000732421875,425.1400146484375,116990800
2022-03-10,400.34228515625,425.4800109863281,426.42999267578125,420.44000244140625,422.5199890136719,93972700
2022-03-11,395.25189208984375,420.07000732421875,428.7699890136719,419.5299987792969,428.1199951171875,95636300
2022-03-14,392.36328125,417.0,424.54998779296875,415.7900085449219,420.8900146484375,95729200
2022-03-15,400.9914855957031,426.1700134277344,426.8399963378906,418.4200134277344,419.7699890136719,106219100
2022-03-16,409.88311767578125,435.6199951171875,435.67999267578125,424.79998779296875,429.8900146484375,144954800
2022-03-17,415.01116943359375,441.07000732421875,441.07000732421875,433.19000244140625,433.5899963378906,102676900
2022-03-18,419.55670166015625,444.5199890136719,444.8599853515625,437.2200012207031,438.0,106345500
2022-03-21,419.4339904785156,444.3900146484375,446.4599914550781,440.67999267578125,444.3399963378906,88349800
2022-03-22,424.3420104980469,449.5899963378906,450.5799865722656,445.8599853515625,445.8599853515625,74650400
2022-03-23,418.8771057128906,443.79998779296875,448.489990234375,443.7099914550781,446.9100036621094,79426100
2022-03-24,425.1913757324219,450.489990234375,450.5,444.760009765625,445.94000244140625,64736900
2022-03-25,427.2679748535156,452.69000244140625,452.9800109863281,448.42999267578125,451.1600036621094,77101300
2022-03-28,430.30706787109375,455.9100036621094,455.9100036621094,450.05999755859375,452.05999755859375,68529800
2022-03-29,435.6303405761719,461.54998779296875,462.07000732421875,457.17999267578125,460.0199890136719,86581500
2022-03-30,432.94036865234375,458.70001220703125,461.20001220703125,456.4700012207031,460.3399963378906,79666900
2022-03-31,426.2768859863281,451.6400146484375,458.760009765625,451.1600036621094,457.8900146484375,121699900
2022-04-01,427.4850158691406,452.9200134277344,453.4599914550781,449.1400146484375,453.30999755859375,89048800
2022-04-04,431.1471252441406,456.79998779296875,456.9100036621094,452.260009765625,453.1300048828125,59601000
2022-04-05,425.70111083984375,451.0299987792969,457.8299865722656,449.82000732421875,455.2200012207031,74214500
2022-04-06,421.4443664550781,446.5199890136719,448.92999267578125,443.4700012207031,446.8900146484375,106898000
2022-04-07,423.5680236816406,448.7699890136719,450.69000244140625,443.5299987792969,445.5899963378906,78097200
2022-04-08,422.4354553222656,447.57000732421875,450.6300048828125,445.94000244140625,447.9700012207031,79272700
2022-04-11,415.21514892578125,439.9200134277344,445.0,439.3900146484375,444.1099853515625,89770500
2022-04-12,413.67657470703125,438.2900085449219,445.75,436.6499938964844,443.0799865722656,84363600
2022-04-13,418.41473388671875,443.30999755859375,444.1099853515625,437.8399963378906,438.0299987792969,74070400
2022-04-14,413.20465087890625,437.7900085449219,444.7300109863281,437.67999267578125,443.54998779296875,97869500
2022-04-18,413.37457275390625,437.9700012207031,439.75,435.6099853515625,436.80999755859375,66002500
2022-04-19,420.04754638671875,445.0400085449219,445.79998779296875,437.67999267578125,437.8599853515625,77821000
2022-04-20,419.736083984375,444.7099914550781,447.57000732421875,443.4800109863281,446.9200134277344,65224400
2022-04-21,413.45947265625,438.05999755859375,450.010009765625,437.1000061035156,448.5400085449219,85417300
2022-04-22,402.1145324707031,426.0400085449219,438.0799865722656,425.44000244140625,436.9100036621094,132471800
2022-04-25,404.44580078125,428.510009765625,428.69000244140625,418.8399963378906,423.6700134277344,119647700
2022-04-26,392.7326965332031,416.1000061035156,426.0400085449219,416.07000732421875,425.8299865722656,103996300
2022-04-27,393.8370056152344,417.2699890136719,422.9200134277344,415.010009765625,417.239990234375,122030000
2022-04-28,403.78515625,427.80999755859375,429.6400146484375,417.6000061035156,422.2900085449219,105449100
2022-04-29,388.86297607421875,412.0,425.8699951171875,411.2099914550781,423.5899963378906,145491100
2022-05-02,391.2037353515625,414.4800109863281,415.9200134277344,405.0199890136719,412.07000732421875,158312500
2022-05-03,392.99700927734375,416.3800048828125,418.92999267578125,413.3599853515625,415.010009765625,100028200
2022-05-04,404.96490478515625,429.05999755859375,429.6600036621094,413.7099914550781,417.0799865722656,144247900
2022-05-05,390.5713195800781,413.80999755859375,425.0,409.44000244140625,424.54998779296875,172929100
2022-05-06,388.2400207519531,411.3399963378906,414.79998779296875,405.7300109863281,411.1000061035156,151770800
2022-05-09,375.8096923828125,398.1700134277344,406.4100036621094,396.5,405.1000061035156,155586100
2022-05-10,376.677978515625,399.0899963378906,406.0799865722656,394.82000732421875,404.489990234375,132497200
2022-05-11,370.69403076171875,392.75,404.0400085449219,391.9599914550781,398.07000732421875,142361000
2022-05-12,370.3070983886719,392.3399963378906,395.79998779296875,385.1499938964844,389.3699951171875,125090800
2022-05-13,379.1602783203125,401.7200012207031,403.17999267578125,395.6099853515625,396.7099914550781,104174400
2022-05-16,377.6218566894531,400.0899963378906,403.9700012207031,397.6000061035156,399.9800109863281,78622400
2022-05-17,385.3896179199219,408.32000732421875,408.57000732421875,402.5799865722656,406.5299987792969,83029700
2022-05-18,369.8540344238281,391.8599853515625,403.79998779296875,390.54998779296875,403.5,117674500
2022-05-19,367.58880615234375,389.4599914550781,394.1400146484375,387.1099853515625,388.6199951171875,98510700
2022-05-20,367.74920654296875,389.6300048828125,397.0299987792969,380.5400085449219,393.25,131432200
2022-05-23,374.6298522949219,396.9200134277344,397.7300109863281,390.3800048828125,392.8299865722656,76414900
2022-05-24,371.7700500488281,393.8900146484375,395.1499938964844,386.9599914550781,392.55999755859375,91448800
2022-05-25,375.0545959472656,397.3699951171875,399.45001220703125,391.8900146484375,392.30999755859375,91472900
2022-05-26,382.54864501953125,405.30999755859375,407.0400085449219,398.45001220703125,398.6700134277344,82168300
2022-05-27,391.9398498535156,415.260009765625,415.3800048828125,407.70001220703125,407.9100036621094,84768700
2022-05-31,389.7406921386719,412.92999267578125,416.4599914550781,410.0299987792969,413.54998779296875,95937000
2022-06-01,386.58837890625,409.5899963378906,416.239990234375,406.92999267578125,415.1700134277344,86585800
2022-06-02,393.9502868652344,417.3900146484375,417.44000244140625,407.0400085449219,409.4200134277344,79609600
2022-06-03,387.48504638671875,410.5400085449219,414.0400085449219,409.510009765625,412.3999938964844,71874300
2022-06-06,388.66473388671875,411.7900085449219,416.6099853515625,410.54998779296875,414.7799987792969,57508900
2022-06-07,392.3929138183594,415.739990234375,416.2200012207031,407.6099853515625,408.1000061035156,59272400
2022-06-08,388.12677001953125,411.2200012207031,415.82000732421875,410.3800048828125,413.92999267578125,64350000
2022-06-09,378.89599609375,401.44000244140625,411.739990234375,401.44000244140625,409.3399963378906,86289800
2022-06-10,367.90972900390625,389.79998779296875,395.7799987792969,389.75,394.8800048828125,132893900
2022-06-13,353.9408264160156,375.0,381.80999755859375,373.29998779296875,379.8500061035156,170004900
2022-06-14,352.8742980957031,373.8699951171875,377.94000244140625,370.5899963378906,376.8500061035156,104011800
2022-06-15,357.905029296875,379.20001220703125,383.8999938964844,372.1199951171875,377.3599853515625,125666800
2022-06-16,346.0597229003906,366.6499938964844,370.94000244140625,364.0799865722656,370.510009765625,134473300
2022-06-17,346.8057556152344,365.8599853515625,369.3800048828125,362.1700134277344,365.510009765625,111113900
2022-06-21,355.5361022949219,375.07000732421875,376.5299987792969,371.80999755859375,371.8900146484375,76811900
2022-06-22,354.8914794921875,374.3900146484375,378.7200012207031,370.17999267578125,370.6199951171875,90059400
2022-06-23,358.370361328125,378.05999755859375,378.8299865722656,372.8900146484375,376.6400146484375,79292100
2022-06-24,369.7643737792969,390.0799865722656,390.0899963378906,381.3699951171875,381.3999938964844,98050300
2022-06-27,368.3520202636719,388.5899963378906,391.3599853515625,387.44000244140625,391.04998779296875,66009600
2022-06-28,360.825439453125,380.6499938964844,393.1600036621094,380.5299987792969,390.2300109863281,86548900
2022-06-29,360.5316467285156,380.3399963378906,382.2699890136719,378.4200134277344,381.2300109863281,65676000
2022-06-30,357.60260009765625,377.25,380.6600036621094,372.55999755859375,376.239990234375,112508300
2022-07-01,361.3847351074219,381.239990234375,381.70001220703125,373.79998779296875,376.55999755859375,74839700
2022-07-05,362.0672302246094,381.9599914550781,381.9800109863281,372.8999938964844,375.8800048828125,81438000
2022-07-06,363.2900390625,383.25,385.8699951171875,379.6000061035156,382.1099853515625,70426200
2022-07-07,368.7310791015625,388.989990234375,389.8299865722656,383.2699890136719,385.1199951171875,64525900
2022-07-08,368.4278259277344,388.6700134277344,390.6400146484375,385.6600036621094,387.2699890136719,72397800
2022-07-11,364.21905517578125,384.2300109863281,386.8699951171875,383.5,385.8500061035156,58366900
2022-07-12,360.9961242675781,380.8299865722656,386.1600036621094,378.989990234375,383.6499938964844,62219200
2022-07-13,359.10028076171875,378.8299865722656,381.9200134277344,374.6600036621094,375.1000061035156,84224600
2022-07-14,358.22821044921875,377.9100036621094,379.04998779296875,371.0400085449219,373.6099853515625,89704800
2022-07-15,365.0721435546875,385.1300048828125,385.25,380.5400085449219,382.54998779296875,79060400
2022-07-18,362.05780029296875,381.95001220703125,389.0899963378906,380.6600036621094,388.3800048828125,63203600
2022-07-19,371.84027099609375,392.2699890136719,392.8699951171875,385.3900146484375,386.0799865722656,78506000
2022-07-20,374.2100524902344,394.7699890136719,396.260009765625,391.0299987792969,392.4700012207031,71843800
2022-07-21,378.020751953125,398.7900085449219,398.8399963378906,391.6300048828125,394.1600036621094,64903900
2022-07-22,374.513427734375,395.0899963378906,400.17999267578125,392.75,398.9200134277344,72197300
2022-07-25,374.9684753417969,395.57000732421875,396.4700012207031,393.2099914550781,395.75,53631500
2022-07-26,370.5321960449219,390.8900146484375,394.05999755859375,389.95001220703125,393.8399963378906,52946400
2022-07-27,380.1535339355469,401.0400085449219,402.8800048828125,394.04998779296875,394.3599853515625,82342100
2022-07-28,384.9215393066406,406.07000732421875,406.79998779296875,398.1499938964844,401.8900146484375,73966600
2022-07-29,390.53326416015625,411.989990234375,413.0299987792969,406.7699890136719,407.5799865722656,87003700
2022-08-01,389.3768310546875,410.7699890136719,413.4100036621094,408.3999938964844,409.1499938964844,69997500
2022-08-02,386.8079833984375,408.05999755859375,413.0,406.82000732421875,409.1199951171875,63435400
2022-08-03,392.8652038574219,414.45001220703125,415.67999267578125,410.0,410.29998779296875,67820600
2022-08-04,392.5997619628906,414.1700134277344,415.0899963378906,412.44000244140625,414.3699951171875,45656600
2022-08-05,391.9361572265625,413.4700012207031,414.1499938964844,409.6000061035156,409.6600036621094,56814900
2022-08-08,391.4812316894531,412.989990234375,417.6199951171875,411.8299865722656,415.25,53886100
2022-08-09,389.9265441894531,411.3500061035156,412.75,410.2200012207031,412.2200012207031,44931800
2022-08-10,398.1166687011719,419.989990234375,420.1400146484375,416.7200012207031,418.7799987792969,68665700
2022-08-11,398.1166687011719,419.989990234375,424.95001220703125,419.2099914550781,422.989990234375,59489700
2022-08-12,404.8563537597656,427.1000061035156,427.2099914550781,421.0299987792969,422.0299987792969,61694500
2022-08-15,406.52459716796875,428.8599853515625,429.4100036621094,424.7099914550781,424.7699890136719,54048300
2022-08-16,407.3209228515625,429.70001220703125,431.7300109863281,426.8800048828125,427.7300109863281,59289000
2022-08-17,404.42974853515625,426.6499938964844,429.5,424.5400085449219,425.9100036621094,63563400
2022-08-18,405.6051940917969,427.8900146484375,428.6099853515625,425.5,426.8599853515625,49023200
2022-08-19,400.1546630859375,422.1400146484375,425.260009765625,421.2200012207031,424.9800109863281,68016900
2022-08-22,391.8224182128906,413.3500061035156,417.2300109863281,412.3999938964844,417.04998779296875,77695600
2022-08-23,390.8744812011719,412.3500061035156,415.4200134277344,411.7699890136719,412.8999938964844,49105200
2022-08-24,392.12579345703125,413.6700134277344,415.1099853515625,411.3900146484375,412.1099853515625,49177800
2022-08-25,397.66156005859375,419.510009765625,419.55999755859375,414.0899963378906,415.239990234375,50942300
2022-08-26,384.201171875,405.30999755859375,419.9599914550781,405.25,419.3900146484375,103087000
2022-08-29,381.6607360839844,402.6300048828125,405.8399963378906,401.20001220703125,402.20001220703125,65370800
2022-08-30,377.4709167480469,398.2099914550781,404.1000061035156,396.0,403.8500061035156,85652400
2022-08-31,374.5987243652344,395.17999267578125,401.239990234375,395.0400085449219,399.92999267578125,76029700
2022-09-01,375.774169921875,396.4200134277344,396.7799987792969,390.0400085449219,392.8900146484375,78740100
2022-09-02,371.81182861328125,392.239990234375,401.55999755859375,390.3299865722656,400.2799987792969,99632100
2022-09-06,370.408935546875,390.760009765625,394.1199951171875,388.4200134277344,393.1300048828125,76637400
2022-09-07,377.0633239746094,397.7799987792969,398.5899963378906,390.20001220703125,390.42999267578125,70964200
2022-09-08,379.5279235839844,400.3800048828125,400.8599853515625,394.1199951171875,395.3900146484375,80821700
2022-09-09,385.4239501953125,406.6000061035156,407.510009765625,402.4599914550781,402.739990234375,76706900
2022-09-12,389.5664367675781,410.9700012207031,411.7300109863281,408.4599914550781,408.7799987792969,69256300
2022-09-13,372.6271667480469,393.1000061035156,403.1000061035156,391.9200134277344,401.8299865722656,122947100
2022-09-14,374.0489196777344,394.6000061035156,396.20001220703125,391.1199951171875,394.4700012207031,85023700
2022-09-15,369.8022766113281,390.1199951171875,395.9599914550781,388.7799987792969,392.9599914550781,87633800
2022-09-16,366.9810485839844,385.55999755859375,386.25,382.1099853515625,384.1400146484375,103084800
2022-09-19,369.8269958496094,388.54998779296875,388.54998779296875,382.17999267578125,382.260009765625,73278500
2022-09-20,365.5819091796875,384.0899963378906,386.1199951171875,381.20001220703125,385.05999755859375,77274900
2022-09-21,359.20477294921875,377.3900146484375,389.30999755859375,377.3800048828125,386.1099853515625,106746600
2022-09-22,356.1875,374.2200012207031,378.29998779296875,373.44000244140625,376.5799865722656,89472600
2022-09-23,350.2196044921875,367.95001220703125,370.6199951171875,363.2900085449219,370.5799865722656,122346900
2022-09-26,346.7550354003906,364.30999755859375,370.2099914550781,363.0299987792969,366.4100036621094,92581200
2022-09-27,345.869873046875,363.3800048828125,370.3999938964844,360.8699951171875,368.0199890136719,108294100
2022-09-28,352.6753845214844,370.5299987792969,372.29998779296875,362.6000061035156,364.3800048828125,110802200
2022-09-29,345.308349609375,362.7900085449219,367.1099853515625,359.70001220703125,366.80999755859375,112952300
2022-09-30,339.9686279296875,357.17999267578125,365.9100036621094,357.0400085449219,361.79998779296875,153711200
2022-10-03,348.9442138671875,366.6099853515625,368.54998779296875,359.2099914550781,361.0799865722656,89756500
2022-10-04,359.7568054199219,377.9700012207031,378.0,366.57000732421875,372.3999938964844,103602800
2022-10-05,358.919189453125,377.0899963378906,379.4599914550781,370.95001220703125,373.3900146484375,88065700
2022-10-06,355.2166748046875,373.20001220703125,378.7200012207031,372.67999267578125,375.6199951171875,82333500
2022-10-07,345.308349609375,362.7900085449219,373.2900085449219,360.94000244140625,368.9700012207031,107789500
2022-10-10,342.6717834472656,360.0199890136719,364.2099914550781,357.6700134277344,363.9599914550781,76042800
2022-10-11,340.5016174316406,357.739990234375,363.0299987792969,355.7099914550781,358.239990234375,92482800
2022-10-12,339.37847900390625,356.55999755859375,359.82000732421875,356.29998779296875,358.1700134277344,76991800
2022-10-13,348.3351135253906,365.9700012207031,367.510009765625,348.1099853515625,349.2099914550781,147254500
2022-10-14,340.3969421386719,357.6300048828125,370.260009765625,356.9599914550781,368.54998779296875,123737000
2022-10-17,349.1440734863281,366.82000732421875,367.9800109863281,357.2799987792969,364.010009765625,93168200
2022-10-18,353.2464599609375,371.1300048828125,375.45001220703125,367.5199890136719,375.1300048828125,97162900
2022-10-19,350.7431335449219,368.5,371.8500061035156,365.54998779296875,368.989990234375,79746900
2022-10-20,347.8020935058594,365.4100036621094,372.6700134277344,364.6099853515625,368.0299987792969,88283100
2022-10-21,356.254150390625,374.2900085449219,374.79998779296875,363.5400085449219,365.1199951171875,131038400
2022-10-24,360.61334228515625,378.8699951171875,380.05999755859375,373.1099853515625,375.8900146484375,85436900
2022-10-25,366.3719787597656,384.9200134277344,385.25,378.6700134277344,378.7900085449219,78846300
2022-10-26,363.6116943359375,382.0199890136719,387.5799865722656,381.3500061035156,381.6199951171875,104087300
2022-10-27,361.66998291015625,379.9800109863281,385.0,379.3299865722656,383.07000732421875,81971800
2022-10-28,370.2742919921875,389.0199890136719,389.5199890136719,379.67999267578125,379.8699951171875,100302000
2022-10-31,367.5997619628906,386.2099914550781,388.3999938964844,385.260009765625,386.44000244140625,96631300
2022-11-01,365.9911804199219,384.5199890136719,390.3900146484375,383.2900085449219,390.1400146484375,85407600
2022-11-02,356.8062438964844,374.8699951171875,388.6300048828125,374.760009765625,383.8999938964844,126990400
2022-11-03,353.1322021484375,371.010009765625,374.20001220703125,368.7900085449219,371.4700012207031,87100100
2022-11-04,358.21490478515625,376.3500061035156,378.8699951171875,370.0,377.0,103505200
2022-11-07,361.6413879394531,379.95001220703125,380.57000732421875,375.5299987792969,377.7099914550781,68286900
2022-11-08,363.5926513671875,382.0,385.1199951171875,377.7200012207031,381.1099853515625,84641100
2022-11-09,356.10186767578125,374.1300048828125,381.1400146484375,373.6099853515625,379.92999267578125,78495500
2022-11-10,375.6711120605469,394.69000244140625,395.0400085449219,385.6400146484375,388.04998779296875,141455800
2022-11-11,379.3070068359375,398.510009765625,399.3500061035156,393.6099853515625,395.5899963378906,93839900
2022-11-14,376.0804443359375,395.1199951171875,400.17999267578125,394.8299865722656,396.6600036621094,71903500
2022-11-15,379.2879943847656,398.489990234375,402.30999755859375,394.489990234375,401.1499938964844,93194500
2022-11-16,376.3945617675781,395.45001220703125,397.7799987792969,394.7900085449219,396.7799987792969,68508500
2022-11-17,375.24285888671875,394.239990234375,394.95001220703125,390.1400146484375,390.4599914550781,74496300
2022-11-18,376.946533203125,396.0299987792969,397.80999755859375,393.0400085449219,397.739990234375,92922500
2022-11-21,375.57598876953125,394.5899963378906,395.82000732421875,392.6600036621094,394.6400146484375,51243200
2022-11-22,380.63006591796875,399.8999938964844,400.07000732421875,395.1499938964844,396.6300048828125,60429000
2022-11-23,383.0286865234375,402.4200134277344,402.92999267578125,399.30999755859375,399.54998779296875,68261600
2022-11-25,382.9429931640625,402.3299865722656,402.9100036621094,401.5400085449219,401.8299865722656,30545400
2022-11-28,376.8323669433594,395.9100036621094,400.80999755859375,395.1099853515625,399.0899963378906,67881600
2022-11-29,376.1851806640625,395.2300109863281,397.29998779296875,393.29998779296875,396.04998779296875,52310000
2022-11-30,388.03515625,407.67999267578125,407.67999267578125,393.4800109863281,395.489990234375,144566700
2022-12-01,387.7496643066406,407.3800048828125,410.0,404.75,408.7699890136719,76398200
2022-12-02,387.3022766113281,406.9100036621094,407.8599853515625,402.1400146484375,402.25,85342700
2022-12-05,380.3350524902344,399.5899963378906,404.92999267578125,398.1700134277344,403.95001220703125,77289800
2022-12-06,374.8526306152344,393.8299865722656,399.989990234375,391.6400146484375,399.4200134277344,77972200
2022-12-07,374.21490478515625,393.1600036621094,395.6400146484375,391.9700012207031,392.94000244140625,65927900
2022-12-08,377.1464538574219,396.239990234375,397.3599853515625,393.2699890136719,395.1400146484375,60737900
2022-12-09,374.3291015625,393.2799987792969,397.6199951171875,393.1499938964844,394.94000244140625,81447700
2022-12-12,379.7258605957031,398.95001220703125,398.95001220703125,393.4100036621094,394.1099853515625,75405800
2022-12-13,382.6003112792969,401.9700012207031,410.489990234375,399.07000732421875,410.2200012207031,123782500
2022-12-14,380.1541748046875,399.3999938964844,405.5,396.30999755859375,401.6099853515625,108111300
2022-12-15,370.8549499511719,389.6300048828125,395.25,387.8900146484375,394.29998779296875,117705900
2022-12-16,366.4765930175781,383.2699890136719,386.5799865722656,381.0400085449219,385.17999267578125,119858000
2022-12-19,363.3689880371094,380.0199890136719,383.82000732421875,378.2799987792969,383.4700012207031,79878100
2022-12-20,363.8662109375,380.5400085449219,382.2300109863281,377.8500061035156,379.2300109863281,74427200
2022-12-21,369.3069152832031,386.2300109863281,387.4100036621094,382.69000244140625,383.25,78167400
2022-12-22,364.038330078125,380.7200012207031,386.2099914550781,374.7699890136719,383.04998779296875,100120900
2022-12-23,366.1323547363281,382.9100036621094,383.05999755859375,378.0299987792969,379.6499938964844,59857300
2022-12-27,364.6885070800781,381.3999938964844,383.1499938964844,379.6499938964844,382.7900085449219,51638200
2022-12-28,360.15625,376.6600036621094,383.3900146484375,376.4200134277344,381.3299865722656,70911500
2022-12-29,366.63916015625,383.44000244140625,384.3500061035156,379.0799865722656,379.6300048828125,66970900
2022-12-30,365.6734313964844,382.42999267578125,382.5799865722656,378.42999267578125,380.6400146484375,84022200
2023-01-03,364.13397216796875,380.82000732421875,386.42999267578125,377.8299865722656,384.3699951171875,74850700
2023-01-04,366.9451904296875,383.760009765625,385.8800048828125,380.0,383.17999267578125,85934100
2023-01-05,362.7570495605469,379.3800048828125,381.8399963378906,378.760009765625,381.7200012207031,76970500
2023-01-06,371.0758361816406,388.0799865722656,389.25,379.4100036621094,382.6099853515625,104189600
2023-01-09,370.8655090332031,387.8599853515625,393.70001220703125,387.6700134277344,390.3699951171875,73978100
2023-01-10,373.46624755859375,390.5799865722656,390.6499938964844,386.2699890136719,387.25,65358100
2023-01-11,378.1898498535156,395.5199890136719,395.6000061035156,391.3800048828125,392.2300109863281,68881100
2023-01-12,379.5667419433594,396.9599914550781,398.489990234375,392.4200134277344,396.6700134277344,90157700
2023-01-13,381.03924560546875,398.5,399.1000061035156,393.3399963378906,393.6199951171875,63903900
2023-01-17,380.3412780761719,397.7699890136719,400.2300109863281,397.05999755859375,398.4800109863281,62677300
2023-01-18,374.33648681640625,391.489990234375,400.1199951171875,391.2799987792969,399.010009765625,99632300
2023-01-19,371.6113586425781,388.6400146484375,391.0799865722656,387.260009765625,389.3599853515625,86958900
2023-01-20,378.53411865234375,395.8800048828125,396.0400085449219,388.3800048828125,390.1000061035156,91806400
2023-01-23,383.07598876953125,400.6300048828125,402.6499938964844,395.7200012207031,396.7200012207031,84178800
2023-01-24,382.6648254394531,400.20001220703125,401.1499938964844,397.6400146484375,398.8800048828125,59524900
2023-01-25,382.80816650390625,400.3500061035156,400.70001220703125,393.55999755859375,395.95001220703125,84800300
2023-01-26,387.0154113769531,404.75,404.9200134277344,400.0299987792969,403.1300048828125,72287400
2023-01-27,387.9046325683594,405.67999267578125,408.1600036621094,403.44000244140625,403.6600036621094,68346200
2023-01-30,383.0377502441406,400.5899963378906,405.1300048828125,400.2799987792969,402.79998779296875,74202000
2023-01-31,388.669677734375,406.4800109863281,406.5299987792969,400.7699890136719,401.1300048828125,86811800
2023-02-01,392.8003234863281,410.79998779296875,413.6700134277344,402.3500061035156,405.2099914550781,101459200
2023-02-02,398.518310546875,416.7799987792969,418.30999755859375,412.8800048828125,414.8599853515625,101654500
2023-02-03,394.2823791503906,412.3500061035156,416.9700012207031,411.0899963378906,411.5899963378906,94736800
2023-02-06,391.8727722167969,409.8299865722656,411.2900085449219,408.1000061035156,409.7900085449219,60295300
2023-02-07,396.9980163574219,415.19000244140625,416.489990234375,407.57000732421875,408.8699951171875,90990700
2023-02-08,392.65692138671875,410.6499938964844,414.5299987792969,409.92999267578125,413.1300048828125,76227500
2023-02-09,389.2529296875,407.0899963378906,414.57000732421875,405.80999755859375,414.4100036621094,78694900
2023-02-10,390.16131591796875,408.0400085449219,408.44000244140625,405.010009765625,405.8599853515625,70769700
2023-02-13,394.74139404296875,412.8299865722656,412.9700012207031,408.239990234375,408.7200012207031,64913500
2023-02-14,394.55975341796875,412.6400146484375,415.04998779296875,408.510009765625,411.239990234375,88389300
2023-02-15,395.84100341796875,413.9800109863281,414.05999755859375,409.4700012207031,410.3500061035156,61555700
2023-02-16,390.3907470703125,408.2799987792969,412.9100036621094,408.1400146484375,408.7900085449219,76431500
2023-02-17,389.4154357910156,407.260009765625,407.510009765625,404.04998779296875,406.05999755859375,89257800
2023-02-21,381.60345458984375,399.0899963378906,404.1600036621094,398.82000732421875,403.05999755859375,82655900
2023-02-22,381.0775451660156,398.5400085449219,401.1300048828125,397.0199890136719,399.5199890136719,83742300
2023-02-23,383.1047058105469,400.6600036621094,402.20001220703125,396.25,401.55999755859375,96242400
2023-02-24,379.01214599609375,396.3800048828125,397.25,393.6400146484375,395.4200134277344,108194400
2023-02-27,380.3030090332031,397.7300109863281,401.2900085449219,396.75,399.8699951171875,80444700
2023-02-28,378.8974609375,396.260009765625,399.2799987792969,396.1499938964844,397.2300109863281,96438600
2023-03-01,377.4440612792969,394.739990234375,396.69000244140625,393.3800048828125,395.4100036621094,99706800
2023-03-02,380.3794860839844,397.80999755859375,398.69000244140625,392.3299865722656,392.67999267578125,85127800
2023-03-03,386.47998046875,404.19000244140625,404.45001220703125,399.0299987792969,399.7099914550781,90120000
2023-03-06,386.7476501464844,404.4700012207031,407.45001220703125,404.010009765625,405.04998779296875,72795900
2023-03-07,380.8193664550781,398.2699890136719,404.6700134277344,397.6300048828125,404.4200134277344,108310600
2023-03-08,381.44091796875,398.9200134277344,399.7099914550781,396.5899963378906,398.3900146484375,74746600
2023-03-09,374.4033508300781,391.55999755859375,401.4800109863281,390.5299987792969,399.739990234375,111945300
2023-03-10,369.0009460449219,385.9100036621094,393.1600036621094,384.32000732421875,390.989990234375,189253000
2023-03-13,368.4750061035156,385.3599853515625,390.3900146484375,380.6499938964844,381.80999755859375,157790000
2023-03-14,374.5659484863281,391.7300109863281,393.45001220703125,387.04998779296875,390.5,149752400
2023-03-15,372.2232666015625,389.2799987792969,389.489990234375,383.7099914550781,385.8900146484375,172996900
2023-03-16,378.7539978027344,396.1099853515625,396.4700012207031,386.2900085449219,386.82000732421875,143254200
2023-03-17,374.3253479003906,389.989990234375,394.3999938964844,388.54998779296875,393.2200012207031,140553400
2023-03-20,377.9246826171875,393.739990234375,394.1700134277344,390.07000732421875,390.79998779296875,93055800
2023-03-21,382.8870544433594,398.9100036621094,399.4100036621094,395.5799865722656,397.239990234375,91524200
2023-03-22,376.3601989746094,392.1099853515625,402.489990234375,392.07000732421875,398.7300109863281,111746600
2023-03-23,377.37762451171875,393.1700134277344,399.2900085449219,390.3500061035156,395.0899963378906,119351300
2023-03-24,379.85400390625,395.75,395.8399963378906,389.3999938964844,391.8399963378906,107682400
2023-03-27,380.564208984375,396.489990234375,398.9200134277344,395.55999755859375,398.1199951171875,74010400
2023-03-28,379.7100830078125,395.6000061035156,396.489990234375,393.69000244140625,395.7699890136719,62871700
2023-03-29,385.2290954589844,401.3500061035156,401.6000061035156,398.67999267578125,399.92999267578125,77497900
2023-03-30,387.4846496582031,403.70001220703125,404.3500061035156,401.760009765625,404.0899963378906,69840000
2023-03-31,392.94610595703125,409.3900146484375,409.70001220703125,404.54998779296875,404.6600036621094,112062600
2023-04-03,394.4434509277344,410.95001220703125,411.3699951171875,408.44000244140625,408.8500061035156,67391100
2023-04-04,392.2550964355469,408.6700134277344,411.9200134277344,407.239990234375,411.6199951171875,66601500
2023-04-05,391.22802734375,407.6000061035156,408.70001220703125,405.8800048828125,407.9100036621094,65200200
2023-04-06,392.754150390625,409.19000244140625,409.4800109863281,405.67999267578125,406.7699890136719,63743300
2023-04-10,393.1572570800781,409.6099853515625,409.69000244140625,405.9700012207031,406.6099853515625,63681000
2023-04-11,393.2628479003906,409.7200012207031,411.17999267578125,408.9200134277344,410.260009765625,59297900
2023-04-12,391.659912109375,408.04998779296875,412.1700134277344,407.44000244140625,411.8699951171875,86420400
2023-04-13,396.8622741699219,413.4700012207031,413.8399963378906,407.989990234375,409.17999267578125,85814800
2023-04-14,395.8927307128906,412.4599914550781,415.0899963378906,410.05999755859375,412.80999755859375,78161500
2023-04-17,397.3133544921875,413.94000244140625,413.9599914550781,411.0899963378906,412.3699951171875,66436400
2023-04-18,397.572509765625,414.2099914550781,415.7200012207031,412.7799987792969,415.5799865722656,63560000
2023-04-19,397.5053405761719,414.1400146484375,415.0799865722656,412.1600036621094,412.2200012207031,55227300
2023-04-20,395.3360595703125,411.8800048828125,413.70001220703125,410.2699890136719,411.2099914550781,75840400
2023-04-21,395.643310546875,412.20001220703125,412.67999267578125,410.1700134277344,412.19000244140625,73457400
2023-04-24,396.05596923828125,412.6300048828125,413.07000732421875,410.6000061035156,411.989990234375,64332100
2023-04-25,389.76904296875,406.0799865722656,411.1600036621094,406.0199890136719,410.5799865722656,97766700
2023-04-26,388.1181335449219,404.3599853515625,407.8399963378906,403.7799987792969,406.7200012207031,80447000
2023-04-27,395.8448486328125,412.4100036621094,412.69000244140625,406.739990234375,407.0,92968400
2023-04-28,399.2234191894531,415.92999267578125,415.94000244140625,411.42999267578125,411.489990234375,89433100
2023-05-01,398.8203125,415.510009765625,417.6199951171875,415.2699890136719,415.4700012207031,62122300
2023-05-02,394.33782958984375,410.8399963378906,414.82000732421875,407.82000732421875,414.7699890136719,103998500
2023-05-03,391.6311340332031,408.0199890136719,413.8699951171875,407.7699890136719,411.3599853515625,91531800
2023-05-04,388.8572692871094,405.1300048828125,407.2699890136719,403.739990234375,406.92999267578125,94901900
2023-05-05,396.05596923828125,412.6300048828125,413.7200012207031,408.6400146484375,408.9100036621094,87891800
2023-05-08,396.1615905761719,412.739990234375,413.239990234375,411.2799987792969,412.9700012207031,50046800
2023-05-09,394.4242858886719,410.92999267578125,412.0899963378906,410.69000244140625,411.1300048828125,49220100
2023-05-10,396.26715087890625,412.8500061035156,414.5400085449219,408.8699951171875,413.8800048828125,96142900
2023-05-11,395.5760192871094,412.1300048828125,412.42999267578125,409.9700012207031,411.95001220703125,70157100
2023-05-12,395.0577087402344,411.5899963378906,413.6400146484375,409.07000732421875,413.4200134277344,70481500
2023-05-15,396.4207763671875,413.010009765625,413.42999267578125,410.2300109863281,412.2200012207031,54289400
2023-05-16,393.7715759277344,410.25,412.82000732421875,410.239990234375,411.8599853515625,57705500
2023-05-17,398.55157470703125,415.2300109863281,415.8599853515625,410.6400146484375,412.3500061035156,87287000
2023-05-18,402.3908996582031,419.2300109863281,419.6700134277344,414.6700134277344,414.8999938964844,97177200
2023-05-19,401.8053894042969,418.6199951171875,420.7200012207031,417.3500061035156,420.1700134277344,103793300
2023-05-22,401.96856689453125,418.7900085449219,420.3900146484375,417.3500061035156,418.6400146484375,60745400
2023-05-23,397.4572448730469,414.0899963378906,418.7200012207031,413.67999267578125,417.0799865722656,86383500
2023-05-24,394.5778503417969,411.0899963378906,412.82000732421875,409.8800048828125,412.4200134277344,89213700
2023-05-25,397.994873046875,414.6499938964844,416.1600036621094,412.4100036621094,414.739990234375,90961600
2023-05-26,403.1490783691406,420.0199890136719,420.7699890136719,415.25,415.3299865722656,93830000
2023-05-30,403.302734375,420.17999267578125,422.5799865722656,418.739990234375,422.0299987792969,72216000
2023-05-31,401.06634521484375,417.8500061035156,419.2200012207031,416.2200012207031,418.2799987792969,110811800
2023-06-01,404.87689208984375,421.82000732421875,422.9200134277344,416.7900085449219,418.0899963378906,88865000
2023-06-02,410.73175048828125,427.9200134277344,428.739990234375,423.95001220703125,424.5,91426200
2023-06-05,409.9447937011719,427.1000061035156,429.6199951171875,426.3699951171875,428.2799987792969,65460200
2023-06-06,410.8374328613281,428.0299987792969,428.5799865722656,425.989990234375,426.6700134277344,64022200
2023-06-07,409.4168701171875,426.54998779296875,429.6199951171875,426.1099853515625,428.44000244140625,85373300
2023-06-08,411.89324951171875,429.1300048828125,429.6000061035156,425.82000732421875,426.6199951171875,61952800
2023-06-09,412.6322937011719,429.8999938964844,431.989990234375,428.8699951171875,429.9599914550781,85742800
2023-06-12,416.37567138671875,433.79998779296875,433.8800048828125,430.1700134277344,430.9200134277344,76104300
2023-06-13,419.1206970214844,436.6600036621094,437.3299865722656,434.6300048828125,435.32000732421875,95899700
2023-06-14,419.6199035644531,437.17999267578125,439.05999755859375,433.5899963378906,437.010009765625,100612100
2023-06-15,424.82220458984375,442.6000061035156,443.8999938964844,436.2300109863281,436.3299865722656,110303100
2023-06-16,423.3751220703125,439.4599914550781,443.6099853515625,438.9700012207031,443.0199890136719,114165800
2023-06-20,421.1786193847656,437.17999267578125,438.3699951171875,435.0299987792969,437.45001220703125,76160400
2023-06-21,419.0205993652344,434.94000244140625,436.989990234375,434.3299865722656,436.1600036621094,76982300
2023-06-22,420.5331726074219,436.510009765625,436.6199951171875,433.6000061035156,433.95001220703125,70637200
2023-06-23,417.3538818359375,433.2099914550781,435.05999755859375,432.4700012207031,432.92999267578125,92074500
2023-06-26,415.64874267578125,431.44000244140625,434.6099853515625,431.19000244140625,432.6199951171875,72823600
2023-06-27,420.2055969238281,436.1700134277344,436.80999755859375,431.8800048828125,432.3500061035156,72813700
2023-06-28,420.41754150390625,436.3900146484375,437.44000244140625,434.4100036621094,435.04998779296875,75636000
2023-06-29,422.0745544433594,438.1099853515625,438.2799987792969,435.5400085449219,435.9599914550781,67882300
2023-06-30,427.0553283691406,443.2799987792969,444.29998779296875,441.1099853515625,441.44000244140625,104964000
2023-07-03,427.5466613769531,443.7900085449219,444.0799865722656,442.6300048828125,442.9200134277344,32793400
2023-07-05,426.910888671875,443.1300048828125,443.8900146484375,441.8999938964844,441.9100036621094,58418400
2023-07-06,423.56781005859375,439.6600036621094,440.1000061035156,437.05999755859375,439.4200134277344,80658300
2023-07-07,422.4984130859375,438.54998779296875,442.6400146484375,438.29998779296875,438.6300048828125,86134200
2023-07-10,423.56781005859375,439.6600036621094,439.8399963378906,437.5899963378906,438.17999267578125,62443500
2023-07-11,426.265380859375,442.4599914550781,442.9700012207031,439.44000244140625,440.45001220703125,64463800
2023-07-12,429.6950378417969,446.0199890136719,447.4800109863281,444.9100036621094,446.3900146484375,91924500
2023-07-13,433.10540771484375,449.55999755859375,450.3800048828125,447.45001220703125,447.8999938964844,72425200
2023-07-14,432.8357238769531,449.2799987792969,451.3599853515625,448.489990234375,450.4800109863281,69815800
2023-07-17,434.338623046875,450.8399963378906,451.92999267578125,449.0799865722656,449.1300048828125,52680200
2023-07-18,437.5660400390625,454.19000244140625,454.8599853515625,450.04998779296875,450.5,80668200
2023-07-19,438.5390625,455.20001220703125,456.42999267578125,454.1099853515625,455.010009765625,65891700
2023-07-20,435.62957763671875,452.17999267578125,455.1000061035156,451.44000244140625,454.1700134277344,70591600
2023-07-21,435.62957763671875,452.17999267578125,454.1700134277344,452.1700134277344,453.9599914550781,71275600
2023-07-24,437.57568359375,454.20001220703125,455.0400085449219,452.29998779296875,453.3699951171875,54023400
2023-07-25,438.770263671875,455.44000244140625,456.739990234375,453.8699951171875,453.9200134277344,55191200
2023-07-26,438.8377380371094,455.510009765625,456.989990234375,453.3800048828125,454.4700012207031,71052900
2023-07-27,435.92822265625,452.489990234375,459.44000244140625,451.54998779296875,459.0199890136719,92194400
2023-07-28,440.19610595703125,456.9200134277344,457.7799987792969,452.489990234375,455.8800048828125,80011800
2023-07-31,441.0342712402344,457.7900085449219,458.1600036621094,456.04998779296875,457.4100036621094,62040400
2023-08-01,439.77215576171875,456.4800109863281,457.25,455.489990234375,456.2699890136719,55291500
2023-08-02,433.65460205078125,450.1300048828125,453.5199890136719,449.3500061035156,453.25,93933400
2023-08-03,432.41180419921875,448.8399963378906,450.7900085449219,447.3699951171875,448.0400085449219,64276100
2023-08-04,430.45611572265625,446.80999755859375,452.8999938964844,446.2699890136719,450.7200012207031,100128900
2023-08-07,434.2133483886719,450.7099914550781,450.8699951171875,447.989990234375,448.7099914550781,58357500
2023-08-08,432.3251037597656,448.75,450.70001220703125,445.2699890136719,448.0799865722656,71361300
2023-08-09,429.4349365234375,445.75,449.20001220703125,444.9599914550781,449.0299987792969,78789600
2023-08-10,429.58905029296875,445.9100036621094,451.70001220703125,444.70001220703125,448.19000244140625,93005500
2023-08-11,429.3385925292969,445.6499938964844,446.70001220703125,443.3500061035156,443.9700012207031,68690900
2023-08-14,431.70855712890625,448.1099853515625,448.1099853515625,444.3800048828125,444.70001220703125,47867400
2023-08-15,426.6795959472656,442.8900146484375,446.6400146484375,442.29998779296875,446.2699890136719,75707500
2023-08-16,423.54852294921875,439.6400146484375,444.17999267578125,439.5299987792969,442.4599914550781,80107200
2023-08-17,420.3211975097656,436.2900085449219,441.42999267578125,435.75,441.1600036621094,95711300
2023-08-18,420.52349853515625,436.5,437.57000732421875,433.010009765625,433.3699951171875,98852000
2023-08-21,423.259521484375,439.3399963378906,440.1099853515625,435.32000732421875,437.54998779296875,68719000
2023-08-22,422.1130676269531,438.1499938964844,441.17999267578125,437.57000732421875,441.17999267578125,64994200
2023-08-23,426.8144836425781,443.0299987792969,443.6700134277344,439.1000061035156,439.25,68441000
2023-08-24,420.899169921875,436.8900146484375,445.2200012207031,436.8599853515625,444.69000244140625,88517300
2023-08-25,423.8665466308594,439.9700012207031,441.29998779296875,435.0,438.67999267578125,102325100
2023-08-28,426.5544128417969,442.760009765625,443.3999938964844,439.9700012207031,442.239990234375,61595400
2023-08-29,432.7200927734375,449.1600036621094,449.45001220703125,442.4599914550781,442.6499938964844,83081900
2023-08-30,434.50238037109375,451.010009765625,451.6700134277344,448.7799987792969,449.510009765625,69053900
2023-08-31,433.8665771484375,450.3500061035156,452.8299865722656,450.1600036621094,451.6499938964844,66084600
2023-09-01,434.6758117675781,451.19000244140625,453.6700134277344,449.67999267578125,453.1700134277344,58944100
2023-09-05,432.7971496582031,449.239990234375,451.05999755859375,449.1700134277344,450.7300109863281,55166200
2023-09-06,429.8876953125,446.2200012207031,448.510009765625,443.80999755859375,448.3999938964844,70758500
2023-09-07,428.56793212890625,444.8500061035156,445.54998779296875,442.75,443.1099853515625,70355400
2023-09-08,429.21331787109375,445.5199890136719,447.1099853515625,444.5299987792969,444.8999938964844,61659700
2023-09-11,432.0361022949219,448.45001220703125,448.7699890136719,446.4700012207031,448.239990234375,60180100
2023-09-12,429.6661682128906,445.989990234375,448.5299987792969,445.3900146484375,446.95001220703125,67565400
2023-09-13,430.1671142578125,446.510009765625,447.7099914550781,445.0799865722656,446.2200012207031,60199300
2023-09-14,433.8761901855469,450.3599853515625,451.0799865722656,447.7200012207031,449.07000732421875,83430800
2023-09-15,428.6487731933594,443.3699951171875,447.4800109863281,442.9200134277344,447.1400146484375,111848900
2023-09-18,428.90008544921875,443.6300048828125,444.9700012207031,442.55999755859375,443.04998779296875,55752200
2023-09-19,428.0106506347656,442.7099914550781,443.2900085449219,439.94000244140625,442.67999267578125,66514600
2023-09-20,424.0757751464844,438.6400146484375,444.44000244140625,438.42999267578125,444.010009765625,82562600
2023-09-21,417.0664367675781,431.3900146484375,435.9700012207031,431.2300109863281,435.70001220703125,104095800
2023-09-22,416.1286926269531,430.4200134277344,434.1000061035156,429.989990234375,432.45001220703125,100829700
2023-09-25,417.87860107421875,432.2300109863281,432.2699890136719,428.7200012207031,429.1700134277344,70874500
2023-09-26,411.73944091796875,425.8800048828125,429.82000732421875,425.0199890136719,429.0899963378906,96168400
2023-09-27,411.90374755859375,426.04998779296875,427.6700134277344,422.2900085449219,427.0899963378906,104705800
2023-09-28,414.29180908203125,428.5199890136719,430.25,424.8699951171875,425.4800109863281,92258300
2023-09-29,413.2862854003906,427.4800109863281,431.8500061035156,425.9100036621094,431.6700134277344,115111300
2023-10-02,413.1219482421875,427.30999755859375,428.6000061035156,424.4599914550781,426.6199951171875,83798600
2023-10-03,407.5918884277344,421.5899963378906,427.3699951171875,420.17999267578125,425.05999755859375,103760600
2023-10-04,410.5599365234375,424.6600036621094,425.42999267578125,420.55999755859375,422.07000732421875,87453000
2023-10-05,410.40521240234375,424.5,425.3699951171875,421.1700134277344,424.3599853515625,70142700
2023-10-06,415.2779541015625,429.5400085449219,431.1300048828125,420.6000061035156,421.9700012207031,113273300
2023-10-09,417.93658447265625,432.2900085449219,432.8800048828125,427.010009765625,427.5799865722656,80374400
2023-10-10,420.1119384765625,434.5400085449219,437.2200012207031,432.5299987792969,432.94000244140625,78607300
2023-10-11,421.8327941894531,436.32000732421875,436.5799865722656,433.17999267578125,435.6400146484375,62451700
2023-10-12,419.2611389160156,433.6600036621094,437.3399963378906,431.2300109863281,436.95001220703125,81154200
2023-10-13,417.1728210449219,431.5,436.45001220703125,429.8800048828125,435.2099914550781,95143100
2023-10-16,421.56207275390625,436.0400085449219,437.1400146484375,433.57000732421875,433.82000732421875,75433200
2023-10-17,421.5427551269531,436.0199890136719,438.1400146484375,432.45001220703125,432.80999755859375,75324700
2023-10-18,415.9256591796875,430.2099914550781,435.17999267578125,429.0899963378906,434.19000244140625,93559800
2023-10-19,412.27117919921875,426.42999267578125,432.82000732421875,425.7300109863281,430.95001220703125,121323000
2023-10-20,407.2051696777344,421.19000244140625,426.5400085449219,421.0799865722656,425.9800109863281,123919900
2023-10-23,406.4994201660156,420.4599914550781,424.45001220703125,417.79998779296875,419.6099853515625,92035100
2023-10-24,409.5641784667969,423.6300048828125,424.82000732421875,420.739990234375,422.6499938964844,78564200
2023-10-25,403.6860046386719,417.54998779296875,421.9200134277344,417.0199890136719,421.8900146484375,94223200
2023-10-26,398.85198974609375,412.54998779296875,417.3299865722656,411.6000061035156,416.45001220703125,115156800
2023-10-27,397.04412841796875,410.67999267578125,414.6000061035156,409.2099914550781,414.19000244140625,107367700
2023-10-30,401.7911071777344,415.5899963378906,416.67999267578125,412.2200012207031,413.55999755859375,86562700
2023-10-31,404.3144836425781,418.20001220703125,418.5299987792969,414.2099914550781,416.17999267578125,79665200
2023-11-01,408.62640380859375,422.6600036621094,423.5,418.6499938964844,419.20001220703125,98068100
2023-11-02,416.4574279785156,430.760009765625,430.9200134277344,426.55999755859375,426.5799865722656,94938900
2023-11-03,420.2569274902344,434.69000244140625,436.2900085449219,433.010009765625,433.1400146484375,100167800
2023-11-06,421.2237243652344,435.69000244140625,436.1499938964844,433.67999267578125,435.4700012207031,67831700
2023-11-07,422.4225158691406,436.92999267578125,437.5899963378906,434.510009765625,435.69000244140625,64256100
2023-11-08,422.7319641113281,437.25,438.0899963378906,434.8699951171875,437.54998779296875,61746000
2023-11-09,419.4351501464844,433.8399963378906,438.4700012207031,433.3999938964844,438.42999267578125,83174400
2023-11-10,425.9803466796875,440.6099853515625,440.92999267578125,433.8299865722656,435.9800109863281,89462200
2023-11-13,425.57427978515625,440.19000244140625,441.3299865722656,438.4200134277344,439.2300109863281,52236100
2023-11-14,433.8307189941406,448.7300109863281,450.05999755859375,446.0899963378906,446.32000732421875,97176900
2023-11-15,434.74920654296875,449.67999267578125,451.3800048828125,448.79998779296875,450.1099853515625,77327600
2023-11-16,435.2809753417969,450.2300109863281,450.55999755859375,448.1199951171875,449.2200012207031,66665800
2023-11-17,435.8223571777344,450.7900085449219,451.4200134277344,449.2900085449219,450.239990234375,83133200
2023-11-20,439.1770935058594,454.260009765625,455.1300048828125,450.5199890136719,450.5299987792969,69936200
2023-11-21,438.21990966796875,453.2699890136719,454.1300048828125,451.9599914550781,453.17999267578125,49244600
2023-11-22,439.91192626953125,455.0199890136719,456.3800048828125,453.8900146484375,454.9800109863281,59394900
2023-11-24,440.1826477050781,455.29998779296875,455.5,454.7300109863281,455.07000732421875,29737400
2023-11-27,439.38983154296875,454.4800109863281,455.489990234375,454.0799865722656,454.6499938964844,50506000
2023-11-28,439.8249206542969,454.92999267578125,456.2699890136719,453.5,454.0799865722656,62115000
2023-11-29,439.5155029296875,454.6099853515625,458.32000732421875,454.20001220703125,457.1499938964844,63146000
2023-11-30,441.2461242675781,456.3999938964844,456.760009765625,453.3399963378906,455.4800109863281,79752700
2023-12-01,443.8564758300781,459.1000061035156,459.6499938964844,455.1600036621094,455.7699890136719,89183400
2023-12-04,441.5263977050781,456.69000244140625,459.1199951171875,454.3399963378906,455.6000061035156,72430900
2023-12-05,441.4394226074219,456.6000061035156,457.5899963378906,454.8699951171875,455.260009765625,69793500
2023-12-06,439.6605224609375,454.760009765625,458.8399963378906,454.30999755859375,458.80999755859375,69124700
2023-12-07,443.0153503417969,458.2300109863281,458.8999938964844,456.2900085449219,456.9100036621094,66995400
2023-12-08,444.9198913574219,460.20001220703125,460.75,457.2099914550781,457.4599914550781,83194400
2023-12-11,446.65045166015625,461.989990234375,462.1700134277344,459.4700012207031,459.69000244140625,65002200
2023-12-12,448.6904602050781,464.1000061035156,464.20001220703125,460.6000061035156,461.6300048828125,68327600
2023-12-13,454.8778991699219,470.5,470.760009765625,464.1199951171875,464.489990234375,93278000
2023-12-14,456.33782958984375,472.010009765625,473.7300109863281,469.25,472.5,119026000
2023-12-15,455.5863952636719,469.3299865722656,470.70001220703125,467.42999267578125,469.489990234375,141553700
2023-12-18,458.1491394042969,471.9700012207031,472.9800109863281,469.8900146484375,470.9800109863281,70375300
2023-12-19,460.93505859375,474.8399963378906,474.9200134277344,472.45001220703125,472.5299987792969,55761800
2023-12-20,454.5477600097656,468.260009765625,475.8999938964844,467.82000732421875,473.9599914550781,102921000
2023-12-21,458.8577880859375,472.70001220703125,472.9800109863281,468.8399963378906,471.3299865722656,86667500
2023-12-22,459.7799377441406,473.6499938964844,475.3800048828125,471.70001220703125,473.8599853515625,67160400
2023-12-26,461.7213439941406,475.6499938964844,476.5799865722656,473.989990234375,474.07000732421875,55387000
2023-12-27,462.5561828613281,476.510009765625,476.6600036621094,474.8900146484375,475.44000244140625,68000300
2023-12-28,462.7309265136719,476.69000244140625,477.54998779296875,476.260009765625,476.8800048828125,77158100
2023-12-29,461.391357421875,475.30999755859375,477.0299987792969,473.29998779296875,476.489990234375,122283100
2024-01-02,458.8092346191406,472.6499938964844,473.6700134277344,470.489990234375,472.1600036621094,123623700
2024-01-03,455.0622253417969,468.7900085449219,471.19000244140625,468.1700134277344,470.42999267578125,103585900
2024-01-04,453.5964660644531,467.2799987792969,470.9599914550781,467.04998779296875,468.29998779296875,84232200
2024-01-05,454.21771240234375,467.9200134277344,470.44000244140625,466.42999267578125,467.489990234375,86118900
2024-01-08,460.7021789550781,474.6000061035156,474.75,468.29998779296875,468.42999267578125,74879100
2024-01-09,460.00323486328125,473.8800048828125,474.92999267578125,471.3500061035156,471.8699951171875,65931400
2024-01-10,462.6047058105469,476.55999755859375,477.45001220703125,473.8699951171875,474.1600036621094,67310600
2024-01-11,462.40087890625,476.3500061035156,478.1199951171875,472.260009765625,477.5899963378906,77940700
2024-01-12,462.72119140625,476.67999267578125,478.6000061035156,475.2300109863281,477.8399963378906,58026400
2024-01-16,461.0224304199219,474.92999267578125,476.6099853515625,473.05999755859375,475.260009765625,85014900
2024-01-17,458.4597473144531,472.2900085449219,472.7900085449219,469.8699951171875,471.82000732421875,68843900
2024-01-18,462.5367126464844,476.489990234375,477.05999755859375,472.4200134277344,474.010009765625,91856200
2024-01-19,468.3027648925781,482.42999267578125,482.7200012207031,476.5400085449219,477.6499938964844,110834500
2024-01-22,469.2929992675781,483.45001220703125,485.2200012207031,482.7799987792969,484.010009765625,75844900
2024-01-23,470.66168212890625,484.8599853515625,485.1099853515625,482.8900146484375,484.010009765625,49945300
2024-01-24,471.1761779785156,485.3900146484375,488.7699890136719,484.8800048828125,487.80999755859375,81765000
2024-01-25,473.7388610839844,488.0299987792969,488.30999755859375,485.3900146484375,487.5799865722656,72525000
2024-01-26,473.1369934082031,487.4100036621094,489.1199951171875,486.5400085449219,487.5899963378906,76641600
2024-01-29,476.8839111328125,491.2699890136719,491.4200134277344,487.1700134277344,487.7300109863281,61322800
2024-01-30,476.51507568359375,490.8900146484375,491.6199951171875,490.1099853515625,490.55999755859375,58618400
2024-01-31,468.7396545410156,482.8800048828125,489.0799865722656,482.8599853515625,488.6199951171875,126011100
2024-02-01,474.8746337890625,489.20001220703125,489.2300109863281,483.79998779296875,484.6300048828125,91891600
2024-02-02,479.8737487792969,494.3500061035156,496.04998779296875,489.29998779296875,489.6499938964844,99228200
2024-02-05,478.1264953613281,492.54998779296875,494.3800048828125,490.2300109863281,493.70001220703125,75757100
2024-02-06,479.51458740234375,493.9800109863281,494.32000732421875,492.04998779296875,493.5199890136719,55918600
2024-02-07,483.513916015625,498.1000061035156,498.5299987792969,495.3599853515625,496.2900085449219,70556500
2024-02-08,483.7275390625,498.32000732421875,498.7099914550781,497.260009765625,498.1000061035156,52343600
2024-02-09,486.5232238769531,501.20001220703125,501.6499938964844,498.489990234375,498.8399963378906,63979400
2024-02-12,486.30963134765625,500.9800109863281,503.5,500.239990234375,501.1700134277344,56502300
2024-02-13,479.61163330078125,494.0799865722656,497.0899963378906,490.7200012207031,494.5299987792969,113099200
2024-02-14,483.9701843261719,498.57000732421875,499.07000732421875,494.3999938964844,496.7900085449219,68387800
2024-02-15,487.3094482421875,502.010009765625,502.20001220703125,498.79998779296875,499.2900085449219,61683000
2024-02-16,484.8826904296875,499.510009765625,502.8699951171875,498.75,501.70001220703125,75532900
2024-02-20,482.2132263183594,496.760009765625,498.4100036621094,494.45001220703125,497.7200012207031,71736700
2024-02-21,482.6499938964844,497.2099914550781,497.3699951171875,493.55999755859375,495.4200134277344,59293400
2024-02-22,492.6387023925781,507.5,508.489990234375,503.0199890136719,504.010009765625,76402500
2024-02-23,492.97845458984375,507.8500061035156,510.1300048828125,507.1000061035156,509.2699890136719,61321800
2024-02-26,491.1728820800781,505.989990234375,508.75,505.8599853515625,508.29998779296875,50386700
2024-02-27,492.0853271484375,506.92999267578125,507.1600036621094,504.75,506.70001220703125,48854500
2024-02-28,491.43499755859375,506.260009765625,506.8599853515625,504.9599914550781,505.3299865722656,56506600
2024-02-29,493.20172119140625,508.0799865722656,509.739990234375,505.3500061035156,508.07000732421875,83924800
2024-03-01,497.83197021484375,512.8499755859375,513.2899780273438,508.55999755859375,508.9800109863281,76844800
2024-03-04,497.2981262207031,512.2999877929688,514.2000122070312,512.0,512.030029296875,49799300
2024-03-05,492.32806396484375,507.17999267578125,510.70001220703125,504.9100036621094,510.239990234375,72855600
2024-03-06,494.8227844238281,509.75,512.0700073242188,508.4200134277344,510.54998779296875,68382400
2024-03-07,499.73468017578125,514.8099975585938,515.8900146484375,509.80999755859375,513.1400146484375,58652100
2024-03-08,496.73516845703125,511.7200012207031,518.219970703125,511.1300048828125,515.4600219726562,86532500
2024-03-11,496.3079833984375,511.2799987792969,511.8800048828125,508.5,510.4800109863281,62557200
2024-03-12,501.64697265625,516.780029296875,517.3800048828125,510.8599853515625,513.4500122070312,73114400
2024-03-13,500.860595703125,515.969970703125,517.2899780273438,514.489990234375,517.1099853515625,55104100
2024-03-14,499.8704833984375,514.9500122070312,517.1300048828125,511.82000732421875,516.969970703125,110171800
2024-03-15,496.4381408691406,509.8299865722656,511.70001220703125,508.1199951171875,510.2099914550781,107646300
2024-03-18,499.3885498046875,512.8599853515625,515.47998046875,512.4400024414062,514.0,88893300
2024-03-19,502.1636657714844,515.7100219726562,516.0,511.1199951171875,512.1500244140625,60755300
2024-03-20,506.8083801269531,520.47998046875,520.6199951171875,515.0800170898438,515.77001953125,69594600
2024-03-21,508.48321533203125,522.2000122070312,524.1099853515625,521.9099731445312,523.3900146484375,60256100
2024-03-22,507.5192565917969,521.2100219726562,522.6099853515625,520.969970703125,522.1099853515625,79070800
2024-03-25,506.1170959472656,519.77001953125,520.9500122070312,519.6099853515625,519.7999877929688,48512100
2024-03-26,505.1822509765625,518.8099975585938,521.5800170898438,518.4000244140625,521.22998046875,65463700
2024-03-27,509.4277038574219,523.1699829101562,523.2100219726562,519.489990234375,521.7100219726562,82999800
2024-03-28,509.33038330078125,523.0700073242188,524.6099853515625,522.780029296875,523.2100219726562,96294900
2024-04-01,508.4442138671875,522.1599731445312,524.3800048828125,520.969970703125,523.8300170898438,62477500
2024-04-02,505.21148681640625,518.8400268554688,518.97998046875,516.47998046875,518.239990234375,74230300
2024-04-03,505.7664489746094,519.4099731445312,520.9500122070312,517.6699829101562,517.719970703125,59155800
2024-04-04,499.5930480957031,513.0700073242188,523.8699951171875,512.760009765625,523.52001953125,96858100
2024-04-05,504.8121643066406,518.4299926757812,520.4400024414062,514.010009765625,514.4600219726562,74546500
2024-04-08,505.0945739746094,518.719970703125,520.1799926757812,517.8900146484375,519.1500244140625,48401800
2024-04-09,505.6788330078125,519.3200073242188,520.75,514.3499755859375,520.5,68049200
2024-04-10,500.61541748046875,514.1199951171875,516.1599731445312,512.0900268554688,513.47998046875,82652800
2024-04-11,504.3935241699219,518.0,519.47998046875,512.0800170898438,515.6799926757812,70099000
2024-04-12,497.4313049316406,510.8500061035156,515.8200073242188,509.0799865722656,514.3699951171875,92561100
2024-04-15,491.1994934082031,504.45001220703125,515.2999877929688,503.5799865722656,515.1300048828125,92101400
2024-04-16,490.3035888671875,503.5299987792969,506.5,502.2099914550781,504.94000244140625,73484000
2024-04-17,487.4018859863281,500.54998779296875,506.2200012207031,499.1199951171875,506.04998779296875,75910300
2024-04-18,486.39892578125,499.5199890136719,504.1300048828125,498.55999755859375,501.9800109863281,74548100
2024-04-19,482.1534729003906,495.1600036621094,500.4599914550781,493.8599853515625,499.44000244140625,102212600
2024-04-22,486.5937194824219,499.7200012207031,502.3800048828125,495.42999267578125,497.8299865722656,67961000
2024-04-23,492.3678894042969,505.6499938964844,506.0899963378906,499.5299987792969,501.7799987792969,64633600
2024-04-24,492.1342468261719,505.4100036621094,507.3699951171875,503.1300048828125,506.55999755859375,55928100
2024-04-25,490.2646484375,503.489990234375,504.2699890136719,497.489990234375,499.17999267578125,69122400
2024-04-26,494.9093933105469,508.260009765625,509.8800048828125,505.70001220703125,506.3500061035156,64306100
2024-04-29,496.66204833984375,510.05999755859375,510.75,507.25,510.0899963378906,46415400
2024-04-30,488.79437255859375,501.9800109863281,509.55999755859375,501.9800109863281,508.55999755859375,77483600
2024-05-01,487.2071533203125,500.3500061035156,508.19000244140625,499.8699951171875,501.3800048828125,80242800
2024-05-02,491.7641906738281,505.0299987792969,505.8900146484375,499.54998779296875,504.1499938964844,62550200
2024-05-03,497.8597717285156,511.2900085449219,512.5499877929688,508.55999755859375,511.1600036621094,72756700
2024-05-06,503.0010681152344,516.5700073242188,516.6099853515625,513.2999877929688,513.75,47264700
2024-05-07,503.55615234375,517.1400146484375,518.5700073242188,516.4500122070312,517.5599975585938,52561300
2024-05-08,503.60479736328125,517.1900024414062,517.739990234375,515.1400146484375,515.260009765625,42047200
2024-05-09,506.5065002441406,520.1699829101562,520.2100219726562,516.7100219726562,517.3800048828125,43643700
2024-05-10,507.15899658203125,520.8400268554688,522.6400146484375,519.5900268554688,521.8099975585938,52233200
2024-05-13,507.22705078125,520.9099731445312,522.6699829101562,519.739990234375,522.5599975585938,36716400
2024-05-14,509.55419921875,523.2999877929688,523.8300170898438,520.5599975585938,521.1099853515625,57535900
2024-05-15,515.864013671875,529.780029296875,530.0800170898438,525.1799926757812,525.8300170898438,59504900
2024-05-16,514.802734375,528.6900024414062,531.52001953125,528.5399780273438,529.8800048828125,50244800
2024-05-17,515.5427856445312,529.4500122070312,529.52001953125,527.3200073242188,528.8099975585938,59187600
2024-05-20,516.1367797851562,530.0599975585938,531.5599975585938,529.1699829101562,529.5700073242188,37764200
2024-05-21,517.402587890625,531.3599853515625,531.52001953125,529.0700073242188,529.280029296875,33437000
2024-05-22,515.912841796875,529.8300170898438,531.3800048828125,527.5999755859375,530.6500244140625,48390000
2024-05-23,512.1444702148438,525.9600219726562,533.0700073242188,524.719970703125,532.9600219726562,57211200
2024-05-24,515.5330810546875,529.4400024414062,530.27001953125,526.8800048828125,527.8499755859375,41291100
2024-05-28,515.8933715820312,529.8099975585938,530.510009765625,527.1099853515625,530.27001953125,36269600
2024-05-29,512.28076171875,526.0999755859375,527.3099975585938,525.3699951171875,525.6799926757812,45190300
2024-05-30,508.8824157714844,522.6099853515625,525.2000122070312,521.3300170898438,524.52001953125,46377600
2024-05-31,513.5175170898438,527.3699951171875,527.5,518.3599853515625,523.5900268554688,90785800
2024-06-03,513.9360961914062,527.7999877929688,529.3099975585938,522.5999755859375,529.02001953125,46835700
2024-06-04,514.5106201171875,528.3900146484375,529.1500244140625,524.9600219726562,526.4600219726562,34632700
2024-06-05,520.6256713867188,534.6699829101562,534.6900024414062,528.72998046875,530.77001953125,47610400
2024-06-06,520.6159057617188,534.6599731445312,535.4199829101562,532.6799926757812,534.97998046875,30808500
2024-06-07,519.9830322265625,534.010009765625,536.8900146484375,532.5399780273438,533.6599731445312,43224500
2024-06-10,521.5896606445312,535.6599731445312,535.989990234375,532.5700073242188,533.1799926757812,35686100
2024-06-11,522.845703125,536.9500122070312,537.010009765625,532.0499877929688,534.0700073242188,36383400
2024-06-12,527.1398315429688,541.3599853515625,544.1199951171875,540.2999877929688,541.6300048828125,63251300
2024-06-13,528.2012939453125,542.4500122070312,543.3300170898438,539.5900268554688,543.1500244140625,44760900
2024-06-14,528.5226440429688,542.780029296875,542.8099975585938,539.8499755859375,540.8800048828125,40089900
2024-06-17,532.7291259765625,547.0999755859375,548.530029296875,541.6099853515625,542.0800170898438,55839500
2024-06-18,534.0825805664062,548.489990234375,548.6199951171875,546.72998046875,547.1599731445312,41376400
2024-06-20,532.6317749023438,547.0,550.1199951171875,545.1799926757812,549.4400024414062,70328200
2024-06-21,531.9176635742188,544.510009765625,545.6500244140625,543.02001953125,544.4000244140625,64338600
2024-06-24,530.1886596679688,542.739990234375,546.9500122070312,542.6199951171875,544.3300170898438,45528700
2024-06-25,532.2302856445312,544.8300170898438,545.2000122070312,542.4400024414062,543.989990234375,37936200
2024-06-26,532.8945922851562,545.510009765625,546.239990234375,543.030029296875,543.6900024414062,38550600
2024-06-27,533.7347412109375,546.3699951171875,546.9600219726562,544.6099853515625,545.3699951171875,35041500
2024-06-28,531.6343994140625,544.219970703125,550.280029296875,542.9500122070312,547.1599731445312,76144500
2024-07-01,532.728515625,545.3400268554688,545.8800048828125,542.52001953125,545.6300048828125,40297800
2024-07-02,536.3136596679688,549.010009765625,549.010009765625,543.6500244140625,543.7000122070312,40434800
2024-07-03,538.70703125,551.4600219726562,551.8300170898438,548.6500244140625,548.6900024414062,32789900
2024-07-05,541.8134155273438,554.6400146484375,555.0499877929688,551.1199951171875,551.77001953125,41488400
2024-07-08,542.4386596679688,555.280029296875,556.25,554.1900024414062,555.4400024414062,36110500
2024-07-09,542.9661254882812,555.8200073242188,557.1799926757812,555.52001953125,556.260009765625,27289700
2024-07-10,548.3389892578125,561.3200073242188,561.6699829101562,556.77001953125,557.0700073242188,38701200
2024-07-11,543.6107788085938,556.47998046875,562.3300170898438,555.8300170898438,561.4400024414062,53054200
2024-07-12,547.0397338867188,559.989990234375,563.6699829101562,557.1500244140625,557.6300048828125,53084400
2024-07-15,548.5440673828125,561.530029296875,564.8400268554688,559.6300048828125,562.030029296875,40584300
2024-07-16,551.7970581054688,564.8599853515625,565.1599731445312,562.0999755859375,562.8699951171875,36475300
2024-07-17,544.0602416992188,556.9400024414062,560.510009765625,556.6099853515625,558.7999877929688,57119000
2024-07-18,539.8792114257812,552.6599731445312,559.52001953125,550.4299926757812,558.510009765625,56270400
2024-07-19,536.2941284179688,548.989990234375,554.0800170898438,547.9099731445312,552.4199829101562,65509100
2024-07-22,541.8232421875,554.6500244140625,555.27001953125,551.02001953125,553.0,43346700
2024-07-23,540.9732666015625,553.780029296875,556.739990234375,553.280029296875,554.5399780273438,34439600
2024-07-24,528.7135620117188,541.22998046875,549.1699829101562,540.2899780273438,548.8599853515625,74515300
2024-07-25,525.9586791992188,538.4099731445312,547.4600219726562,537.4500122070312,541.3499755859375,61158300
2024-07-26,531.849365234375,544.4400024414062,547.1900024414062,541.489990234375,542.280029296875,53763800
2024-07-29,532.161865234375,544.760009765625,547.0499877929688,542.719970703125,546.02001953125,39515800
2024-07-30,529.4656982421875,542.0,547.3400268554688,538.52001953125,546.260009765625,46853600
2024-07-31,538.072021484375,550.8099975585938,553.5,547.5800170898438,548.97998046875,65663400
2024-08-01,530.4523315429688,543.010009765625,554.8699951171875,539.4299926757812,552.5700073242188,76428700
2024-08-02,520.576171875,532.9000244140625,536.989990234375,528.5999755859375,535.75,82789100
2024-08-05,505.4150695800781,517.3800048828125,523.5800170898438,510.2699890136719,511.6400146484375,146267400
2024-08-06,510.0747985839844,522.1500244140625,529.75,517.8699951171875,519.219970703125,84826300
2024-08-07,506.6654052734375,518.6599731445312,531.5900268554688,518.0499877929688,528.469970703125,70698300
2024-08-08,518.378173828125,530.6500244140625,531.2899780273438,521.8400268554688,523.9099731445312,63276600
2024-08-09,520.6641235351562,532.989990234375,534.510009765625,528.5599975585938,529.8099975585938,45619600
2024-08-12,520.9376831054688,533.27001953125,535.72998046875,530.9500122070312,534.2100219726562,42542100
2024-08-13,529.5047607421875,542.0399780273438,542.280029296875,536.280029296875,536.530029296875,52333100
2024-08-14,531.17529296875,543.75,544.9600219726562,540.1199951171875,542.8499755859375,42446900
2024-08-15,540.2797241210938,553.0700073242188,553.3599853515625,548.8800048828125,549.5,60846800
2024-08-16,541.4910278320312,554.3099975585938,555.02001953125,551.260009765625,551.4199829101562,44430700
2024-08-19,546.66845703125,559.6099853515625,559.6099853515625,553.8599853515625,554.72998046875,39121800
2024-08-20,545.779541015625,558.7000122070312,560.8400268554688,557.3300170898438,559.1500244140625,33732300
2024-08-21,547.6550903320312,560.6199951171875,562.1099853515625,554.72998046875,559.77001953125,41514600
2024-08-22,543.3568725585938,556.219970703125,563.1799926757812,554.97998046875,562.5599975585938,56121500
2024-08-23,549.1301879882812,562.1300048828125,563.0900268554688,557.2899780273438,559.530029296875,50639400
2024-08-26,547.8212280273438,560.7899780273438,563.9099731445312,559.0499877929688,563.1799926757812,35788600
2024-08-27,548.5734252929688,561.5599975585938,562.0599975585938,558.3200073242188,559.489990234375,32693900
2024-08-28,545.3888549804688,558.2999877929688,561.6500244140625,555.0399780273438,561.2100219726562,41066000
2024-08-29,545.4375,558.3499755859375,563.6799926757812,557.1799926757812,560.3099975585938,38715200
2024-08-30,550.644287109375,563.6799926757812,564.2000122070312,557.1400146484375,560.77001953125,62700100
2024-09-03,539.3126831054688,552.0800170898438,560.8099975585938,549.510009765625,560.469970703125,60600100
2024-09-04,538.2088012695312,550.9500122070312,554.4299926757812,549.4600219726562,550.2000122070312,47224900
2024-09-05,536.8997192382812,549.6099853515625,553.7999877929688,547.0999755859375,550.8900146484375,44264300
2024-09-06,527.8637084960938,540.3599853515625,551.5999755859375,539.4400024414062,549.9400024414062,68493800
2024-09-09,533.773681640625,546.4099731445312,547.7100219726562,542.6799926757812,544.6500244140625,40445800
2024-09-10,536.0986328125,548.7899780273438,549.1500244140625,543.3800048828125,548.3599853515625,36394600
2024-09-11,541.5984497070312,554.4199829101562,555.3599853515625,539.9600219726562,548.7000122070312,75248600
2024-09-12,546.1605224609375,559.0900268554688,559.4000244140625,552.739990234375,555.010009765625,51819600
2024-09-13,549.0130004882812,562.010009765625,563.030029296875,559.4500122070312,559.7100219726562,39310500
2024-09-16,549.8237915039062,562.8400268554688,563.1099853515625,559.9000244140625,561.739990234375,36656100
2024-09-17,550.0485229492188,563.0700073242188,566.5800170898438,560.7899780273438,565.0999755859375,49321000
2024-09-18,548.4171142578125,561.4000244140625,568.6900024414062,560.8300170898438,563.739990234375,59044900
2024-09-19,557.7755737304688,570.97998046875,572.8800048828125,568.0800170898438,571.010009765625,75315500
2024-09-20,556.8114013671875,568.25,569.3099975585938,565.1699829101562,567.8400268554688,77503100
2024-09-23,558.2026977539062,569.6699829101562,570.3300170898438,568.0999755859375,569.3400268554688,44116900
2024-09-24,559.7998657226562,571.2999877929688,571.3599853515625,567.5999755859375,570.47998046875,46805700
2024-09-25,558.5653076171875,570.0399780273438,571.8900146484375,568.9099731445312,571.1400146484375,38428600
2024-09-26,560.7798461914062,572.2999877929688,574.7100219726562,569.9000244140625,574.3800048828125,48336000
2024-09-27,559.9664916992188,571.469970703125,574.219970703125,570.4199829101562,573.3900146484375,42100900
2024-09-30,562.2103881835938,573.760009765625,574.3800048828125,568.0800170898438,570.4199829101562,63557400
2024-10-01,557.1738891601562,568.6199951171875,574.0599975585938,566.0,573.4000244140625,72668800
2024-10-02,557.4089965820312,568.8599853515625,569.9000244140625,565.27001953125,567.7100219726562,38097800
2024-10-03,556.3900146484375,567.8200073242188,569.7999877929688,565.489990234375,567.3599853515625,40846500
2024-10-04,561.4461059570312,572.97998046875,573.3599853515625,568.0999755859375,572.3499755859375,42939100
2024-10-07,556.3704223632812,567.7999877929688,571.9600219726562,566.6300048828125,571.2999877929688,49964700
2024-10-08,561.6322631835938,573.1699829101562,573.780029296875,569.530029296875,570.4199829101562,37398700
2024-10-09,565.5225219726562,577.1400146484375,577.7100219726562,572.5499877929688,573.1599731445312,37912200
2024-10-10,564.53271484375,576.1300048828125,577.5800170898438,574.489990234375,575.77001953125,44138100
2024-10-11,567.9132690429688,579.5800170898438,580.3300170898438,575.9099731445312,576.0499877929688,42268000
2024-10-14,572.557861328125,584.3200073242188,585.27001953125,580.72998046875,581.219970703125,36217200
2024-10-15,568.1093139648438,579.780029296875,584.9000244140625,578.5399780273438,584.5900268554688,54203600
2024-10-16,570.5785522460938,582.2999877929688,582.8300170898438,578.9600219726562,579.780029296875,30725400
2024-10-17,570.6275024414062,582.3499755859375,586.1199951171875,582.1599731445312,585.9099731445312,34393700
2024-10-18,572.8223876953125,584.5900268554688,585.3900146484375,582.5800170898438,584.0700073242188,37416800
2024-10-21,571.8817138671875,583.6300048828125,584.8499755859375,580.5999755859375,583.8499755859375,36439000
2024-10-22,571.5780029296875,583.3200073242188,584.5,580.3800048828125,581.0499877929688,34183800
2024-10-23,566.3552856445312,577.989990234375,581.7100219726562,574.4199829101562,581.260009765625,49314600
2024-10-24,567.5802001953125,579.239990234375,580.0599975585938,576.5700073242188,579.97998046875,34979900
2024-10-25,567.384033203125,579.0399780273438,584.4600219726562,578.0800170898438,581.510009765625,47268200
2024-10-28,569.13818359375,580.8300170898438,582.7100219726562,580.52001953125,582.5800170898438,30174700
2024-10-29,570.0592041015625,581.77001953125,582.9099731445312,578.4299926757812,579.8499755859375,42899700
2024-10-30,568.3346557617188,580.010009765625,583.3200073242188,579.2899780273438,581.2899780273438,41435800
2024-10-31,557.1935424804688,568.6400146484375,575.6300048828125,568.4400024414062,575.5599975585938,60182500
2024-11-01,559.545166015625,571.0399780273438,575.5499877929688,570.6199951171875,571.3200073242188,45667500
2024-11-04,558.3399047851562,569.8099975585938,572.5,567.8900146484375,571.1799926757812,38217000
2024-11-05,565.0911865234375,576.7000122070312,576.739990234375,570.52001953125,570.739990234375,39478300
2024-11-06,579.142578125,591.0399780273438,591.9299926757812,585.3900146484375,589.2000122070312,68182000
2024-11-07,583.6205444335938,595.6099853515625,596.6500244140625,593.0,593.0800170898438,47233200
2024-11-08,586.1487426757812,598.1900024414062,599.6400146484375,596.1699829101562,596.1699829101562,46444900
2024-11-11,586.7071533203125,598.760009765625,600.1699829101562,597.0,599.8099975585938,37586800
2024-11-12,584.8847045898438,596.9000244140625,599.2899780273438,594.3699951171875,598.6799926757812,43006100
2024-11-13,585.1688232421875,597.1900024414062,599.22998046875,594.9600219726562,597.3699951171875,47388600
2024-11-14,581.406005859375,593.3499755859375,597.8099975585938,592.6500244140625,597.3200073242188,38904100
2024-11-15,573.9590454101562,585.75,590.2000122070312,583.8599853515625,589.719970703125,75988800
2024-11-18,576.310791015625,588.1500244140625,589.489990234375,585.3400268554688,586.219970703125,37001700
2024-11-19,578.41748046875,590.2999877929688,591.0399780273438,584.030029296875,584.7100219726562,49412000
2024-11-20,578.6134643554688,590.5,590.7899780273438,584.6300048828125,590.3800048828125,50032600
2024-11-21,581.7196044921875,593.6699829101562,595.1199951171875,587.4500122070312,593.4000244140625,46750300
2024-11-22,583.5225830078125,595.510009765625,596.1500244140625,593.1500244140625,593.6599731445312,38226400
2024-11-25,585.5020141601562,597.530029296875,600.8599853515625,595.2000122070312,599.52001953125,42441400
2024-11-26,588.55908203125,600.6500244140625,601.3300170898438,598.0700073242188,598.7999877929688,45621300
2024-11-27,586.77587890625,598.8300170898438,600.8499755859375,597.280029296875,600.4600219726562,34000200
2024-11-29,590.4208984375,602.5499877929688,603.3499755859375,599.3800048828125,599.6599731445312,30177400
2024-12-02,591.4791870117188,603.6300048828125,604.3200073242188,602.469970703125,602.969970703125,31746000
2024-12-03,591.75341796875,603.9099731445312,604.1599731445312,602.3400268554688,603.3900146484375,26906600
2024-12-04,595.4281005859375,607.6599731445312,607.9099731445312,604.9500122070312,605.6300048828125,42787600
2024-12-05,594.4480590820312,606.6599731445312,608.47998046875,606.2999877929688,607.6599731445312,28762200
2024-12-06,595.5750732421875,607.8099975585938,609.0700073242188,607.02001953125,607.4400024414062,31241500
2024-12-09,592.5079956054688,604.6799926757812,607.8599853515625,604.0800170898438,607.6900024414062,34742700
2024-12-10,590.6658325195312,602.7999877929688,605.7999877929688,602.1300048828125,605.3699951171875,37234500
2024-12-11,595.2319946289062,607.4600219726562,608.4299926757812,605.5,605.780029296875,28677700
2024-12-12,592.1651000976562,604.3300170898438,607.1599731445312,604.3300170898438,606.5800170898438,31543800
2024-12-13,592.0475463867188,604.2100219726562,607.1300048828125,602.8099975585938,606.4000244140625,35904700
2024-12-16,594.5756225585938,606.7899780273438,607.780029296875,605.2100219726562,606.0,43695200
2024-12-17,592.1257934570312,604.2899780273438,605.1699829101562,602.8900146484375,604.1900024414062,55773500
2024-12-18,574.478515625,586.280029296875,606.4099731445312,585.8900146484375,603.97998046875,108248700
2024-12-19,574.302001953125,586.0999755859375,593.0,585.8499755859375,591.3599853515625,85919500
2024-12-20,581.2000122070312,591.1500244140625,595.75,580.9099731445312,581.77001953125,125716700
2024-12-23,584.680419921875,594.6900024414062,595.2999877929688,587.6599731445312,590.8900146484375,57635800
2024-12-24,591.1791381835938,601.2999877929688,601.3400268554688,595.469970703125,596.0599975585938,33160100
2024-12-26,591.218505859375,601.3400268554688,602.47998046875,598.0800170898438,599.5,41219100
2024-12-27,584.9949340820312,595.010009765625,597.780029296875,590.760009765625,597.5399780273438,64969300
2024-12-30,578.3192138671875,588.219970703125,591.739990234375,584.4099731445312,587.8900146484375,56578800
2024-12-31,576.2151489257812,586.0800170898438,590.6400146484375,584.4199829101562,589.9099731445312,57052700
2025-01-02,574.799560546875,584.6400146484375,591.1300048828125,580.5,589.3900146484375,50204000
2025-01-03,581.9865112304688,591.9500122070312,592.5999755859375,586.4299926757812,587.530029296875,37888500
2025-01-06,585.3390502929688,595.3599853515625,599.7000122070312,593.5999755859375,596.27001953125,47679400
2025-01-07,578.7223510742188,588.6300048828125,597.75,586.780029296875,597.4199829101562,60393100
2025-01-08,579.56787109375,589.489990234375,590.5800170898438,585.2000122070312,588.7000122070312,47304700
2025-01-10,570.7192993164062,580.489990234375,585.9500122070312,578.5499877929688,585.8800048828125,73105000
2025-01-13,571.604248046875,581.3900146484375,581.75,575.3499755859375,575.77001953125,47910100
2025-01-14,572.3907470703125,582.1900024414062,585.0,578.3499755859375,584.3599853515625,48420600
2025-01-15,582.8025512695312,592.780029296875,593.9400024414062,589.2000122070312,590.3300170898438,56900200
2025-01-16,581.6817626953125,591.6400146484375,594.3499755859375,590.9299926757812,594.1699829101562,43319700
2025-01-17,587.521728515625,597.5800170898438,599.3599853515625,595.6099853515625,596.9600219726562,58070600
2025-01-21,592.8995971679688,603.0499877929688,603.0599975585938,598.6699829101562,600.6699829101562,42532900
2025-01-22,596.232666015625,606.4400024414062,607.8200073242188,605.3599853515625,605.9199829101562,48196000
2025-01-23,599.4868774414062,609.75,609.75,605.52001953125,605.7999877929688,41152100
2025-01-24,597.73681640625,607.969970703125,610.780029296875,606.7999877929688,609.8099975585938,34604700
2025-01-27,589.2816162109375,599.3699951171875,599.6900024414062,594.6400146484375,594.8099975585938,70361100
2025-01-28,594.3448486328125,604.52001953125,605.3699951171875,597.25,600.6199951171875,44433300
2025-01-29,591.6805419921875,601.8099975585938,604.1300048828125,599.219970703125,603.719970703125,37177400
2025-01-30,594.8561401367188,605.0399780273438,606.5999755859375,600.719970703125,603.9600219726562,39281300
2025-01-31,591.6903076171875,601.8200073242188,609.9600219726562,601.0499877929688,607.5,66566900
2025-02-03,587.70849609375,597.77001953125,600.2899780273438,590.489990234375,592.6699829101562,65857200
2025-02-04,591.6510009765625,601.780029296875,602.2999877929688,597.280029296875,597.8300170898438,33457800
2025-02-05,594.0499267578125,604.219970703125,604.3699951171875,598.5800170898438,600.6400146484375,30653100
2025-02-06,596.1145629882812,606.3200073242188,606.4500122070312,602.6300048828125,605.989990234375,35771500
2025-02-07,590.6580810546875,600.77001953125,608.1300048828125,600.0499877929688,606.8900146484375,50788500
2025-02-10,594.6693725585938,604.8499755859375,605.5,602.739990234375,604.030029296875,26048700
2025-02-11,595.1216430664062,605.3099975585938,605.8599853515625,602.4299926757812,602.5499877929688,30056700
2025-02-12,593.2044067382812,603.3599853515625,604.5499877929688,598.510009765625,599.2000122070312,45076100
2025-02-13,599.4672241210938,609.72998046875,609.9400024414062,603.2000122070312,604.47998046875,40921300
2025-02-14,599.4376831054688,609.7000122070312,610.989990234375,609.0700073242188,609.9400024414062,26910400
2025-02-18,601.1975708007812,611.489990234375,611.489990234375,608.3800048828125,610.8800048828125,26749000
2025-02-19,602.61328125,612.9299926757812,613.22998046875,609.5599975585938,610.0800170898438,31011100
2025-02-20,600.1062622070312,610.3800048828125,611.6799926757812,607.02001953125,611.5399780273438,36554000
2025-02-21,589.842041015625,599.9400024414062,610.2999877929688,599.469970703125,610.1599731445312,76519800
2025-02-24,587.157958984375,597.2100219726562,603.030029296875,596.489990234375,602.02001953125,50737200
2025-02-25,584.2379150390625,594.239990234375,597.8900146484375,589.5599975585938,597.1500244140625,58266500
2025-02-26,584.5328369140625,594.5399780273438,599.5800170898438,591.8599853515625,595.9299926757812,43321600
2025-02-27,575.2026977539062,585.0499877929688,598.02001953125,584.6500244140625,596.8499755859375,74196700
2025-02-28,584.1788940429688,594.1799926757812,594.719970703125,582.4400024414062,585.5599975585938,88744100
2025-03-03,573.9441528320312,583.77001953125,597.3400268554688,579.9000244140625,596.1799926757812,74249200
2025-03-04,567.150390625,576.8599853515625,585.3900146484375,572.25,579.7100219726562,109648200
2025-03-05,573.24609375,583.0599975585938,584.8800048828125,573.0800170898438,576.6900024414062,71230500
2025-03-06,563.0703735351562,572.7100219726562,580.1699829101562,570.1199951171875,575.47998046875,80094900
2025-03-07,566.2262573242188,575.9199829101562,577.3900146484375,565.6300048828125,570.9000244140625,81158800
2025-03-10,551.14453125,560.5800170898438,569.5399780273438,555.5900268554688,567.5900268554688,99326600
2025-03-11,546.5628662109375,555.9199829101562,564.02001953125,552.02001953125,559.4000244140625,88102100
2025-03-12,549.4632568359375,558.8699951171875,563.1099853515625,553.6900024414062,562.1699829101562,69588200
2025-03-13,542.1386108398438,551.4199829101562,559.1099853515625,549.6799926757812,558.489990234375,74079400
2025-03-14,553.3369140625,562.8099975585938,563.8300170898438,551.489990234375,556.1099853515625,62660300
2025-03-17,557.6039428710938,567.1500244140625,569.7100219726562,562.3499755859375,562.7899780273438,49008700
2025-03-18,551.5770874023438,561.02001953125,565.02001953125,559.0599975585938,564.7999877929688,66041400
2025-03-19,557.5842895507812,567.1300048828125,570.9500122070312,561.6300048828125,562.8300170898438,66556000
2025-03-20,555.9718627929688,565.489990234375,570.5700073242188,562.5999755859375,563.3300170898438,62958200
2025-03-21,556.1552734375,563.97998046875,564.8900146484375,558.030029296875,559.280029296875,83763000
2025-03-24,566.1151733398438,574.0800170898438,575.1500244140625,570.2000122070312,570.7999877929688,58766800
2025-03-25,567.4760131835938,575.4600219726562,576.4099731445312,573.6900024414062,575.2999877929688,38355700
2025-03-26,560.7013549804688,568.5900268554688,576.3300170898438,567.1900024414062,575.1900024414062,51848300
2025-03-27,559.2122802734375,567.0800170898438,570.9000244140625,564.9400024414062,567.1799926757812,42164200
2025-03-28,547.95068359375,555.6599731445312,566.27001953125,555.0700073242188,565.530029296875,71662700
2025-03-31,551.62890625,559.3900146484375,560.7100219726562,546.8699951171875,549.8300170898438,95328200
2025-04-01,553.1869506835938,560.969970703125,562.9400024414062,553.6799926757812,557.4500122070312,54609600
2025-04-02,556.687744140625,564.52001953125,567.4199829101562,554.8099975585938,555.0499877929688,76014500
2025-04-03,529.2537841796875,536.7000122070312,547.969970703125,536.7000122070312,545.1099853515625,125986000
2025-04-04,498.2696838378906,505.2799987792969,525.8699951171875,505.05999755859375,523.6699829101562,217965100
2025-04-07,497.3821716308594,504.3800048828125,523.1699829101562,481.79998779296875,489.19000244140625,256611400
2025-04-08,489.591796875,496.4800109863281,524.97998046875,489.1600036621094,521.8599853515625,165816600
2025-04-09,541.0084838867188,548.6199951171875,548.6199951171875,493.04998779296875,493.44000244140625,241867300
2025-04-10,517.3018798828125,524.5800170898438,533.5,509.32000732421875,532.1699829101562,162331200
2025-04-11,526.531982421875,533.9400024414062,536.4299926757812,520.0700073242188,523.010009765625,97866300
2025-04-14,531.6401977539062,539.1199951171875,544.280029296875,533.8599853515625,544.0499877929688,68034000
2025-04-15,530.151123046875,537.6099853515625,543.22998046875,536.8099975585938,539.6699829101562,56892900
2025-04-16,518.366943359375,525.6599731445312,537.8900146484375,520.2899780273438,531.6799926757812,83484800
2025-04-17,519.1065063476562,526.4099731445312,531.1699829101562,523.9099731445312,527.6400146484375,79868100
2025-04-21,506.7503356933594,513.8800048828125,521.7000122070312,508.4599914550781,521.1599731445312,69368100
2025-04-22,519.9349365234375,527.25,529.2999877929688,519.1900024414062,520.1400146484375,75948100
2025-04-23,527.991455078125,535.4199829101562,545.4299926757812,533.8800048828125,540.4299926757812,90590700
2025-04-24,539.105224609375,546.6900024414062,547.4299926757812,535.4500122070312,536.719970703125,64150400
2025-04-25,543.0003662109375,550.6400146484375,551.0499877929688,543.6900024414062,546.6500244140625,61119600
2025-04-28,543.2073974609375,550.8499755859375,553.5499877929688,545.02001953125,551.3900146484375,47613800
2025-04-29,546.6293334960938,554.3200073242188,555.4500122070312,548.5499877929688,548.9099731445312,47775100
2025-04-30,546.84619140625,554.5399780273438,556.52001953125,541.52001953125,547.5700073242188,93101500
2025-05-01,550.7216796875,558.469970703125,564.0700073242188,557.8599853515625,560.3699951171875,63186100
2025-05-02,558.8966064453125,566.760009765625,568.3800048828125,562.3800048828125,564.72998046875,60717300
2025-05-05,555.6918334960938,563.510009765625,566.6500244140625,561.7000122070312,562.5700073242188,38659200
2025-05-06,551.047119140625,558.7999877929688,563.3499755859375,556.9600219726562,557.9299926757812,48264700
2025-05-07,553.3645629882812,561.1500244140625,563.8200073242188,556.0399780273438,560.1500244140625,55588000
2025-05-08,557.2203369140625,565.0599975585938,570.3099975585938,561.7000122070312,565.239990234375,65130800
2025-05-09,556.51025390625,564.3400268554688,567.5,562.760009765625,566.47998046875,37603400
2025-05-12,574.9014892578125,582.989990234375,583.0,577.0399780273438,581.469970703125,78993600
2025-05-13,578.6981811523438,586.8400268554688,589.0800170898438,582.8400268554688,583.4099731445312,67947200
2025-05-14,579.437744140625,587.5900268554688,588.97998046875,585.5399780273438,587.8099975585938,66283500
2025-05-15,582.2679443359375,590.4600219726562,590.969970703125,585.0999755859375,585.5599975585938,71268100
2025-05-16,585.9559936523438,594.2000122070312,594.5,589.280029296875,591.25,76052100
2025-05-19,586.596923828125,594.8499755859375,595.5399780273438,588.0999755859375,588.0999755859375,68168500
2025-05-20,584.6246948242188,592.8499755859375,594.0499877929688,589.5999755859375,593.0900268554688,60614500
2025-05-21,574.7733154296875,582.8599853515625,592.5800170898438,581.8200073242188,588.4400024414062,95197700
2025-05-22,575.0001831054688,583.0900268554688,586.6199951171875,581.4099731445312,582.6599731445312,70860400
2025-05-23,571.0753173828125,579.1099853515625,581.8099975585938,575.5999755859375,575.97998046875,76029000
2025-05-27,582.9484252929688,591.1500244140625,591.3099975585938,578.4299926757812,586.0700073242188,72588500
2025-05-28,579.5757446289062,587.72998046875,592.77001953125,586.989990234375,591.5599975585938,68445500
2025-05-29,581.8635864257812,590.0499877929688,593.2000122070312,586.0700073242188,593.0599975585938,69973300
2025-05-30,581.2127685546875,589.3900146484375,591.1300048828125,583.239990234375,588.9299926757812,90601200
2025-06-02,584.4866333007812,592.7100219726562,592.7899780273438,585.0599975585938,587.760009765625,61630500
2025-06-03,587.8197631835938,596.0900268554688,597.0800170898438,591.8499755859375,592.3400268554688,63606200
2025-06-04,587.6619873046875,595.9299926757812,597.9500122070312,595.489990234375,596.9600219726562,57314200
2025-06-05,584.8219604492188,593.0499877929688,599.0,591.0499877929688,597.6300048828125,92278700
2025-06-06,590.8274536132812,599.1400146484375,600.8300170898438,596.8599853515625,598.6599731445312,66588700
2025-06-09,591.3599853515625,599.6799926757812,601.25,598.489990234375,599.719970703125,53016400
2025-06-10,594.7127685546875,603.0800170898438,603.469970703125,599.0900268554688,600.219970703125,66247000
2025-06-11,593.0167236328125,601.3599853515625,605.0599975585938,599.27001953125,604.1900024414062,73658200
2025-06-12,595.3734741210938,603.75,603.75,599.52001953125,600.010009765625,64129000
2025-06-13,588.7171630859375,597.0,601.8499755859375,595.47998046875,598.5,89506000
2025-06-16,594.318359375,602.6799926757812,604.4500122070312,600.219970703125,600.4000244140625,79984100
2025-06-17,589.2398681640625,597.530029296875,601.75,596.760009765625,600.2100219726562,82209400
2025-06-18,589.1510009765625,597.4400024414062,601.219970703125,596.469970703125,598.4400024414062,76605000
2025-06-20,587.7673950195312,594.280029296875,599.4600219726562,592.8599853515625,598.3800048828125,94051400
2025-06-23,593.5730590820312,600.1500244140625,600.5399780273438,591.8900146484375,595.0399780273438,87426000
2025-06-24,600.13037109375,606.780029296875,607.8499755859375,603.4099731445312,604.3300170898438,67735300
2025-06-25,600.4666137695312,607.1199951171875,608.6099853515625,605.5399780273438,607.9099731445312,62114800
2025-06-26,605.1646118164062,611.8699951171875,612.3099975585938,608.3699951171875,608.989990234375,78548400
2025-06-27,608.1712036132812,614.9099731445312,616.3900146484375,610.8300170898438,612.8800048828125,86258400
2025-06-30,611.0790405273438,617.8499755859375,619.219970703125,615.0399780273438,617.3800048828125,92502500
2025-07-01,610.88134765625,617.6500244140625,618.8300170898438,615.52001953125,616.3599853515625,70030100
2025-07-02,613.6505737304688,620.4500122070312,620.489990234375,616.6099853515625,617.239990234375,66510400
2025-07-03,618.4869995117188,625.3400268554688,626.280029296875,622.4299926757812,622.4500122070312,51065800
2025-07-07,613.8780517578125,620.6799926757812,624.030029296875,617.8699951171875,623.3599853515625,74814500
2025-07-08,613.541748046875,620.3400268554688,622.1099853515625,619.52001953125,621.3499755859375,59024600
2025-07-09,617.2210083007812,624.0599975585938,624.719970703125,620.9099731445312,622.77001953125,66113300
2025-07-10,618.9617919921875,625.8200073242188,626.8699951171875,623.010009765625,624.2000122070312,57529000
2025-07-11,616.7858276367188,623.6199951171875,624.8599853515625,621.530029296875,622.739990234375,63670200
2025-07-14,617.9627685546875,624.8099975585938,625.1599731445312,621.7999877929688,623.1599731445312,51898500
2025-07-15,615.3220825195312,622.1400146484375,627.8599853515625,622.0599975585938,627.52001953125,74317300
2025-07-16,617.3792114257812,624.219970703125,624.72998046875,618.0499877929688,623.739990234375,88987500
2025-07-17,621.1573486328125,628.0399780273438,628.4000244140625,624.1799926757812,624.4000244140625,68885700
2025-07-18,620.7025146484375,627.5800170898438,629.469970703125,626.4600219726562,629.2999877929688,65621600
2025-07-21,621.87939453125,628.77001953125,631.5399780273438,628.3400268554688,628.77001953125,63375000
2025-07-22,621.9683837890625,628.8599853515625,629.72998046875,626.1900024414062,629.0999755859375,60046300
2025-07-23,627.2597045898438,634.2100219726562,634.2100219726562,629.72998046875,631.5499877929688,70511000
2025-07-24,627.4674682617188,634.4199829101562,636.1500244140625,633.989990234375,634.5999755859375,71307100
2025-07-25,630.1181030273438,637.0999755859375,637.5800170898438,634.8400268554688,635.0900268554688,56865400
2025-07-28,629.9598388671875,636.9400024414062,638.0399780273438,635.5399780273438,637.47998046875,54917100
2025-07-29,628.2982788085938,635.260009765625,638.6699829101562,634.3400268554688,638.3499755859375,60556300
2025-07-30,627.5070190429688,634.4600219726562,637.6799926757812,631.5399780273438,635.9199829101562,80418900
2025-07-31,625.1531982421875,632.0800170898438,639.8499755859375,630.77001953125,639.4600219726562,103385200
2025-08-01,614.9066162109375,621.719970703125,626.3400268554688,619.2899780273438,626.2999877929688,140103600
2025-08-04,624.2530517578125,631.1699829101562,631.219970703125,625.5800170898438,625.6699829101562,73218000
2025-08-05,621.0880737304688,627.969970703125,632.6099853515625,627.0399780273438,631.7899780273438,68051400
2025-08-06,625.8455200195312,632.780029296875,633.4400024414062,628.1300048828125,629.0499877929688,64357500
2025-08-07,625.3212890625,632.25,636.97998046875,629.1099853515625,636.239990234375,74205800
2025-08-08,630.1972045898438,637.1799926757812,637.6500244140625,633.739990234375,634.0599975585938,64051600
2025-08-11,628.9509887695312,635.9199829101562,638.9500122070312,634.6599731445312,637.4600219726562,58742300
2025-08-12,635.6467895507812,642.6900024414062,642.8499755859375,636.7899780273438,638.2899780273438,64730800
2025-08-13,637.8228149414062,644.8900146484375,646.1900024414062,642.6799926757812,644.9099731445312,60092800
2025-08-14,637.882080078125,644.9500122070312,645.6199951171875,642.3400268554688,642.7899780273438,59327500
2025-08-15,636.3886108398438,643.4400024414062,646.0900268554688,642.52001953125,645.989990234375,68592500
2025-08-18,636.2501831054688,643.2999877929688,644.0,642.1799926757812,642.8599853515625,43804900
2025-08-19,632.7984008789062,639.8099975585938,644.1099853515625,638.47998046875,643.1199951171875,69750700
2025-08-20,631.1170043945312,638.1099853515625,639.6599731445312,632.9500122070312,639.4000244140625,88890300
2025-08-21,628.5850830078125,635.5499877929688,637.969970703125,633.8099975585938,636.280029296875,54805800
2025-08-22,638.2381591796875,645.3099975585938,646.5,637.25,637.760009765625,84083200
2025-08-25,635.4292602539062,642.469970703125,645.2899780273438,642.3499755859375,644.0399780273438,51274300
2025-08-26,638.0897827148438,645.1599731445312,645.510009765625,641.5700073242188,642.2000122070312,51581600
2025-08-27,639.5436401367188,646.6300048828125,647.3699951171875,644.4199829101562,644.5700073242188,48341100
2025-08-28,641.8085327148438,648.9199829101562,649.47998046875,645.3400268554688,647.239990234375,61519500
2025-08-29,637.9810180664062,645.0499877929688,647.8400268554688,643.1400146484375,647.469970703125,74522200
2025-09-02,633.2533569335938,640.27001953125,640.489990234375,634.9199829101562,637.5,81983500
2025-09-03,636.6853637695312,643.739990234375,644.2100219726562,640.4600219726562,642.6699829101562,70820900
2025-09-04,642.0064086914062,649.1199951171875,649.1500244140625,643.510009765625,644.4199829101562,65219200
2025-09-05,640.1470336914062,647.239990234375,652.2100219726562,643.3300170898438,651.47998046875,85178900
2025-09-08,641.7195434570312,648.8300170898438,649.8400268554688,647.22998046875,648.6199951171875,63133100
2025-09-09,643.203125,650.3300170898438,650.8599853515625,647.219970703125,648.969970703125,66133900
2025-09-10,645.0625610351562,652.2100219726562,654.5499877929688,650.6300048828125,653.6199951171875,78034500
2025-09-11,650.423095703125,657.6300048828125,658.3300170898438,653.5900268554688,654.1799926757812,69934400
2025-09-12,650.20556640625,657.4099731445312,659.1099853515625,656.9000244140625,657.5999755859375,72780100
2025-09-15,653.6671142578125,660.9099731445312,661.0399780273438,659.3400268554688,659.6400146484375,63772400
2025-09-16,652.7671508789062,660.0,661.780029296875,659.2100219726562,661.469970703125,61169000
2025-09-17,651.9561157226562,659.1799926757812,661.719970703125,654.2999877929688,660.010009765625,101952200
2025-09-18,655.0023803710938,662.260009765625,664.8900146484375,660.27001953125,661.8900146484375,90459200
2025-09-19,658.2465209960938,663.7000122070312,664.5499877929688,660.3699951171875,662.3300170898438,97945600
2025-09-22,661.3607177734375,666.8400268554688,667.2899780273438,662.1699829101562,662.2000122070312,69452200
2025-09-23,657.7605590820312,663.2100219726562,667.3400268554688,661.97998046875,666.719970703125,81708900
2025-09-24,655.6677856445312,661.0999755859375,664.6099853515625,659.6699829101562,664.510009765625,68082200
2025-09-25,652.6429443359375,658.0499877929688,659.4099731445312,654.4099731445312,657.9400024414062,89622100
2025-09-26,656.3819580078125,661.8200073242188,662.3699951171875,657.8800048828125,659.510009765625,69179200
2025-09-29,658.2266845703125,663.6799926757812,665.280029296875,661.8599853515625,664.3599853515625,73499000
2025-09-30,660.7061157226562,666.1799926757812,666.6500244140625,661.6099853515625,662.9299926757812,86288000
2025-10-01,662.9574584960938,668.4500122070312,669.3699951171875,663.0599975585938,663.1699829101562,72545400
2025-10-02,663.7210693359375,669.219970703125,670.5700073242188,666.780029296875,670.4500122070312,56896000
2025-10-03,663.7112426757812,669.2100219726562,672.6799926757812,668.1599731445312,669.989990234375,70494400
2025-10-06,666.0914916992188,671.6099853515625,672.510009765625,669.4600219726562,671.6199951171875,54623300
2025-10-07,663.6219482421875,669.1199951171875,672.989990234375,667.6699829101562,672.5399780273438,72020100
2025-10-08,667.5791625976562,673.1099853515625,673.2100219726562,669.4199829101562,670.25,60702200
2025-10-09,665.6452026367188,671.1599731445312,673.9400024414062,669.2100219726562,673.530029296875,66501900
2025-10-10,647.6542358398438,653.02001953125,673.9500122070312,652.8400268554688,672.1300048828125,159422600
2025-10-13,657.5919189453125,663.0399780273438,665.1300048828125,659.77001953125,660.6500244140625,79560500
2025-10-14,656.78857421875,662.22998046875,665.8300170898438,653.1699829101562,657.1699829101562,88779600
2025-10-15,659.7044067382812,665.1699829101562,670.22998046875,658.9299926757812,666.8200073242188,81702600
2025-10-16,655.2117309570312,660.6400146484375,668.7100219726562,657.1099853515625,666.8200073242188,110563300
2025-10-17,658.9308471679688,664.3900146484375,665.760009765625,658.1400146484375,659.5,96500900
2025-10-20,665.7840576171875,671.2999877929688,672.2100219726562,667.27001953125,667.3200073242188,60493400
2025-10-21,665.7741088867188,671.2899780273438,672.989990234375,669.97998046875,671.4400024414062,56249000
2025-10-22,662.3128051757812,667.7999877929688,672.0,663.2999877929688,672.0,80564000
2025-10-23,666.2402954101562,671.760009765625,672.7100219726562,667.7999877929688,668.1199951171875,65604500
2025-10-24,671.6851806640625,677.25,678.469970703125,675.6500244140625,676.4600219726562,74356500
2025-10-27,679.6094970703125,685.239990234375,685.5399780273438,682.1199951171875,682.72998046875,63339800
2025-10-28,681.4144897460938,687.0599975585938,688.9099731445312,684.8300170898438,687.0499877929688,61738100
2025-10-29,681.7418823242188,687.3900146484375,689.7000122070312,682.8699951171875,688.719970703125,85657100
2025-10-30,674.2440185546875,679.8300170898438,685.9400024414062,679.8300170898438,683.9000244140625,76335800
2025-10-31,676.4556274414062,682.0599975585938,685.0800170898438,679.239990234375,685.0399780273438,87164100
2025-11-03,677.7251586914062,683.3400268554688,685.7999877929688,679.9400024414062,685.6699829101562,57315000
2025-11-04,669.6917114257812,675.239990234375,679.9600219726562,674.5800170898438,676.1099853515625,78427000
2025-11-05,672.012451171875,677.5800170898438,680.8599853515625,674.1699829101562,674.97998046875,74402400
2025-11-06,664.8021850585938,670.3099975585938,677.3800048828125,668.719970703125,676.469970703125,85035300
2025-11-07,665.4567260742188,670.969970703125,671.0800170898438,661.2100219726562,667.9099731445312,100592400
2025-11-10,675.8407592773438,681.4400024414062,682.1799926757812,675.030029296875,677.239990234375,75842900
2025-11-11,677.3878784179688,683.0,683.5700073242188,678.72998046875,679.9500122070312,58953400
2025-11-12,677.7647705078125,683.3800048828125,684.9600219726562,680.9500122070312,684.7899780273438,62312500
2025-11-13,666.5180053710938,672.0399780273438,680.8599853515625,670.52001953125,680.5,103457800
2025-11-14,666.4088745117188,671.9299926757812,675.6599731445312,663.27001953125,665.3800048828125,96846700
2025-11-17,660.2002563476562,665.6699829101562,673.7100219726562,662.1699829101562,669.7000122070312,90456100
2025-11-18,654.6561889648438,660.0800170898438,665.1199951171875,655.8599853515625,662.0999755859375,114467500
2025-11-19,657.185302734375,662.6300048828125,667.3400268554688,658.75,660.780029296875,94703000
2025-11-20,647.1683349609375,652.530029296875,675.5599975585938,651.8900146484375,672.9099731445312,165293500
2025-11-21,653.6148681640625,659.030029296875,664.5499877929688,650.8499755859375,655.0499877929688,123956200
2025-11-24,663.2351684570312,668.72998046875,670.0599975585938,661.5900268554688,662.6900024414062,80437900
2025-11-25,669.4734497070312,675.02001953125,676.2100219726562,664.47998046875,668.6300048828125,81077100
2025-11-26,674.09521484375,679.6799926757812,681.7000122070312,676.719970703125,677.6300048828125,71879600
2025-11-28,677.7747192382812,683.3900146484375,683.6699829101562,680.5,680.8599853515625,49212000
2025-12-01,674.6802978515625,680.27001953125,682.989990234375,678.739990234375,678.8099975585938,61201200
2025-12-02,675.9300537109375,681.530029296875,683.8200073242188,679.3300170898438,681.9199829101562,62953800
2025-12-03,678.2706298828125,683.8900146484375,684.9099731445312,679.6900024414062,680.5700073242188,57238500
2025-12-04,678.7665405273438,684.3900146484375,685.3699951171875,681.3400268554688,685.2999877929688,61970300
2025-12-05,680.0557861328125,685.6900024414062,688.3900146484375,684.5800170898438,685.469970703125,79241000
2025-12-08,678.0127563476562,683.6300048828125,686.6400146484375,681.5700073242188,686.5900268554688,55231500
2025-12-09,677.4276123046875,683.0399780273438,685.3900146484375,682.5900268554688,683.1500244140625,58310100
2025-12-10,681.92041015625,687.5700073242188,688.969970703125,681.3099975585938,682.5599975585938,85671300
2025-12-11,683.5072631835938,689.1699829101562,689.25,682.1699829101562,685.1400146484375,86173700
2025-12-12,676.1581420898438,681.760009765625,688.8800048828125,679.1699829101562,688.1699829101562,113160300
2025-12-15,675.1365356445312,680.72998046875,685.760009765625,679.25,685.739990234375,90811000
2025-12-16,673.2918701171875,678.8699951171875,681.0800170898438,674.97998046875,679.22998046875,122030600
2025-12-17,665.8832397460938,671.4000244140625,680.4400024414062,671.2000122070312,679.8900146484375,110625200
2025-12-18,670.9114990234375,676.469970703125,680.739990234375,674.9000244140625,677.5999755859375,108650100
2025-12-19,676.9923095703125,680.5900268554688,681.0900268554688,676.469970703125,676.5900268554688,103599500
2025-12-22,681.2098388671875,684.8300170898438,685.3599853515625,680.5900268554688,683.9400024414062,69556700
2025-12-23,684.3233032226562,687.9600219726562,688.2000122070312,683.8699951171875,683.9199829101562,64840000
2025-12-24,686.7305297851562,690.3800048828125,690.8300170898438,687.7999877929688,687.9500122070312,39445600
2025-12-26,686.660888671875,690.3099975585938,691.6599731445312,689.27001953125,690.6400146484375,41613300
2025-12-29,684.2138671875,687.8499755859375,689.2000122070312,686.0700073242188,687.5399780273438,62559500
2025-12-30,683.3782958984375,687.010009765625,688.5599975585938,686.5800170898438,687.4500122070312,47160700
2025-12-31,678.3152465820312,681.9199829101562,687.3599853515625,681.7100219726562,687.1400146484375,74144800
2026-01-02,679.55859375,683.1699829101562,686.8699951171875,679.8200073242188,685.7100219726562,89377200
2026-01-05,684.0845947265625,687.719970703125,689.4299926757812,686.3800048828125,686.5399780273438,71927200
2026-01-06,688.1529541015625,691.8099975585938,692.3200073242188,687.780029296875,687.9299926757812,69273800
2026-01-07,685.9347534179688,689.5800170898438,693.9600219726562,689.3200073242188,692.1900024414062,75588300
2026-01-08,685.8651123046875,689.510009765625,690.6199951171875,687.489990234375,688.8200073242188,64019200
2026-01-09,690.4010009765625,694.0700073242188,695.3099975585938,689.1799926757812,690.6300048828125,80125500
2026-01-12,691.4852294921875,695.1599731445312,696.0900268554688,690.6300048828125,690.6799926757812,63976000
2026-01-13,690.1026000976562,693.77001953125,696.0900268554688,691.3499755859375,695.489990234375,78309700
2026-01-14,686.7105712890625,690.3599853515625,691.719970703125,686.0399780273438,691.0,94676700
2026-01-15,688.5806884765625,692.239990234375,695.4500122070312,691.25,694.5700073242188,77862000
2026-01-16,688.0037231445312,691.6599731445312,694.25,690.0999755859375,693.6599731445312,79289200
2026-01-20,673.9981689453125,677.5800170898438,684.77001953125,676.5700073242188,681.489990234375,111623300
2026-01-21,681.77685546875,685.4000244140625,688.739990234375,678.1300048828125,679.6500244140625,127844500
2026-01-22,685.3379516601562,688.97998046875,691.1300048828125,686.9199829101562,689.8499755859375,77112200
2026-01-23,685.5865478515625,689.22998046875,690.9600219726562,687.1599731445312,688.1500244140625,63059600
2026-01-26,689.068115234375,692.72998046875,694.1300048828125,689.9199829101562,690.489990234375,60473800
2026-01-27,691.8134765625,695.489990234375,696.530029296875,693.5700073242188,694.1799926757812,55506100
2026-01-28,691.7438354492188,695.4199829101562,697.8400268554688,693.9400024414062,697.0499877929688,61172200
2026-01-29,690.3711547851562,694.0399780273438,697.0599975585938,684.8300170898438,696.3900146484375,97486200
2026-01-30,688.3121337890625,691.969970703125,694.2100219726562,687.1199951171875,691.7899780273438,101835100
2026-02-02,691.73388671875,695.4099731445312,696.9299926757812,689.4199829101562,689.5800170898438,79286500
2026-02-03,685.885009765625,689.530029296875,696.9600219726562,684.030029296875,696.2100219726562,107904600
2026-02-04,682.5626831054688,686.1900024414062,691.4500122070312,681.760009765625,690.3499755859375,105204600
2026-02-05,674.0379638671875,677.6199951171875,683.6900024414062,675.7899780273438,680.9400024414062,113610800
2026-02-06,686.96923828125,690.6199951171875,692.3099975585938,680.8499755859375,681.4600219726562,89127600
2026-02-09,690.2816162109375,693.9500122070312,695.8699951171875,688.3400268554688,689.4199829101562,73885200
2026-02-10,688.4613037109375,692.1199951171875,696.5399780273438,691.6599731445312,694.9500122070312,65185700
2026-02-11,688.3021850585938,691.9600219726562,697.1400146484375,689.1799926757812,696.3900146484375,76353900
2026-02-12,677.668701171875,681.27001953125,695.3499755859375,680.3699951171875,694.239990234375,118829000
2026-02-13,678.1461181640625,681.75,686.280029296875,677.52001953125,681.6900024414062,96267500
2026-02-17,679.2402954101562,682.8499755859375,684.9400024414062,675.780029296875,680.1400146484375,81354700
2026-02-18,682.662109375,686.2899780273438,689.1500244140625,682.8300170898438,684.02001953125,73570300
2026-02-19,680.8616943359375,684.47998046875,686.1799926757812,681.5499877929688,683.8400268554688,58649400
2026-02-20,685.7855834960938,689.4299926757812,690.0599975585938,681.72998046875,682.3200073242188,100034000
2026-02-23,678.7827758789062,682.3900146484375,690.0,680.3699951171875,687.8300170898438,90558100
2026-02-24,683.7164916992188,687.3499755859375,688.3499755859375,680.0,681.9000244140625,73798700
2026-02-25,689.4859008789062,693.1500244140625,693.6799926757812,690.0999755859375,690.1799926757812,56369500
2026-02-26,685.6561889648438,689.2999877929688,693.2999877929688,684.3499755859375,693.280029296875,71671000
2026-02-27,682.3637084960938,685.989990234375,686.8599853515625,681.6400146484375,683.0900268554688,83308900
2026-03-02,682.7516479492188,686.3800048828125,688.6199951171875,678.02001953125,678.7000122070312,87477200
2026-03-03,676.7337036132812,680.3300170898438,682.6099853515625,669.6599731445312,675.0599975585938,105003100
2026-03-04,681.50830078125,685.1300048828125,687.0900268554688,679.6199951171875,681.6300048828125,79182200
2026-03-05,677.7084350585938,681.3099975585938,685.530029296875,675.6099853515625,682.0800170898438,106606500
2026-03-06,668.8256225585938,672.3800048828125,676.1099853515625,669.760009765625,673.4099731445312,100687000
2026-03-09,674.6845092773438,678.27001953125,679.9199829101562,662.3900146484375,666.3900146484375,102667700
2026-03-10,673.6002807617188,677.1799926757812,683.3599853515625,674.760009765625,677.719970703125,81505300
2026-03-11,672.7548217773438,676.3300170898438,680.0800170898438,673.3400268554688,677.5800170898438,68441700
2026-03-12,662.5390625,666.0599975585938,671.6500244140625,665.8699951171875,671.1599731445312,108882200
2026-03-13,658.7890014648438,662.2899780273438,672.3400268554688,661.3599853515625,669.27001953125,97200200
2026-03-16,665.493408203125,669.030029296875,672.0700073242188,667.1199951171875,668.3800048828125,82023100
2026-03-17,667.2440185546875,670.7899780273438,674.4400024414062,669.7000122070312,672.3900146484375,87128000
2026-03-18,657.9335327148438,661.4299926757812,669.719970703125,661.1900024414062,668.3599853515625,82062600
2026-03-19,656.3121337890625,659.7999877929688,662.97998046875,655.1699829101562,656.969970703125,111272500
2026-03-20,646.9034423828125,648.5700073242188,656.6900024414062,644.719970703125,656.510009765625,163617500
2026-03-23,653.6959228515625,655.3800048828125,662.6199951171875,653.9400024414062,658.0700073242188,134802700
2026-03-24,651.5015869140625,653.1799926757812,657.030029296875,649.8800048828125,651.3200073242188,96457500
2026-03-25,655.1322021484375,656.8200073242188,660.8900146484375,654.239990234375,658.6699829101562,90653800
2026-03-26,643.432373046875,645.0900268554688,654.8499755859375,644.8200073242188,652.0599975585938,96494400
2026-03-27,632.4606323242188,634.0900268554688,642.6599731445312,633.1099853515625,642.5,103649400
2026-03-30,630.3460693359375,631.969970703125,640.3699951171875,629.280029296875,640.1099853515625,99275900
2026-03-31,648.6688842773438,650.3400268554688,651.5399780273438,637.97998046875,638.9400024414062,152534100
2026-04-01,653.5562744140625,655.239990234375,658.52001953125,653.0,653.9000244140625,97841500
2026-04-02,654.144775390625,655.8300170898438,658.2000122070312,645.1099853515625,646.4199829101562,68358700
2026-04-06,657.23681640625,658.9299926757812,659.719970703125,655.52001953125,655.8599853515625,39105800
2026-04-07,657.5260009765625,659.219970703125,659.6099853515625,651.0599975585938,656.6500244140625,69980400
2026-04-08,674.27294921875,676.010009765625,677.0800170898438,671.4600219726562,676.3900146484375,93606100
2026-04-09,678.162841796875,679.9099731445312,681.1599731445312,673.77001953125,674.8400268554688,57134400
2026-04-10,677.7140502929688,679.4600219726562,682.030029296875,678.4500122070312,681.3200073242188,42253500
2026-04-13,684.3369750976562,686.0999755859375,686.2999877929688,676.5800170898438,677.4099731445312,54185800
2026-04-14,692.675537109375,694.4600219726562,694.5800170898438,687.6599731445312,687.6900024414062,63480500
2026-04-15,698.1414184570312,699.9400024414062,700.280029296875,694.2000122070312,695.260009765625,58240400
2026-04-16,699.8569946289062,701.6599731445312,702.780029296875,698.530029296875,701.0599975585938,49972400
2026-04-17,708.3152465820312,710.1400146484375,712.3900146484375,705.760009765625,706.1400146484375,70661900
2026-04-20,706.8988037109375,708.719970703125,709.9099731445312,706.1400146484375,708.780029296875,43546800
2026-04-21,702.2708129882812,704.0800170898438,711.280029296875,702.6400146484375,710.280029296875,58941400
2026-04-22,709.3825073242188,711.2100219726562,711.4500122070312,708.219970703125,709.1500244140625,42518500
2026-04-23,706.6295776367188,708.4500122070312,712.3599853515625,702.280029296875,709.5,56174000
2026-04-24,712.10546875,713.9400024414062,714.469970703125,709.010009765625,710.75,45182000
2026-04-27,713.332275390625,715.1699829101562,715.6300048828125,712.2999877929688,713.1699829101562,33135900
2026-04-28,709.8612060546875,711.6900024414062,712.8800048828125,709.25,711.8200073242188,43117400
2026-04-29,709.7515258789062,711.5800170898438,712.2000122070312,708.3699951171875,711.0,41859200
2026-04-30,716.8132934570312,718.6599731445312,719.7899780273438,710.4500122070312,714.6300048828125,67240900
2026-05-01,718.7982177734375,720.6500244140625,724.8699951171875,720.469970703125,721.25,43049800
2026-05-04,716.1649780273438,718.010009765625,722.1199951171875,714.989990234375,720.0700073242188,51950600
2026-05-05,721.9102172851562,723.77001953125,725.0399780273438,721.489990234375,721.77001953125,36933200
2026-05-06,731.9443359375,733.8300170898438,734.5900268554688,727.8200073242188,728.1599731445312,53288900
2026-05-07,729.7001342773438,731.5800170898438,736.1300048828125,729.75,735.0499877929688,51724600
2026-05-08,735.724609375,737.6199951171875,738.0800170898438,734.5700073242188,734.9299926757812,47227100
2026-05-11,737.4002685546875,739.2999877929688,740.7899780273438,736.4500122070312,736.4500122070312,44024000
2026-05-12,736.2831420898438,738.1799926757812,738.8400268554688,731.8300170898438,736.8900146484375,54185300
2026-05-13,740.4025268554688,742.3099975585938,743.9099731445312,735.469970703125,738.469970703125,44200200
2026-05-14,746.2474975585938,748.1699829101562,749.530029296875,743.5599975585938,743.6500244140625,45307600
2026-05-15,737.2706298828125,739.1699829101562,743.4600219726562,737.9600219726562,741.7899780273438,60410800
2026-05-18,736.751953125,738.6500244140625,741.4199829101562,733.3900146484375,739.8300170898438,47843900
2026-05-19,731.8446044921875,733.72998046875,737.6500244140625,731.530029296875,734.780029296875,54255900
2026-05-20,739.3452758789062,741.25,741.8699951171875,733.8900146484375,735.7100219726562,45768000
2026-05-21,740.8114624023438,742.719970703125,744.8699951171875,737.030029296875,738.6400146484375,43332200
2026-05-22,743.7239990234375,745.6400146484375,748.9400024414062,744.47998046875,746.239990234375,41762000
2026-05-26,748.6613159179688,750.5900268554688,752.1300048828125,748.3699951171875,750.010009765625,41123600
2026-05-27,748.5316162109375,750.4600219726562,751.3800048828125,748.219970703125,750.8800048828125,42106300
2026-05-28,752.6609497070312,754.5999755859375,755.1500244140625,749.22998046875,750.25,41562600
2026-05-29,754.5361328125,756.47998046875,758.0800170898438,754.6900024414062,755.9000244140625,55075700
2026-06-01,756.5908203125,758.5399780273438,760.280029296875,754.6900024414062,755.3599853515625,43634900
2026-06-02,757.6182250976562,759.5700073242188,760.4000244140625,756.75,757.030029296875,31581900
2026-06-03,752.3018798828125,754.239990234375,758.7999877929688,753.5700073242188,758.1500244140625,51402500
2026-06-04,755.1445922851562,757.0900268554688,758.3099975585938,751.469970703125,752.0999755859375,49923000
2026-06-05,735.65478515625,737.5499877929688,752.8200073242188,735.530029296875,752.3099975585938,93989400
2026-06-08,737.3204345703125,739.219970703125,745.3400268554688,738.1900024414062,743.3599853515625,49319100
2026-06-09,735.1560668945312,737.0499877929688,746.9000244140625,722.5900268554688,743.6300048828125,87683500
2026-06-10,723.56591796875,725.4299926757812,738.3800048828125,725.3300170898438,733.3900146484375,60341300
2026-06-11,735.8642578125,737.760009765625,740.0,724.4099731445312,728.760009765625,86330500
2026-06-12,739.843994140625,741.75,744.4400024414062,735.030029296875,740.7100219726562,57079500
2026-06-15,752.890380859375,754.8300170898438,756.6799926757812,751.760009765625,751.8499755859375,60176400
2026-06-16,748.4019775390625,750.3300170898438,755.4400024414062,749.8800048828125,754.5499877929688,67093100
2026-06-17,739.0560302734375,740.9600219726562,752.1500244140625,739.219970703125,751.2899780273438,85945200
2026-06-18,746.739990234375,746.739990234375,748.22998046875,743.8599853515625,747.760009765625,80875700
2026-06-22,744.3900146484375,744.3900146484375,750.1799926757812,743.1300048828125,747.7000122070312,46628100
2026-06-23,733.5800170898438,733.5800170898438,739.6300048828125,732.2999877929688,733.8099975585938,66846800
2026-06-24,733.239990234375,733.239990234375,739.9500122070312,730.8400268554688,735.1699829101562,57439500
2026-06-25,734.2999877929688,734.2999877929688,739.3699951171875,729.5999755859375,738.9099731445312,53934400
2026-06-26,728.989990234375,728.989990234375,736.530029296875,716.5800170898438,728.9500122070312,71034000
2026-06-29,741.0,741.0,741.5599975585938,732.0900268554688,736.530029296875,58035200
2026-06-30,746.77001953125,746.77001953125,748.02001953125,740.8900146484375,741.2899780273438,55626000
2026-07-01,745.760009765625,745.760009765625,749.4400024414062,742.3800048828125,745.0,47100900
2026-07-02,744.780029296875,744.780029296875,751.3099975585938,740.030029296875,747.4000244140625,57447800
2026-07-06,751.280029296875,751.280029296875,752.4099731445312,747.4099731445312,748.739990234375,50673300
2026-07-07,747.7100219726562,747.7100219726562,750.9600219726562,745.2100219726562,750.219970703125,43721500
2026-07-08,745.4000244140625,745.4000244140625,746.1500244140625,739.510009765625,743.1599731445312,43767400
2026-07-09,751.7100219726562,751.7100219726562,751.969970703125,745.5900268554688,747.3499755859375,41441700
2026-07-10,754.9500122070312,754.9500122070312,755.4199829101562,748.0999755859375,752.0499877929688,42191300
2026-07-13,749.1699829101562,749.1699829101562,753.9099731445312,748.0,752.469970703125,44013600
2026-07-14,751.8300170898438,751.8300170898438,753.3400268554688,748.6599731445312,750.9099731445312,35143100
2026-07-15,754.8099975585938,754.8099975585938,755.5800170898438,750.2000122070312,754.239990234375,43844800
2026-07-16,750.719970703125,750.719970703125,754.5700073242188,747.8800048828125,752.760009765625,46409800
2026-07-17,743.2899780273438,743.2899780273438,747.2899780273438,740.7999877929688,742.0800170898438,62651000
2026-07-20,742.0900268554688,742.0900268554688,748.72998046875,741.510009765625,747.0599975585938,50422300
2026-07-21,748.280029296875,748.280029296875,749.0399780273438,744.1799926757812,746.2899780273438,34324300
2026-07-22,747.4099731445312,747.4099731445312,750.02001953125,746.3699951171875,746.6199951171875,32836200
2026-07-23,738.1799926757812,738.1799926757812,742.5599975585938,735.2100219726562,739.3699951171875,55437300
2026-07-24,738.9299926757812,738.9299926757812,743.719970703125,737.2899780273438,738.510009765625,44782000
2026-07-27,739.0900268554688,739.0900268554688,745.530029296875,735.8699951171875,744.9099731445312,41461200
2026-07-28,740.8599853515625,740.8599853515625,742.7899780273438,735.97998046875,739.1900024414062,47322200
2026-07-29,729.4600219726562,729.4600219726562,742.6799926757812,729.0999755859375,739.969970703125,70697200
2026-07-30,741.6900024414062,741.6900024414062,742.4500122070312,734.5900268554688,736.0499877929688,66811300
2026-07-31,747.030029296875,747.030029296875,748.9000244140625,737.6799926757812,744.6799926757812,62445900
2026-08-03,757.6699829101562,757.6699829101562,758.5800170898438,748.7999877929688,749.4400024414062,59927500
2026-08-04,771.3300170898438,771.3300170898438,773.4099731445312,760.52001953125,760.6300048828125,69154800
2026-08-05,769.7899780273438,769.7899780273438,776.8499755859375,769.510009765625,775.8499755859375,44689100
2026-08-06,768.5599975585938,768.5599975585938,771.8200073242188,767.4600219726562,770.2100219726562,38416900
2026-08-07,773.260009765625,773.260009765625,773.9199829101562,769.6099853515625,771.02001953125,43586300
2026-08-10,773.030029296875,773.030029296875,775.0499877929688,771.6199951171875,772.5999755859375,39249500
2026-08-11,770.5599975585938,770.5599975585938,774.6099853515625,769.2000122070312,774.530029296875,36740600
2026-08-12,772.489990234375,772.489990234375,774.9000244140625,771.280029296875,774.7100219726562,33179100
2026-08-13,777.8800048828125,777.8800048828125,779.3699951171875,774.1099853515625,774.8699951171875,35634500
2026-08-14,776.3400268554688,776.3400268554688,778.7999877929688,775.4299926757812,778.5399780273438,31367900
2026-08-17,772.6699829101562,772.6699829101562,776.780029296875,772.510009765625,776.1799926757812,34356600
2026-08-18,767.4500122070312,767.4500122070312,769.5,766.9199829101562,768.7000122070312,43920900
2026-08-19,769.0599975585938,769.0599975585938,772.469970703125,768.0999755859375,770.3599853515625,40306000
2026-08-20,762.5999755859375,762.5999755859375,768.1500244140625,762.0399780273438,765.9600219726562,45520300
2026-08-21,765.719970703125,765.719970703125,767.8499755859375,764.1699829101562,766.0499877929688,39188700
2026-08-24,763.469970703125,763.469970703125,765.219970703125,762.0800170898438,764.780029296875,32430900
2026-08-25,765.9099731445312,765.9099731445312,766.780029296875,763.0499877929688,766.1599731445312,27422300
2026-08-26,766.0800170898438,766.0800170898438,767.3499755859375,763.9299926757812,764.72998046875,28751600
2026-08-27,771.0999755859375,771.0999755859375,772.3599853515625,767.1599731445312,768.5,34557100
2026-08-28,769.3499755859375,769.3499755859375,775.2999877929688,768.3099975585938,771.760009765625,36744300
2026-08-31,767.0499877929688,767.0499877929688,768.0,764.719970703125,767.3300170898438,38810800
2026-09-01,761.780029296875,761.780029296875,764.6699829101562,759.47998046875,762.010009765625,41126300
2026-09-02,765.1599731445312,765.1599731445312,766.4299926757812,761.72998046875,762.4500122070312,29566200
2026-09-03,773.1699829101562,773.1699829101562,774.030029296875,767.4500122070312,767.9000244140625,43531600
2026-09-04,770.1900024414062,770.1900024414062,772.8699951171875,769.0,772.010009765625,34054200
2026-09-08,765.9600219726562,765.9600219726562,769.7000122070312,765.1400146484375,769.0700073242188,44746100
2026-09-09,762.4000244140625,762.4000244140625,764.469970703125,760.9400024414062,764.0800170898438,32812400
2026-09-10,757.8300170898438,757.8300170898438,760.1099853515625,756.6400146484375,758.030029296875,42740400
2026-09-11,764.2899780273438,764.2899780273438,766.3800048828125,763.5999755859375,764.719970703125,45512700
2026-09-14,760.8800048828125,760.8800048828125,763.52001953125,757.9299926757812,759.0,43992400
2026-09-15,757.3900146484375,757.3900146484375,760.3400268554688,756.1500244140625,760.1170043945312,44728394
