Date,Adj Close,Close,High,Low,Open,Volume
2021-09-16,12.390000343322754,12.390000343322754,13.680000305175781,11.140000343322754,12.989999771118164,42511400
2021-09-17,10.380000114440918,10.380000114440918,12.0,9.729999542236328,11.300000190734863,18341900
2021-09-20,8.899999618530273,8.899999618530273,11.149999618530273,8.520000457763672,10.069999694824219,15211700
2021-09-21,9.210000038146973,9.210000038146973,9.8100004196167,8.649999618530273,9.010000228881836,13962500
2021-09-22,6.914999961853027,6.914999961853027,9.100000381469727,6.75,9.029999732971191,26397700
2021-09-23,5.460000038146973,5.460000038146973,6.400000095367432,5.340000152587891,6.369999885559082,26369500
2021-09-24,5.110000133514404,5.110000133514404,5.929999828338623,5.079999923706055,5.639999866485596,17101900
2021-09-27,5.579999923706055,5.579999923706055,5.630000114440918,5.099999904632568,5.170000076293945,10479700
2021-09-28,5.230000019073486,5.230000019073486,5.639999866485596,5.119999885559082,5.550000190734863,7406400
2021-09-29,4.329999923706055,4.329999923706055,5.239999771118164,4.289999961853027,5.239999771118164,11258000
2021-09-30,4.570000171661377,4.570000171661377,4.610000133514404,4.090000152587891,4.198999881744385,9630100
2021-10-01,5.199999809265137,5.199999809265137,5.300000190734863,4.659999847412109,4.800000190734863,13846700
2021-10-04,4.820000171661377,4.820000171661377,5.199999809265137,4.670000076293945,5.139999866485596,4211800
2021-10-05,4.460000038146973,4.460000038146973,4.909999847412109,4.309999942779541,4.840000152587891,3525300
2021-10-06,4.139999866485596,4.139999866485596,4.300000190734863,3.9800000190734863,4.28000020980835,4702000
2021-10-07,4.0,4.0,4.309999942779541,3.9700000286102295,4.151000022888184,4261900
2021-10-08,3.569999933242798,3.569999933242798,3.940000057220459,3.4800000190734863,3.930000066757202,9053000
2021-10-11,3.5199999809265137,3.5199999809265137,3.7200000286102295,3.359999895095825,3.5799999237060547,5174900
2021-10-12,3.75,3.75,3.9700000286102295,3.380000114440918,3.549999952316284,7979400
2021-10-13,3.5999999046325684,3.5999999046325684,3.739000082015991,3.5299999713897705,3.6500000953674316,2711400
2021-10-14,3.630000114440918,3.630000114440918,3.740000009536743,3.5299999713897705,3.5799999237060547,2598100
2021-10-15,3.7100000381469727,3.7100000381469727,4.0,3.609999895095825,3.938999891281128,7572100
2021-10-18,3.890000104904175,3.890000104904175,3.890000104904175,3.5199999809265137,3.6500000953674316,2842300
2021-10-19,3.819999933242798,3.819999933242798,3.9100000858306885,3.6700000762939453,3.8499999046325684,3035100
2021-10-20,3.690000057220459,3.690000057220459,3.7899999618530273,3.5899999141693115,3.75,2601000
2021-10-21,3.7300000190734863,3.7300000190734863,3.799999952316284,3.4200000762939453,3.5999999046325684,6238100
2021-10-22,3.3299999237060547,3.3299999237060547,3.6040000915527344,3.2699999809265137,3.559999942779541,4731500
2021-10-25,3.119999885559082,3.119999885559082,3.319000005722046,3.0399999618530273,3.299999952316284,9421400
2021-10-26,3.130000114440918,3.130000114440918,3.5799999237060547,3.0899999141693115,3.200000047683716,10148600
2021-10-27,3.119999885559082,3.119999885559082,3.180000066757202,2.944999933242798,3.119999885559082,6955100
2021-10-28,2.990000009536743,2.990000009536743,3.0799999237060547,2.930000066757202,3.0789999961853027,4379300
2021-10-29,2.890000104904175,2.890000104904175,3.0,2.8399999141693115,2.990000009536743,3828900
2021-11-01,2.9100000858306885,2.9100000858306885,3.109999895095825,2.859999895095825,2.890000104904175,5931700
2021-11-02,3.109999895095825,3.109999895095825,3.1700000762939453,2.9100000858306885,2.950000047683716,4482600
2021-11-03,3.190000057220459,3.190000057220459,3.2100000381469727,3.0,3.059999942779541,2740200
2021-11-04,3.509999990463257,3.509999990463257,3.6700000762939453,3.0899999141693115,3.190000057220459,9080100
2021-11-05,3.200000047683716,3.200000047683716,3.5339999198913574,3.1500000953674316,3.4800000190734863,4490900
2021-11-08,3.4200000762939453,3.4200000762939453,3.5399999618530273,3.2100000381469727,3.2200000286102295,3255500
2021-11-09,3.119999885559082,3.119999885559082,3.4200000762939453,3.0799999237060547,3.4100000858306885,3199100
2021-11-10,3.25,3.25,3.3499999046325684,3.0899999141693115,3.1500000953674316,2947400
2021-11-11,3.130000114440918,3.130000114440918,3.309999942779541,3.059999942779541,3.2899999618530273,2474100
2021-11-12,3.309999942779541,3.309999942779541,3.3499999046325684,3.049999952316284,3.0999999046325684,3084700
2021-11-15,3.4700000286102295,3.4700000286102295,3.4800000190734863,3.2200000286102295,3.259999990463257,2823900
2021-11-16,3.5299999713897705,3.5299999713897705,3.569999933242798,3.2899999618530273,3.450000047683716,3035400
2021-11-17,3.640000104904175,3.640000104904175,3.759999990463257,3.430000066757202,3.4800000190734863,3270800
2021-11-18,3.6600000858306885,3.6600000858306885,3.990000009536743,3.549999952316284,3.6700000762939453,4355600
2021-11-19,3.9000000953674316,3.9000000953674316,3.950000047683716,3.569999933242798,3.609999895095825,2481900
2021-11-22,3.200000047683716,3.200000047683716,3.9200000762939453,3.190000057220459,3.9100000858306885,2947200
2021-11-23,3.180000066757202,3.180000066757202,3.2899999618530273,3.009999990463257,3.25,1797400
2021-11-24,3.25,3.25,3.369999885559082,3.049999952316284,3.069999933242798,1725700
2021-11-26,3.1700000762939453,3.1700000762939453,3.2300000190734863,3.069999933242798,3.200000047683716,601400
2021-11-29,3.069999933242798,3.069999933242798,3.200000047683716,3.069999933242798,3.1700000762939453,1336900
2021-11-30,3.049999952316284,3.049999952316284,3.2200000286102295,2.930000066757202,3.0799999237060547,1855600
2021-12-01,2.640000104904175,2.640000104904175,3.0999999046325684,2.619999885559082,3.0999999046325684,2426100
2021-12-02,2.619999885559082,2.619999885559082,2.640000104904175,2.3299999237060547,2.5399999618530273,3182500
2021-12-03,2.2699999809265137,2.2699999809265137,2.619999885559082,2.2699999809265137,2.619999885559082,1943400
2021-12-06,2.4100000858306885,2.4100000858306885,2.4100000858306885,2.0899999141693115,2.2899999618530273,1722800
2021-12-07,2.390000104904175,2.390000104904175,2.509999990463257,2.3299999237060547,2.4769999980926514,2324800
2021-12-08,2.4700000286102295,2.4700000286102295,2.5899999141693115,2.3399999141693115,2.4000000953674316,1638800
2021-12-09,2.3499999046325684,2.3499999046325684,2.5,2.319999933242798,2.5,1189800
2021-12-10,2.140000104904175,2.140000104904175,2.3559999465942383,2.140000104904175,2.319999933242798,1996400
2021-12-13,2.069999933242798,2.069999933242798,2.2049999237060547,1.9900000095367432,2.1700000762939453,2278100
2021-12-14,2.009999990463257,2.009999990463257,2.0799999237060547,1.9800000190734863,2.009999990463257,1826900
2021-12-15,1.8899999856948853,1.8899999856948853,2.0399999618530273,1.8049999475479126,2.0399999618530273,2302900
2021-12-16,2.0,2.0,2.0490000247955322,1.850000023841858,1.9010000228881836,1589400
2021-12-17,1.9500000476837158,1.9500000476837158,2.0399999618530273,1.850000023841858,1.9600000381469727,1710800
2021-12-20,1.809999942779541,1.809999942779541,1.909999966621399,1.7999999523162842,1.8799999952316284,1613400
2021-12-21,1.9900000095367432,1.9900000095367432,2.0399999618530273,1.784999966621399,1.850000023841858,2047000
2021-12-22,2.2300000190734863,2.2300000190734863,2.2799999713897705,1.9500000476837158,2.0,2573000
2021-12-23,2.049999952316284,2.049999952316284,2.1500000953674316,2.009999990463257,2.130000114440918,2324000
2021-12-27,1.850000023841858,1.850000023841858,2.055999994277954,1.840000033378601,2.049999952316284,1377100
2021-12-28,1.7200000286102295,1.7200000286102295,1.8880000114440918,1.7200000286102295,1.8799999952316284,1176500
2021-12-29,1.7200000286102295,1.7200000286102295,1.850000023841858,1.659999966621399,1.850000023841858,5277800
2021-12-30,1.940000057220459,1.940000057220459,1.9700000286102295,1.7050000429153442,1.7200000286102295,2715600
2021-12-31,2.0799999237060547,2.0799999237060547,2.140000104904175,1.8200000524520874,1.899999976158142,4481100
2022-01-03,1.9600000381469727,1.9600000381469727,2.119999885559082,1.9500000476837158,2.119999885559082,1911000
2022-01-04,2.0299999713897705,2.0299999713897705,2.0299999713897705,1.9199999570846558,2.0299999713897705,1284100
2022-01-05,1.8600000143051147,1.8600000143051147,2.059999942779541,1.809999942779541,2.049999952316284,1358400
2022-01-06,1.7899999618530273,1.7899999618530273,1.9299999475479126,1.7599999904632568,1.8799999952316284,1229800
2022-01-07,1.7300000190734863,1.7300000190734863,1.8450000286102295,1.7000000476837158,1.7999999523162842,1370100
2022-01-10,1.6799999475479126,1.6799999475479126,1.7359999418258667,1.5449999570846558,1.7300000190734863,2144100
2022-01-11,1.7300000190734863,1.7300000190734863,1.7899999618530273,1.690000057220459,1.7100000381469727,1732800
2022-01-12,1.7100000381469727,1.7100000381469727,1.7899999618530273,1.6699999570846558,1.7680000066757202,1145500
2022-01-13,1.5700000524520874,1.5700000524520874,1.7400000095367432,1.559999942779541,1.715000033378601,1160700
2022-01-14,1.5299999713897705,1.5299999713897705,1.590000033378601,1.4600000381469727,1.5700000524520874,1769900
2022-01-18,1.5399999618530273,1.5399999618530273,1.6449999809265137,1.4800000190734863,1.5299999713897705,1753700
2022-01-19,1.4500000476837158,1.4500000476837158,1.5499999523162842,1.440000057220459,1.5399999618530273,1174600
2022-01-20,1.4500000476837158,1.4500000476837158,1.559999942779541,1.190000057220459,1.4800000190734863,2981800
2022-01-21,1.3700000047683716,1.3700000047683716,1.4500000476837158,1.3300000429153442,1.3799999952316284,893100
2022-01-24,1.309999942779541,1.309999942779541,1.3899999856948853,1.2100000381469727,1.3200000524520874,1703800
2022-01-25,1.340000033378601,1.340000033378601,1.3799999952316284,1.309999942779541,1.309999942779541,910300
2022-01-26,1.2599999904632568,1.2599999904632568,1.4199999570846558,1.25,1.409999966621399,1247500
2022-01-27,1.2000000476837158,1.2000000476837158,1.309999942779541,1.1699999570846558,1.2799999713897705,1552700
2022-01-28,1.2400000095367432,1.2400000095367432,1.25,1.149999976158142,1.190000057220459,1522100
2022-01-31,1.5199999809265137,1.5199999809265137,1.5199999809265137,1.25,1.25,1449100
2022-02-01,1.5700000524520874,1.5700000524520874,1.600000023841858,1.4299999475479126,1.5800000429153442,1201300
2022-02-02,1.440000057220459,1.440000057220459,1.5700000524520874,1.399999976158142,1.5700000524520874,850100
2022-02-03,1.3700000047683716,1.3700000047683716,1.4500000476837158,1.3600000143051147,1.3799999952316284,496000
2022-02-04,1.4299999475479126,1.4299999475479126,1.440000057220459,1.3020000457763672,1.399999976158142,680300
2022-02-07,1.440000057220459,1.440000057220459,1.4800000190734863,1.3799999952316284,1.4500000476837158,627000
2022-02-08,1.409999966621399,1.409999966621399,1.4789999723434448,1.3799999952316284,1.4600000381469727,436900
2022-02-09,1.6399999856948853,1.6399999856948853,1.6399999856948853,1.4199999570846558,1.440000057220459,1217500
2022-02-10,1.5499999523162842,1.5499999523162842,1.7100000381469727,1.5199999809265137,1.6299999952316284,1038500
2022-02-11,1.5399999618530273,1.5399999618530273,1.6990000009536743,1.5,1.590000033378601,746300
2022-02-14,1.5299999713897705,1.5299999713897705,1.600000023841858,1.5099999904632568,1.5299999713897705,256600
2022-02-15,1.7200000286102295,1.7200000286102295,1.7200000286102295,1.559999942779541,1.600000023841858,578600
2022-02-16,1.7300000190734863,1.7300000190734863,1.850000023841858,1.6699999570846558,1.7200000286102295,994200
2022-02-17,1.6100000143051147,1.6100000143051147,1.7200000286102295,1.559999942779541,1.7000000476837158,574400
2022-02-18,1.5800000429153442,1.5800000429153442,1.6299999952316284,1.5199999809265137,1.5700000524520874,476700
2022-02-22,1.5499999523162842,1.5499999523162842,1.600000023841858,1.5099999904632568,1.5700000524520874,381900
2022-02-23,1.600000023841858,1.600000023841858,1.649999976158142,1.5399999618530273,1.5499999523162842,833000
2022-02-24,1.6200000047683716,1.6200000047683716,1.6200000047683716,1.4800000190734863,1.5,712100
2022-02-25,1.7400000095367432,1.7400000095367432,1.75,1.5700000524520874,1.6299999952316284,920900
2022-02-28,1.7300000190734863,1.7300000190734863,1.7699999809265137,1.6699999570846558,1.6699999570846558,549300
2022-03-01,1.6100000143051147,1.6100000143051147,1.809999942779541,1.600000023841858,1.7799999713897705,804700
2022-03-02,1.440000057220459,1.440000057220459,1.6050000190734863,1.440000057220459,1.600000023841858,1037500
2022-03-03,1.440000057220459,1.440000057220459,1.5,1.399999976158142,1.4900000095367432,554500
2022-03-04,1.399999976158142,1.399999976158142,1.4600000381469727,1.3600000143051147,1.4199999570846558,419600
2022-03-07,1.649999976158142,1.649999976158142,1.850000023841858,1.3799999952316284,1.3799999952316284,3729000
2022-03-08,2.200000047683716,2.200000047683716,3.200000047683716,1.8200000524520874,2.130000114440918,57848600
2022-03-09,2.0399999618530273,2.0399999618530273,2.1600000858306885,1.9900000095367432,2.0,5873900
2022-03-10,2.390000104904175,2.390000104904175,2.4700000286102295,2.109999895095825,2.240000009536743,14893700
2022-03-11,2.5999999046325684,2.5999999046325684,3.1500000953674316,2.3350000381469727,2.490000009536743,30854000
2022-03-14,3.190000057220459,3.190000057220459,3.3399999141693115,2.4800000190734863,2.700000047683716,26106800
2022-03-15,2.8499999046325684,2.8499999046325684,3.1600000858306885,2.7899999618530273,3.0899999141693115,12170600
2022-03-16,2.9100000858306885,2.9100000858306885,3.049999952316284,2.609999895095825,2.700000047683716,8264400
2022-03-17,2.7799999713897705,2.7799999713897705,3.180000066757202,2.755000114440918,3.0799999237060547,8921000
2022-03-18,2.7100000381469727,2.7100000381469727,2.8269999027252197,2.5,2.799999952316284,5965000
2022-03-21,2.4200000762939453,2.4200000762939453,2.690000057220459,2.4000000953674316,2.6700000762939453,3037700
2022-03-22,2.190000057220459,2.190000057220459,2.4200000762939453,2.130000114440918,2.4000000953674316,5769500
2022-03-23,2.0399999618530273,2.0399999618530273,2.4100000858306885,1.9700000286102295,2.380000114440918,12421400
2022-03-24,1.899999976158142,1.899999976158142,2.0899999141693115,1.8799999952316284,2.0799999237060547,5932900
2022-03-25,1.5399999618530273,1.5399999618530273,1.9630000591278076,1.5299999713897705,1.9600000381469727,14010400
2022-03-28,1.6799999475479126,1.6799999475479126,1.690000057220459,1.4900000095367432,1.559999942779541,9705300
2022-03-29,1.7899999618530273,1.7899999618530273,1.8300000429153442,1.600000023841858,1.600000023841858,6647700
2022-03-30,2.1700000762939453,2.1700000762939453,2.2899999618530273,1.7400000095367432,1.7649999856948853,24477200
2022-03-31,2.5899999141693115,2.5899999141693115,2.809999942779541,2.119999885559082,2.180000066757202,30502300
2022-04-01,2.450000047683716,2.450000047683716,2.569999933242798,2.2799999713897705,2.549999952316284,10156400
2022-04-04,2.6600000858306885,2.6600000858306885,2.890000104904175,2.565999984741211,2.7100000381469727,13536000
2022-04-05,2.3399999141693115,2.3399999141693115,2.5869998931884766,2.2300000190734863,2.559999942779541,9522300
2022-04-06,2.4600000381469727,2.4600000381469727,2.5299999713897705,2.180000066757202,2.319999933242798,6645100
2022-04-07,2.2799999713897705,2.2799999713897705,2.4800000190734863,2.1700000762939453,2.430000066757202,6455800
2022-04-08,2.2100000381469727,2.2100000381469727,2.2899999618530273,2.119999885559082,2.2100000381469727,3323300
2022-04-11,2.0799999237060547,2.0799999237060547,2.1710000038146973,2.0299999713897705,2.1500000953674316,3003700
2022-04-12,2.0,2.0,2.1600000858306885,1.9600000381469727,2.0399999618530273,2918100
2022-04-13,2.069999933242798,2.069999933242798,2.130000114440918,1.9199999570846558,1.940000057220459,1844900
2022-04-14,1.9800000190734863,1.9800000190734863,2.0999999046325684,1.9700000286102295,2.049999952316284,1344700
2022-04-18,1.850000023841858,1.850000023841858,2.0,1.8200000524520874,2.0,2729500
2022-04-19,1.940000057220459,1.940000057220459,1.940000057220459,1.8200000524520874,1.840000033378601,1880400
2022-04-20,1.8700000047683716,1.8700000047683716,1.9700000286102295,1.8300000429153442,1.9700000286102295,1412000
2022-04-21,1.8600000143051147,1.8600000143051147,1.9249999523162842,1.7799999713897705,1.8799999952316284,1762900
2022-04-22,1.909999966621399,1.909999966621399,1.909999966621399,1.7999999523162842,1.8799999952316284,1474600
2022-04-25,1.7799999713897705,1.7799999713897705,1.899999976158142,1.7200000286102295,1.8799999952316284,3547300
2022-04-26,1.6799999475479126,1.6799999475479126,1.784999966621399,1.6699999570846558,1.7599999904632568,1616400
2022-04-27,1.590000033378601,1.590000033378601,1.7300000190734863,1.5800000429153442,1.649999976158142,1201200
2022-04-28,1.5700000524520874,1.5700000524520874,1.6100000143051147,1.4800000190734863,1.600000023841858,2387700
2022-04-29,1.5399999618530273,1.5399999618530273,1.649999976158142,1.5,1.590000033378601,2895900
2022-05-02,1.590000033378601,1.590000033378601,1.600000023841858,1.5199999809265137,1.559999942779541,1303500
2022-05-03,1.75,1.75,1.840000033378601,1.559999942779541,1.559999942779541,3353900
2022-05-04,1.7599999904632568,1.7599999904632568,1.7899999618530273,1.6200000047683716,1.7899999618530273,1950100
2022-05-05,1.649999976158142,1.649999976158142,1.75,1.5800000429153442,1.75,2064500
2022-05-06,1.4700000286102295,1.4700000286102295,1.6699999570846558,1.4149999618530273,1.600000023841858,2855300
2022-05-09,1.3200000524520874,1.3200000524520874,1.5099999904632568,1.2999999523162842,1.4800000190734863,1571800
2022-05-10,1.2699999809265137,1.2699999809265137,1.378999948501587,1.2200000286102295,1.350000023841858,1974600
2022-05-11,1.1699999570846558,1.1699999570846558,1.309999942779541,1.1299999952316284,1.25,2352600
2022-05-12,1.2999999523162842,1.2999999523162842,1.309999942779541,1.1200000047683716,1.159999966621399,2141000
2022-05-13,1.399999976158142,1.399999976158142,1.4299999475479126,1.3250000476837158,1.340000033378601,1793600
2022-05-16,1.2999999523162842,1.2999999523162842,1.440000057220459,1.2999999523162842,1.399999976158142,1586200
2022-05-17,1.4199999570846558,1.4199999570846558,1.4299999475479126,1.3049999475479126,1.3300000429153442,1101000
2022-05-18,1.3700000047683716,1.3700000047683716,1.5549999475479126,1.350000023841858,1.4199999570846558,1340700
2022-05-19,1.3799999952316284,1.3799999952316284,1.4179999828338623,1.340000033378601,1.3799999952316284,794900
2022-05-20,1.3600000143051147,1.3600000143051147,1.409000039100647,1.2699999809265137,1.399999976158142,769200
2022-05-23,1.409999966621399,1.409999966621399,1.440000057220459,1.3200000524520874,1.3600000143051147,684800
2022-05-24,1.3300000429153442,1.3300000429153442,1.4199999570846558,1.3300000429153442,1.3799999952316284,558100
2022-05-25,1.3600000143051147,1.3600000143051147,1.3949999809265137,1.309999942779541,1.340000033378601,886700
2022-05-26,1.3899999856948853,1.3899999856948853,1.4299999475479126,1.3300000429153442,1.3600000143051147,975400
2022-05-27,1.5499999523162842,1.5499999523162842,1.5700000524520874,1.4010000228881836,1.409999966621399,1427200
2022-05-31,1.559999942779541,1.559999942779541,1.600000023841858,1.5099999904632568,1.5700000524520874,862400
2022-06-01,1.4700000286102295,1.4700000286102295,1.590000033378601,1.440000057220459,1.590000033378601,1013700
2022-06-02,1.5099999904632568,1.5099999904632568,1.600000023841858,1.4830000400543213,1.5,1159200
2022-06-03,1.4600000381469727,1.4600000381469727,1.534999966621399,1.4299999475479126,1.5299999713897705,535100
2022-06-06,1.4700000286102295,1.4700000286102295,1.5149999856948853,1.440000057220459,1.4900000095367432,589700
2022-06-07,1.4900000095367432,1.4900000095367432,1.4900000095367432,1.4299999475479126,1.4500000476837158,407000
2022-06-08,1.399999976158142,1.399999976158142,1.4800000190734863,1.3799999952316284,1.4800000190734863,977300
2022-06-09,1.309999942779541,1.309999942779541,1.409999966621399,1.2899999618530273,1.3899999856948853,1137100
2022-06-10,1.2200000286102295,1.2200000286102295,1.2999999523162842,1.2000000476837158,1.2899999618530273,960600
2022-06-13,1.1399999856948853,1.1399999856948853,1.2050000429153442,1.1299999952316284,1.2000000476837158,906600
2022-06-14,1.1299999952316284,1.1299999952316284,1.1799999475479126,1.090000033378601,1.149999976158142,737000
2022-06-15,1.159999966621399,1.159999966621399,1.1699999570846558,1.0700000524520874,1.1299999952316284,1000300
2022-06-16,1.0299999713897705,1.0299999713897705,1.1390000581741333,1.0,1.1299999952316284,1375200
2022-06-17,1.1299999952316284,1.1299999952316284,1.1299999952316284,1.0499999523162842,1.059999942779541,781100
2022-06-21,1.100000023841858,1.100000023841858,1.149999976158142,1.090000033378601,1.1399999856948853,736400
2022-06-22,1.100000023841858,1.100000023841858,1.1100000143051147,1.0499999523162842,1.0700000524520874,657000
2022-06-23,1.0700000524520874,1.0700000524520874,1.1200000047683716,1.0499999523162842,1.0700000524520874,634000
2022-06-24,1.059999942779541,1.059999942779541,1.149999976158142,1.059999942779541,1.0800000429153442,894600
2022-06-27,1.1399999856948853,1.1399999856948853,1.159999966621399,1.0499999523162842,1.1100000143051147,752200
2022-06-28,1.0800000429153442,1.0800000429153442,1.2000000476837158,1.0700000524520874,1.2000000476837158,771700
2022-06-29,1.0,1.0,1.0800000429153442,1.0,1.0800000429153442,963200
2022-06-30,1.0299999713897705,1.0299999713897705,1.059999942779541,0.9599999785423279,1.0299999713897705,889900
2022-07-01,1.0399999618530273,1.0399999618530273,1.0399999618530273,1.0,1.0299999713897705,390000
2022-07-05,1.0099999904632568,1.0099999904632568,1.0399999618530273,0.9729999899864197,1.0399999618530273,809800
2022-07-06,0.9750000238418579,0.9750000238418579,1.0,0.953000009059906,1.0,990000
2022-07-07,0.9940000176429749,0.9940000176429749,1.0199999809265137,0.9599999785423279,0.9800000190734863,1065100
2022-07-08,0.9950000047683716,0.9950000047683716,1.0069999694824219,0.9700000286102295,0.9900000095367432,743600
2022-07-11,0.8939999938011169,0.8939999938011169,0.9900000095367432,0.8899999856948853,0.9900000095367432,1756700
2022-07-12,0.9100000262260437,0.9100000262260437,0.949999988079071,0.8899999856948853,0.8999999761581421,769600
2022-07-13,0.8700000047683716,0.8700000047683716,0.9089999794960022,0.8479999899864197,0.9010000228881836,3579400
2022-07-14,0.8199999928474426,0.8199999928474426,0.8700000047683716,0.8100000023841858,0.8690000176429749,1289900
2022-07-15,0.8809999823570251,0.8809999823570251,0.8880000114440918,0.7900000214576721,0.8199999928474426,1514600
2022-07-18,0.8610000014305115,0.8610000014305115,0.9089999794960022,0.8500000238418579,0.8799999952316284,810900
2022-07-19,0.8849999904632568,0.8849999904632568,0.9100000262260437,0.8619999885559082,0.8799999952316284,630200
2022-07-20,0.9290000200271606,0.9290000200271606,0.949999988079071,0.8799999952316284,0.8899999856948853,852100
2022-07-21,0.902999997138977,0.902999997138977,0.9200000166893005,0.8809999823570251,0.9200000166893005,573100
2022-07-22,0.8650000095367432,0.8650000095367432,0.8999999761581421,0.8299999833106995,0.8999999761581421,540600
2022-07-25,0.8450000286102295,0.8450000286102295,0.8700000047683716,0.8299999833106995,0.8700000047683716,345400
2022-07-26,0.8119999766349792,0.8119999766349792,0.8500000238418579,0.800000011920929,0.8500000238418579,612000
2022-07-27,0.8489999771118164,0.8489999771118164,0.8579999804496765,0.8050000071525574,0.8050000071525574,518100
2022-07-28,0.8820000290870667,0.8820000290870667,0.9200000166893005,0.8320000171661377,0.8600000143051147,543100
2022-07-29,0.8939999938011169,0.8939999938011169,0.9190000295639038,0.8700000047683716,0.8899999856948853,508300
2022-08-01,0.9110000133514404,0.9110000133514404,0.9200000166893005,0.8510000109672546,0.8799999952316284,414300
2022-08-02,0.8989999890327454,0.8989999890327454,0.9100000262260437,0.875,0.9100000262260437,556700
2022-08-03,0.8610000014305115,0.8610000014305115,0.9100000262260437,0.8600000143051147,0.8899999856948853,524000
2022-08-04,0.8709999918937683,0.8709999918937683,0.8999999761581421,0.8650000095367432,0.8700000047683716,395300
2022-08-05,0.9409999847412109,0.9409999847412109,1.059999942779541,0.9200000166893005,0.9800000190734863,11920300
2022-08-08,0.9070000052452087,0.9070000052452087,0.9599999785423279,0.8849999904632568,0.9399999976158142,1919600
2022-08-09,0.875,0.875,0.8999999761581421,0.8619999885559082,0.8999999761581421,1083800
2022-08-10,0.8500000238418579,0.8500000238418579,0.9359999895095825,0.8500000238418579,0.8899999856948853,2676800
2022-08-11,0.9610000252723694,0.9610000252723694,0.968999981880188,0.8980000019073486,0.949999988079071,2345100
2022-08-12,1.0,1.0,1.0099999904632568,0.9399999976158142,0.9700000286102295,1800700
2022-08-15,0.9950000047683716,0.9950000047683716,1.0099999904632568,0.921999990940094,0.9800000190734863,2087200
2022-08-16,1.0700000524520874,1.0700000524520874,1.190000057220459,1.0010000467300415,1.0099999904632568,4400900
2022-08-17,1.0299999713897705,1.0299999713897705,1.1200000047683716,1.0,1.0800000429153442,2193000
2022-08-18,0.9470000267028809,0.9470000267028809,1.0499999523162842,0.9290000200271606,1.0399999618530273,1552900
2022-08-19,0.8849999904632568,0.8849999904632568,0.9300000071525574,0.8830000162124634,0.9300000071525574,1244800
2022-08-22,0.8600000143051147,0.8600000143051147,0.8799999952316284,0.8140000104904175,0.8610000014305115,2190400
2022-08-23,0.8429999947547913,0.8429999947547913,0.8790000081062317,0.8199999928474426,0.8600000143051147,1291000
2022-08-24,0.8500000238418579,0.8500000238418579,0.8550000190734863,0.8109999895095825,0.8500000238418579,1465000
2022-08-25,0.8289999961853027,0.8289999961853027,0.8600000143051147,0.800000011920929,0.8550000190734863,1838300
2022-08-26,0.8080000281333923,0.8080000281333923,0.828000009059906,0.8019999861717224,0.8199999928474426,1068700
2022-08-29,0.8399999737739563,0.8399999737739563,0.9509999752044678,0.8199999928474426,0.8289999961853027,6100900
2022-08-30,1.1200000047683716,1.1200000047683716,1.1299999952316284,0.8600000143051147,0.8799999952316284,17687400
2022-08-31,0.9789999723434448,0.9789999723434448,1.149999976158142,0.949999988079071,1.1200000047683716,5624500
2022-09-01,1.0700000524520874,1.0700000524520874,1.1799999475479126,0.9309999942779541,0.9399999976158142,4704700
2022-09-02,0.9779999852180481,0.9779999852180481,1.159999966621399,0.9700000286102295,1.0800000429153442,2897100
2022-09-06,1.0199999809265137,1.0199999809265137,1.0499999523162842,0.9900000095367432,1.0,1325200
2022-09-07,1.0199999809265137,1.0199999809265137,1.100000023841858,0.9769999980926514,1.090000033378601,1236600
2022-09-08,1.0099999904632568,1.0099999904632568,1.0499999523162842,0.9800000190734863,1.0,963700
2022-09-09,1.0199999809265137,1.0199999809265137,1.059999942779541,0.9900000095367432,0.9900000095367432,1116900
2022-09-12,1.0700000524520874,1.0700000524520874,1.090000033378601,1.0110000371932983,1.0399999618530273,1138200
2022-09-13,0.9980000257492065,0.9980000257492065,1.0499999523162842,0.9800000190734863,1.0499999523162842,1488500
2022-09-14,1.0,1.0,1.0199999809265137,0.9800000190734863,1.0099999904632568,745800
2022-09-15,1.0399999618530273,1.0399999618530273,1.1299999952316284,1.0,1.0099999904632568,2292400
2022-09-16,1.25,1.25,1.350000023841858,1.0199999809265137,1.0700000524520874,18884100
2022-09-19,1.25,1.25,1.2799999713897705,1.159999966621399,1.2300000190734863,4406200
2022-09-20,1.2400000095367432,1.2400000095367432,1.340000033378601,1.2000000476837158,1.2899999618530273,2675100
2022-09-21,1.1200000047683716,1.1200000047683716,1.25,1.090000033378601,1.2400000095367432,1956000
2022-09-22,1.1699999570846558,1.1699999570846558,1.2100000381469727,1.1200000047683716,1.1399999856948853,1958200
2022-09-23,1.090000033378601,1.090000033378601,1.149999976158142,1.0499999523162842,1.1299999952316284,1948100
2022-09-26,1.0099999904632568,1.0099999904632568,1.1200000047683716,0.984000027179718,1.090000033378601,1595500
2022-09-27,1.0399999618530273,1.0399999618530273,1.0499999523162842,1.0,1.0099999904632568,929500
2022-09-28,1.0499999523162842,1.0499999523162842,1.090000033378601,1.0399999618530273,1.0499999523162842,1038700
2022-09-29,0.9700000286102295,0.9700000286102295,1.059999942779541,0.9509999752044678,1.059999942779541,1499600
2022-09-30,1.0499999523162842,1.0499999523162842,1.0700000524520874,0.9800000190734863,1.0099999904632568,863000
2022-10-03,0.9760000109672546,0.9760000109672546,1.0499999523162842,0.9599999785423279,1.0499999523162842,1559100
2022-10-04,1.0199999809265137,1.0199999809265137,1.059999942779541,0.9950000047683716,1.0,1571700
2022-10-05,1.0800000429153442,1.0800000429153442,1.0800000429153442,0.9800000190734863,1.0,1192200
2022-10-06,1.0299999713897705,1.0299999713897705,1.1399999856948853,1.0199999809265137,1.0800000429153442,939200
2022-10-07,1.0199999809265137,1.0199999809265137,1.0399999618530273,0.9800000190734863,1.0199999809265137,579100
2022-10-10,1.0099999904632568,1.0099999904632568,1.0700000524520874,0.9800000190734863,1.0700000524520874,593800
2022-10-11,0.9950000047683716,0.9950000047683716,1.0399999618530273,0.9800000190734863,1.0199999809265137,1017700
2022-10-12,1.0700000524520874,1.0700000524520874,1.100000023841858,1.0,1.0199999809265137,2406000
2022-10-13,1.1799999475479126,1.1799999475479126,1.1799999475479126,1.0399999618530273,1.0399999618530273,1532500
2022-10-14,1.0700000524520874,1.0700000524520874,1.2599999904632568,1.059999942779541,1.1799999475479126,1321900
2022-10-17,1.0800000429153442,1.0800000429153442,1.1100000143051147,1.059999942779541,1.1100000143051147,628900
2022-10-18,1.059999942779541,1.059999942779541,1.1089999675750732,1.0299999713897705,1.100000023841858,784700
2022-10-19,1.0099999904632568,1.0099999904632568,1.0490000247955322,0.9900000095367432,1.0299999713897705,1086600
2022-10-20,1.0299999713897705,1.0299999713897705,1.0399999618530273,1.0,1.0199999809265137,1314000
2022-10-21,0.9800000190734863,0.9800000190734863,1.0449999570846558,0.9700000286102295,1.0399999618530273,1937400
2022-10-24,0.9100000262260437,0.9100000262260437,0.9950000047683716,0.8799999952316284,0.9829999804496765,2557700
2022-10-25,0.9599999785423279,0.9599999785423279,0.9800000190734863,0.9010000228881836,0.9010000228881836,3165100
2022-10-26,0.9399999976158142,0.9399999976158142,0.968999981880188,0.9100000262260437,0.9599999785423279,1534700
2022-10-27,0.9070000052452087,0.9070000052452087,0.9399999976158142,0.8690000176429749,0.9399999976158142,2133500
2022-10-28,0.9729999899864197,0.9729999899864197,0.9850000143051147,0.8899999856948853,0.8999999761581421,1250600
2022-10-31,0.9399999976158142,0.9399999976158142,0.9850000143051147,0.9039999842643738,0.9700000286102295,1025000
2022-11-01,0.9430000185966492,0.9430000185966492,0.9890000224113464,0.9300000071525574,0.949999988079071,997700
2022-11-02,0.9049999713897705,0.9049999713897705,0.9700000286102295,0.8949999809265137,0.9559999704360962,769600
2022-11-03,0.8999999761581421,0.8999999761581421,0.9300000071525574,0.8799999952316284,0.9139999747276306,676800
2022-11-04,0.8870000243186951,0.8870000243186951,0.9279999732971191,0.8610000014305115,0.9020000100135803,1052400
2022-11-07,0.8650000095367432,0.8650000095367432,0.8999999761581421,0.8309999704360962,0.8960000276565552,1127500
2022-11-08,0.824999988079071,0.824999988079071,0.8730000257492065,0.800000011920929,0.8700000047683716,1323700
2022-11-09,0.7850000262260437,0.7850000262260437,0.8299999833106995,0.7699999809265137,0.8199999928474426,3399400
2022-11-10,0.8650000095367432,0.8650000095367432,0.8700000047683716,0.7979999780654907,0.800000011920929,2727300
2022-11-11,0.8659999966621399,0.8659999966621399,0.8999999761581421,0.8330000042915344,0.8650000095367432,1617800
2022-11-14,0.9380000233650208,0.9380000233650208,0.9850000143051147,0.8600000143051147,0.8669999837875366,2261600
2022-11-15,0.9300000071525574,0.9300000071525574,0.9599999785423279,0.8500000238418579,0.9399999976158142,1609800
2022-11-16,0.8730000257492065,0.8730000257492065,0.9300000071525574,0.8600000143051147,0.9300000071525574,865800
2022-11-17,0.871999979019165,0.871999979019165,0.8899999856948853,0.8500000238418579,0.8830000162124634,559900
2022-11-18,0.8550000190734863,0.8550000190734863,0.8899999856948853,0.8399999737739563,0.8899999856948853,662100
2022-11-21,0.8529999852180481,0.8529999852180481,0.8899999856948853,0.8199999928474426,0.859000027179718,944900
2022-11-22,0.8550000190734863,0.8550000190734863,0.8759999871253967,0.843999981880188,0.8500000238418579,535400
2022-11-23,0.8560000061988831,0.8560000061988831,0.8730000257492065,0.828000009059906,0.8730000257492065,1280100
2022-11-25,0.8500000238418579,0.8500000238418579,0.8700000047683716,0.8320000171661377,0.8600000143051147,555700
2022-11-28,0.8140000104904175,0.8140000104904175,0.8600000143051147,0.8019999861717224,0.8600000143051147,628500
2022-11-29,0.8119999766349792,0.8119999766349792,0.8399999737739563,0.7910000085830688,0.8100000023841858,820700
2022-11-30,0.8550000190734863,0.8550000190734863,0.8600000143051147,0.800000011920929,0.800000011920929,669900
2022-12-01,0.9100000262260437,0.9100000262260437,0.925000011920929,0.8309999704360962,0.8479999899864197,1048800
2022-12-02,0.8410000205039978,0.8410000205039978,0.8999999761581421,0.8410000205039978,0.8500000238418579,491800
2022-12-05,0.8100000023841858,0.8100000023841858,0.8600000143051147,0.800000011920929,0.8579999804496765,692000
2022-12-06,0.8100000023841858,0.8100000023841858,0.8259999752044678,0.7799999713897705,0.8209999799728394,1232400
2022-12-07,0.8100000023841858,0.8100000023841858,0.8199999928474426,0.7799999713897705,0.7799999713897705,624100
2022-12-08,0.7950000166893005,0.7950000166893005,0.859000027179718,0.7850000262260437,0.8059999942779541,939000
2022-12-09,0.7770000100135803,0.7770000100135803,0.8149999976158142,0.7699999809265137,0.7820000052452087,481900
2022-12-12,0.7649999856948853,0.7649999856948853,0.7900000214576721,0.7400000095367432,0.75,872300
2022-12-13,0.7200000286102295,0.7200000286102295,0.800000011920929,0.7129999995231628,0.800000011920929,1190300
2022-12-14,0.7559999823570251,0.7559999823570251,0.7699999809265137,0.7129999995231628,0.7200000286102295,882600
2022-12-15,0.7440000176429749,0.7440000176429749,0.75,0.7200000286102295,0.7300000190734863,870500
2022-12-16,0.6819999814033508,0.6819999814033508,0.7300000190734863,0.6809999942779541,0.7200000286102295,846300
2022-12-19,0.5950000286102295,0.5950000286102295,0.6850000023841858,0.5220000147819519,0.6830000281333923,4404900
2022-12-20,0.6200000047683716,0.6200000047683716,0.6200000047683716,0.5630000233650208,0.5699999928474426,1918400
2022-12-21,0.6000000238418579,0.6000000238418579,0.6499999761581421,0.5989999771118164,0.628000020980835,803400
2022-12-22,0.5699999928474426,0.5699999928474426,0.6079999804496765,0.5450000166893005,0.6010000109672546,856700
2022-12-23,0.550000011920929,0.550000011920929,0.6000000238418579,0.5109999775886536,0.550000011920929,1975300
2022-12-27,0.6029999852180481,0.6029999852180481,0.6349999904632568,0.550000011920929,0.550000011920929,1201100
2022-12-28,0.6000000238418579,0.6000000238418579,0.6100000143051147,0.5799999833106995,0.6010000109672546,778100
2022-12-29,0.703000009059906,0.703000009059906,0.7519999742507935,0.5899999737739563,0.6000000238418579,1698500
2022-12-30,0.7699999809265137,0.7699999809265137,0.7699999809265137,0.6700000166893005,0.6840000152587891,1400700
2023-01-03,0.7250000238418579,0.7250000238418579,0.8100000023841858,0.7099999785423279,0.800000011920929,567300
2023-01-04,0.7910000085830688,0.7910000085830688,0.8289999961853027,0.7179999947547913,0.7179999947547913,969600
2023-01-05,0.8349999785423279,0.8349999785423279,0.8500000238418579,0.8069999814033508,0.8199999928474426,1192400
2023-01-06,0.8410000205039978,0.8410000205039978,0.8650000095367432,0.8399999737739563,0.8550000190734863,669900
2023-01-09,0.8399999737739563,0.8399999737739563,0.8849999904632568,0.8399999737739563,0.8550000190734863,417200
2023-01-10,0.8730000257492065,0.8730000257492065,0.8799999952316284,0.8399999737739563,0.8399999737739563,319500
2023-01-11,0.8840000033378601,0.8840000033378601,0.9089999794960022,0.8799999952316284,0.8899999856948853,584100
2023-01-12,0.7799999713897705,0.7799999713897705,0.8999999761581421,0.7599999904632568,0.8999999761581421,1759000
2023-01-13,0.8500000238418579,0.8500000238418579,0.8500000238418579,0.7799999713897705,0.7799999713897705,595400
2023-01-17,0.8799999952316284,0.8799999952316284,0.8899999856948853,0.8500000238418579,0.871999979019165,457100
2023-01-18,0.8399999737739563,0.8399999737739563,0.9049999713897705,0.8399999737739563,0.8799999952316284,516300
2023-01-19,0.8119999766349792,0.8119999766349792,0.8500000238418579,0.7910000085830688,0.8370000123977661,301800
2023-01-20,0.8550000190734863,0.8550000190734863,0.8799999952316284,0.7910000085830688,0.800000011920929,475200
2023-01-23,0.8550000190734863,0.8550000190734863,0.8700000047683716,0.8199999928474426,0.8700000047683716,381600
2023-01-24,0.8700000047683716,0.8700000047683716,0.8799999952316284,0.8500000238418579,0.8799999952316284,537000
2023-01-25,0.8849999904632568,0.8849999904632568,0.8960000276565552,0.8500000238418579,0.8709999918937683,452600
2023-01-26,0.8659999966621399,0.8659999966621399,0.8999999761581421,0.8600000143051147,0.8799999952316284,195200
2023-01-27,0.8799999952316284,0.8799999952316284,0.8899999856948853,0.8510000109672546,0.8899999856948853,407700
2023-01-30,0.8700000047683716,0.8700000047683716,0.8999999761581421,0.8600000143051147,0.8999999761581421,612300
2023-01-31,0.8740000128746033,0.8740000128746033,0.8899999856948853,0.8700000047683716,0.8740000128746033,1102800
2023-02-01,1.0099999904632568,1.0099999904632568,1.100000023841858,0.9399999976158142,1.100000023841858,6156500
2023-02-02,1.1200000047683716,1.1200000047683716,1.1399999856948853,0.9900000095367432,1.090000033378601,4906600
2023-02-03,1.2000000476837158,1.2000000476837158,1.309999942779541,1.1419999599456787,1.2400000095367432,6551900
2023-02-06,1.4800000190734863,1.4800000190734863,1.4900000095367432,1.2400000095367432,1.2899999618530273,7269300
2023-02-07,1.2699999809265137,1.2699999809265137,1.6100000143051147,1.2100000381469727,1.524999976158142,7236500
2023-02-08,1.1799999475479126,1.1799999475479126,1.350000023841858,1.149999976158142,1.2999999523162842,2874000
2023-02-09,1.2000000476837158,1.2000000476837158,1.25,1.159999966621399,1.190000057220459,1895700
2023-02-10,1.090000033378601,1.090000033378601,1.2100000381469727,1.0700000524520874,1.2100000381469727,1924800
2023-02-13,1.0399999618530273,1.0399999618530273,1.0800000429153442,1.0,1.0700000524520874,1799200
2023-02-14,1.090000033378601,1.090000033378601,1.090000033378601,1.0399999618530273,1.0399999618530273,1041000
2023-02-15,1.149999976158142,1.149999976158142,1.159999966621399,1.0800000429153442,1.100000023841858,1265000
2023-02-16,1.100000023841858,1.100000023841858,1.1699999570846558,1.059999942779541,1.1699999570846558,1132300
2023-02-17,1.0399999618530273,1.0399999618530273,1.1200000047683716,1.0,1.0800000429153442,1557500
2023-02-21,0.9769999980926514,0.9769999980926514,1.0499999523162842,0.9700000286102295,1.0299999713897705,1530700
2023-02-22,0.9419999718666077,0.9419999718666077,1.0,0.9200000166893005,0.9800000190734863,1290200
2023-02-23,0.9409999847412109,0.9409999847412109,0.949999988079071,0.902999997138977,0.9399999976158142,878200
2023-02-24,0.9089999794960022,0.9089999794960022,0.9200000166893005,0.8500000238418579,0.8899999856948853,1716000
2023-02-27,0.9139999747276306,0.9139999747276306,0.9419999718666077,0.8960000276565552,0.8999999761581421,903700
2023-02-28,1.0199999809265137,1.0199999809265137,1.0299999713897705,0.9179999828338623,0.9179999828338623,1242100
2023-03-01,1.100000023841858,1.100000023841858,1.100000023841858,1.0,1.090000033378601,1360600
2023-03-02,1.0099999904632568,1.0099999904632568,1.0700000524520874,0.9800000190734863,1.059999942779541,888500
2023-03-03,1.0499999523162842,1.0499999523162842,1.059999942779541,1.0,1.0,753100
2023-03-06,1.0299999713897705,1.0299999713897705,1.0499999523162842,0.9599999785423279,1.0399999618530273,1222500
2023-03-07,0.9599999785423279,0.9599999785423279,1.0299999713897705,0.949999988079071,1.0099999904632568,1093800
2023-03-08,0.9390000104904175,0.9390000104904175,0.9700000286102295,0.9300000071525574,0.9399999976158142,608100
2023-03-09,0.8600000143051147,0.8600000143051147,0.9399999976158142,0.8600000143051147,0.9169999957084656,1016900
2023-03-10,0.8500000238418579,0.8500000238418579,0.9079999923706055,0.8119999766349792,0.8999999761581421,950300
2023-03-13,0.8690000176429749,0.8690000176429749,0.8799999952316284,0.8100000023841858,0.8320000171661377,701300
2023-03-14,0.878000020980835,0.878000020980835,0.8999999761581421,0.8600000143051147,0.8899999856948853,597700
2023-03-15,0.8040000200271606,0.8040000200271606,0.8629999756813049,0.7929999828338623,0.8629999756813049,1213300
2023-03-16,0.8299999833106995,0.8299999833106995,0.8320000171661377,0.8040000200271606,0.8299999833106995,652300
2023-03-17,0.7990000247955322,0.7990000247955322,0.8199999928474426,0.7820000052452087,0.8199999928474426,544000
2023-03-20,0.8259999752044678,0.8259999752044678,0.8500000238418579,0.781000018119812,0.800000011920929,1059400
2023-03-21,0.8569999933242798,0.8569999933242798,0.8700000047683716,0.8299999833106995,0.8389999866485596,681400
2023-03-22,0.8519999980926514,0.8519999980926514,0.8799999952316284,0.8450000286102295,0.8640000224113464,606600
2023-03-23,0.8610000014305115,0.8610000014305115,0.8650000095367432,0.800000011920929,0.8500000238418579,806000
2023-03-24,0.8059999942779541,0.8059999942779541,0.8500000238418579,0.75,0.8199999928474426,1542900
2023-03-27,0.7950000166893005,0.7950000166893005,0.8059999942779541,0.7799999713897705,0.8059999942779541,559600
2023-03-28,0.7080000042915344,0.7080000042915344,0.800000011920929,0.699999988079071,0.7950000166893005,2567500
2023-03-29,0.75,0.75,0.75,0.7049999833106995,0.7200000286102295,1762500
2023-03-30,0.7699999809265137,0.7699999809265137,0.8050000071525574,0.75,0.75,1168700
2023-03-31,0.8289999961853027,0.8289999961853027,0.843999981880188,0.781000018119812,0.781000018119812,1437000
2023-04-03,0.8700000047683716,0.8700000047683716,0.8899999856948853,0.8399999737739563,0.8899999856948853,874100
2023-04-04,0.8090000152587891,0.8090000152587891,0.8700000047683716,0.800000011920929,0.8600000143051147,875500
2023-04-05,0.7839999794960022,0.7839999794960022,0.8299999833106995,0.7509999871253967,0.8240000009536743,1154000
2023-04-06,0.7580000162124634,0.7580000162124634,0.800000011920929,0.7200000286102295,0.800000011920929,2015800
2023-04-10,0.7699999809265137,0.7699999809265137,0.7799999713897705,0.7300000190734863,0.7580000162124634,715500
2023-04-11,0.8309999704360962,0.8309999704360962,0.8600000143051147,0.7509999871253967,0.7599999904632568,952900
2023-04-12,0.7599999904632568,0.7599999904632568,0.8600000143051147,0.7409999966621399,0.8600000143051147,1068900
2023-04-13,0.824999988079071,0.824999988079071,0.824999988079071,0.7559999823570251,0.7749999761581421,912000
2023-04-14,0.8569999933242798,0.8569999933242798,0.8569999933242798,0.800000011920929,0.8190000057220459,578500
2023-04-17,0.8759999871253967,0.8759999871253967,0.8799999952316284,0.8199999928474426,0.8510000109672546,955400
2023-04-18,0.8700000047683716,0.8700000047683716,0.8730000257492065,0.8399999737739563,0.8579999804496765,282600
2023-04-19,0.8700000047683716,0.8700000047683716,0.8700000047683716,0.8370000123977661,0.8370000123977661,296200
2023-04-20,0.8600000143051147,0.8600000143051147,0.8960000276565552,0.8309999704360962,0.8600000143051147,481300
2023-04-21,0.8999999761581421,0.8999999761581421,0.9190000295639038,0.8100000023841858,0.828000009059906,2299600
2023-04-24,0.9070000052452087,0.9070000052452087,0.9200000166893005,0.8799999952316284,0.8999999761581421,957100
2023-04-25,0.8999999761581421,0.8999999761581421,0.9100000262260437,0.8700000047683716,0.9100000262260437,569200
2023-04-26,0.859000027179718,0.859000027179718,0.8999999761581421,0.8500000238418579,0.8889999985694885,399100
2023-04-27,0.8090000152587891,0.8090000152587891,0.8690000176429749,0.7799999713897705,0.8600000143051147,685900
2023-04-28,0.8149999976158142,0.8149999976158142,0.8199999928474426,0.7799999713897705,0.7979999780654907,299000
2023-05-01,0.8199999928474426,0.8199999928474426,0.847000002861023,0.8029999732971191,0.8149999976158142,227400
2023-05-02,0.8019999861717224,0.8019999861717224,0.8100000023841858,0.7900000214576721,0.8100000023841858,232500
2023-05-03,0.800000011920929,0.800000011920929,0.8199999928474426,0.7599999904632568,0.7919999957084656,707300
2023-05-04,0.7599999904632568,0.7599999904632568,0.8100000023841858,0.7509999871253967,0.7699999809265137,542200
2023-05-05,0.7390000224113464,0.7390000224113464,0.7799999713897705,0.7200000286102295,0.7799999713897705,798200
2023-05-08,0.7649999856948853,0.7649999856948853,0.7649999856948853,0.7400000095367432,0.7400000095367432,690600
2023-05-09,0.75,0.75,0.7649999856948853,0.7400000095367432,0.7649999856948853,262300
2023-05-10,0.75,0.75,0.7649999856948853,0.7400000095367432,0.75,424000
2023-05-11,0.7350000143051147,0.7350000143051147,0.7590000033378601,0.7300000190734863,0.7509999871253967,540500
2023-05-12,0.7120000123977661,0.7120000123977661,0.7300000190734863,0.7020000219345093,0.7300000190734863,1138600
2023-05-15,0.7229999899864197,0.7229999899864197,0.7390000224113464,0.7059999704360962,0.7059999704360962,599600
2023-05-16,0.7099999785423279,0.7099999785423279,0.7289999723434448,0.7009999752044678,0.7099999785423279,1043900
2023-05-17,0.7310000061988831,0.7310000061988831,0.7649999856948853,0.7099999785423279,0.7099999785423279,1387400
2023-05-18,0.7649999856948853,0.7649999856948853,0.777999997138977,0.7210000157356262,0.7300000190734863,1228800
2023-05-19,0.7300000190734863,0.7300000190734863,0.7400000095367432,0.7250000238418579,0.7400000095367432,751200
2023-05-22,0.734000027179718,0.734000027179718,0.7400000095367432,0.7170000076293945,0.7200000286102295,330200
2023-05-23,0.7289999723434448,0.7289999723434448,0.75,0.7200000286102295,0.7300000190734863,944700
2023-05-24,0.7160000205039978,0.7160000205039978,0.7300000190734863,0.7089999914169312,0.7300000190734863,1289400
2023-05-25,0.7149999737739563,0.7149999737739563,0.7200000286102295,0.7089999914169312,0.7149999737739563,963500
2023-05-26,0.6830000281333923,0.6830000281333923,0.7099999785423279,0.6700000166893005,0.7099999785423279,1191200
2023-05-30,0.6639999747276306,0.6639999747276306,0.6800000071525574,0.6499999761581421,0.6700000166893005,1064800
2023-05-31,0.6899999976158142,0.6899999976158142,0.7039999961853027,0.6499999761581421,0.6600000262260437,840200
2023-06-01,0.6959999799728394,0.6959999799728394,0.7099999785423279,0.6600000262260437,0.6700000166893005,974900
2023-06-02,0.6660000085830688,0.6660000085830688,0.699999988079071,0.6610000133514404,0.6919999718666077,639500
2023-06-05,0.6790000200271606,0.6790000200271606,0.6980000138282776,0.6660000085830688,0.6700000166893005,552400
2023-06-06,0.6779999732971191,0.6779999732971191,0.6850000023841858,0.6499999761581421,0.6790000200271606,936400
2023-06-07,0.699999988079071,0.699999988079071,0.7099999785423279,0.6779999732971191,0.6779999732971191,794700
2023-06-08,0.7860000133514404,0.7860000133514404,0.8500000238418579,0.7080000042915344,0.7099999785423279,6000700
2023-06-09,0.8830000162124634,0.8830000162124634,0.9810000061988831,0.8399999737739563,0.8769999742507935,5050600
2023-06-12,0.9599999785423279,0.9599999785423279,1.0499999523162842,0.9100000262260437,0.9300000071525574,3850500
2023-06-13,1.1399999856948853,1.1399999856948853,1.149999976158142,1.0099999904632568,1.0299999713897705,3238400
2023-06-14,1.0099999904632568,1.0099999904632568,1.190000057220459,0.9610000252723694,1.1799999475479126,2638500
2023-06-15,1.100000023841858,1.100000023841858,1.1050000190734863,1.0,1.0,1860200
2023-06-16,1.3700000047683716,1.3700000047683716,1.399999976158142,1.190000057220459,1.2100000381469727,9101200
2023-06-20,1.659999966621399,1.659999966621399,1.6699999570846558,1.4199999570846558,1.4299999475479126,8876800
2023-06-21,1.399999976158142,1.399999976158142,1.7000000476837158,1.3300000429153442,1.6799999475479126,5074900
2023-06-22,1.559999942779541,1.559999942779541,1.6299999952316284,1.3600000143051147,1.3700000047683716,3186900
2023-06-23,1.4299999475479126,1.4299999475479126,1.5479999780654907,1.409999966621399,1.5399999618530273,2214400
2023-06-26,1.3799999952316284,1.3799999952316284,1.5,1.3289999961853027,1.4600000381469727,1600700
2023-06-27,1.350000023841858,1.350000023841858,1.3899999856948853,1.2300000190734863,1.3799999952316284,2063500
2023-06-28,1.5199999809265137,1.5199999809265137,1.5549999475479126,1.2899999618530273,1.2999999523162842,2580700
2023-06-29,1.4800000190734863,1.4800000190734863,1.6699999570846558,1.4199999570846558,1.600000023841858,2049600
2023-06-30,1.6299999952316284,1.6299999952316284,1.684999942779541,1.5,1.5399999618530273,3575600
2023-07-03,1.9500000476837158,1.9500000476837158,1.9700000286102295,1.6299999952316284,1.649999976158142,4657400
2023-07-05,2.3949999809265137,2.3949999809265137,2.559999942779541,2.052000045776367,2.1389999389648438,17320500
2023-07-06,2.0299999713897705,2.0299999713897705,2.380000114440918,1.9800000190734863,2.2699999809265137,8359600
2023-07-07,2.5299999713897705,2.5299999713897705,2.5399999618530273,2.1549999713897705,2.180000066757202,9229600
2023-07-10,2.7699999809265137,2.7699999809265137,3.200000047683716,2.700000047683716,2.9700000286102295,19937100
2023-07-11,2.8499999046325684,2.8499999046325684,2.930000066757202,2.549999952316284,2.7899999618530273,6715900
2023-07-12,2.4100000858306885,2.4100000858306885,2.822999954223633,2.380000114440918,2.799999952316284,6772000
2023-07-13,1.8200000524520874,1.8200000524520874,2.3499999046325684,1.649999976158142,2.299999952316284,17373100
2023-07-14,2.1600000858306885,2.1600000858306885,2.2100000381469727,1.8700000047683716,1.909999966621399,7884400
2023-07-17,1.8899999856948853,1.8899999856948853,2.0799999237060547,1.7999999523162842,2.059999942779541,7018800
2023-07-18,1.9900000095367432,1.9900000095367432,2.059999942779541,1.9199999570846558,1.940000057220459,3480300
2023-07-19,1.909999966621399,1.909999966621399,2.059999942779541,1.8200000524520874,2.049999952316284,4113200
2023-07-20,1.8799999952316284,1.8799999952316284,1.9600000381469727,1.8420000076293945,1.899999976158142,2531400
2023-07-21,1.8200000524520874,1.8200000524520874,1.9479999542236328,1.75,1.8899999856948853,2963000
2023-07-24,1.3799999952316284,1.3799999952316284,1.559999942779541,1.2100000381469727,1.2699999809265137,9070300
2023-07-25,1.4199999570846558,1.4199999570846558,1.4900000095367432,1.2999999523162842,1.350000023841858,3669900
2023-07-26,1.4199999570846558,1.4199999570846558,1.4900000095367432,1.3700000047683716,1.399999976158142,2427600
2023-07-27,1.3600000143051147,1.3600000143051147,1.4500000476837158,1.340000033378601,1.440000057220459,1975600
2023-07-28,1.4500000476837158,1.4500000476837158,1.4600000381469727,1.3509999513626099,1.3600000143051147,1744900
2023-07-31,1.6399999856948853,1.6399999856948853,1.6699999570846558,1.4700000286102295,1.4800000190734863,3864500
2023-08-01,1.5700000524520874,1.5700000524520874,1.690000057220459,1.5,1.690000057220459,2714200
2023-08-02,1.2899999618530273,1.2899999618530273,1.4500000476837158,1.25,1.3799999952316284,4161000
2023-08-03,1.2799999713897705,1.2799999713897705,1.3300000429153442,1.2699999809265137,1.2999999523162842,1153400
2023-08-04,1.1100000143051147,1.1100000143051147,1.2999999523162842,1.100000023841858,1.2999999523162842,4742300
2023-08-07,1.2599999904632568,1.2599999904632568,1.2599999904632568,1.0199999809265137,1.1399999856948853,3449600
2023-08-08,1.1100000143051147,1.1100000143051147,1.2300000190734863,1.0800000429153442,1.2200000286102295,3071700
2023-08-09,1.059999942779541,1.059999942779541,1.1200000047683716,1.0399999618530273,1.1100000143051147,2428500
2023-08-10,1.2000000476837158,1.2000000476837158,1.25,1.059999942779541,1.059999942779541,2974100
2023-08-11,1.100000023841858,1.100000023841858,1.2000000476837158,1.0800000429153442,1.2000000476837158,1517500
2023-08-14,1.409999966621399,1.409999966621399,1.75,1.309999942779541,1.4199999570846558,26236100
2023-08-15,1.4500000476837158,1.4500000476837158,1.4500000476837158,1.2799999713897705,1.3799999952316284,4480300
2023-08-16,1.2599999904632568,1.2599999904632568,1.440000057220459,1.25,1.399999976158142,2822800
2023-08-17,1.159999966621399,1.159999966621399,1.2899999618530273,1.149999976158142,1.2699999809265137,1750400
2023-08-18,1.2000000476837158,1.2000000476837158,1.2300000190734863,1.1640000343322754,1.2000000476837158,1223400
2023-08-21,1.2300000190734863,1.2300000190734863,1.2300000190734863,1.149999976158142,1.2300000190734863,1198500
2023-08-22,1.1699999570846558,1.1699999570846558,1.2790000438690186,1.159999966621399,1.25,1096600
2023-08-23,1.2599999904632568,1.2599999904632568,1.2599999904632568,1.1200000047683716,1.159999966621399,1371200
2023-08-24,1.190000057220459,1.190000057220459,1.3200000524520874,1.1699999570846558,1.2799999713897705,1293000
2023-08-25,1.2699999809265137,1.2699999809265137,1.2899999618530273,1.1799999475479126,1.2000000476837158,1407200
2023-08-28,1.3700000047683716,1.3700000047683716,1.3899999856948853,1.2400000095367432,1.2999999523162842,1893200
2023-08-29,1.3300000429153442,1.3300000429153442,1.4299999475479126,1.315000057220459,1.3700000047683716,2163900
2023-08-30,1.340000033378601,1.340000033378601,1.3799999952316284,1.3200000524520874,1.350000023841858,1206300
2023-08-31,1.25,1.25,1.340000033378601,1.2200000286102295,1.3200000524520874,2934600
2023-09-01,1.190000057220459,1.190000057220459,1.319000005722046,1.125,1.2899999618530273,2400600
2023-09-05,1.2400000095367432,1.2400000095367432,1.25,1.2000000476837158,1.2100000381469727,3082600
2023-09-06,1.2200000286102295,1.2200000286102295,1.2400000095367432,1.1699999570846558,1.2200000286102295,1473100
2023-09-07,1.159999966621399,1.159999966621399,1.2200000286102295,1.1399999856948853,1.2200000286102295,1098100
2023-09-08,1.190000057220459,1.190000057220459,1.2089999914169312,1.149999976158142,1.149999976158142,974300
2023-09-11,1.190000057220459,1.190000057220459,1.2300000190734863,1.149999976158142,1.2000000476837158,1234900
2023-09-12,1.2000000476837158,1.2000000476837158,1.2549999952316284,1.190000057220459,1.2000000476837158,879600
2023-09-13,1.2000000476837158,1.2000000476837158,1.2200000286102295,1.149999976158142,1.2000000476837158,956400
2023-09-14,1.2000000476837158,1.2000000476837158,1.2200000286102295,1.159999966621399,1.1799999475479126,1022900
2023-09-15,1.159999966621399,1.159999966621399,1.2100000381469727,1.149999976158142,1.2100000381469727,1532200
2023-09-18,1.149999976158142,1.149999976158142,1.190000057220459,1.1299999952316284,1.1699999570846558,1042800
2023-09-19,1.1299999952316284,1.1299999952316284,1.159999966621399,1.090000033378601,1.159999966621399,1180500
2023-09-20,1.0700000524520874,1.0700000524520874,1.1299999952316284,1.0499999523162842,1.1100000143051147,1438400
2023-09-21,1.0700000524520874,1.0700000524520874,1.100000023841858,1.0199999809265137,1.059999942779541,1267700
2023-09-22,1.0800000429153442,1.0800000429153442,1.1399999856948853,1.059999942779541,1.090000033378601,1274000
2023-09-25,1.0700000524520874,1.0700000524520874,1.0800000429153442,1.0399999618530273,1.0800000429153442,959700
2023-09-26,1.0099999904632568,1.0099999904632568,1.0499999523162842,1.0,1.0399999618530273,1192800
2023-09-27,0.9950000047683716,0.9950000047683716,1.0199999809265137,0.9700000286102295,1.0099999904632568,1131200
2023-09-28,1.0099999904632568,1.0099999904632568,1.0299999713897705,0.9639999866485596,0.9950000047683716,839900
2023-09-29,0.9909999966621399,0.9909999966621399,1.0199999809265137,0.9829999804496765,0.9900000095367432,723000
2023-10-02,0.9390000104904175,0.9390000104904175,1.0099999904632568,0.9309999942779541,1.0,974600
2023-10-03,0.925000011920929,0.925000011920929,0.9900000095367432,0.9169999957084656,0.9800000190734863,780500
2023-10-04,0.9449999928474426,0.9449999928474426,0.9670000076293945,0.8899999856948853,0.9169999957084656,817000
2023-10-05,0.9300000071525574,0.9300000071525574,0.9649999737739563,0.8999999761581421,0.9599999785423279,765600
2023-10-06,0.9369999766349792,0.9369999766349792,0.949999988079071,0.9110000133514404,0.9330000281333923,400700
2023-10-09,0.8899999856948853,0.8899999856948853,0.9309999942779541,0.8799999952316284,0.9300000071525574,750800
2023-10-10,0.8899999856948853,0.8899999856948853,0.925000011920929,0.8799999952316284,0.9200000166893005,736400
2023-10-11,0.921999990940094,0.921999990940094,0.9300000071525574,0.8899999856948853,0.8899999856948853,929000
2023-10-12,0.8999999761581421,0.8999999761581421,0.9449999928474426,0.8899999856948853,0.9419999718666077,584600
2023-10-13,0.8769999742507935,0.8769999742507935,0.9399999976158142,0.8709999918937683,0.9110000133514404,569500
2023-10-16,0.9020000100135803,0.9020000100135803,0.9100000262260437,0.8709999918937683,0.8799999952316284,529800
2023-10-17,0.9319999814033508,0.9319999814033508,0.9319999814033508,0.8840000033378601,0.8999999761581421,641600
2023-10-18,0.8650000095367432,0.8650000095367432,0.9449999928474426,0.8600000143051147,0.9399999976158142,680300
2023-10-19,0.8790000081062317,0.8790000081062317,0.8899999856948853,0.8510000109672546,0.8759999871253967,465700
2023-10-20,0.8600000143051147,0.8600000143051147,0.8999999761581421,0.8510000109672546,0.8899999856948853,465900
2023-10-23,0.828000009059906,0.828000009059906,0.8700000047683716,0.8199999928474426,0.8600000143051147,1026400
2023-10-24,0.8610000014305115,0.8610000014305115,0.8700000047683716,0.8370000123977661,0.8420000076293945,355200
2023-10-25,0.8399999737739563,0.8399999737739563,0.8610000014305115,0.8349999785423279,0.8500000238418579,288800
2023-10-26,0.8450000286102295,0.8450000286102295,0.8679999709129333,0.8399999737739563,0.8399999737739563,286100
2023-10-27,0.8349999785423279,0.8349999785423279,0.8899999856948853,0.824999988079071,0.871999979019165,617200
2023-10-30,0.8100000023841858,0.8100000023841858,0.8579999804496765,0.8059999942779541,0.8500000238418579,563700
2023-10-31,0.8180000185966492,0.8180000185966492,0.8299999833106995,0.8029999732971191,0.8199999928474426,475600
2023-11-01,0.8479999899864197,0.8479999899864197,0.8700000047683716,0.8100000023841858,0.8700000047683716,352400
2023-11-02,0.8700000047683716,0.8700000047683716,0.9399999976158142,0.8629999756813049,0.8629999756813049,910200
2023-11-03,1.0800000429153442,1.0800000429153442,1.1399999856948853,0.9010000228881836,0.9110000133514404,1990200
2023-11-06,1.0299999713897705,1.0299999713897705,1.1699999570846558,0.9909999966621399,1.1299999952316284,1404300
2023-11-07,1.0399999618530273,1.0399999618530273,1.059999942779541,0.9390000104904175,1.0199999809265137,627100
2023-11-08,1.059999942779541,1.059999942779541,1.100000023841858,0.949999988079071,1.0499999523162842,1140100
2023-11-09,1.0099999904632568,1.0099999904632568,1.090000033378601,0.9959999918937683,1.059999942779541,548100
2023-11-10,1.0,1.0,1.059999942779541,0.949999988079071,1.0499999523162842,653200
2023-11-13,1.0199999809265137,1.0199999809265137,1.0700000524520874,0.9549999833106995,0.9950000047683716,753800
2023-11-14,1.1200000047683716,1.1200000047683716,1.1349999904632568,1.0199999809265137,1.0499999523162842,1830500
2023-11-15,1.159999966621399,1.159999966621399,1.2050000429153442,1.100000023841858,1.1299999952316284,1551900
2023-11-16,1.0700000524520874,1.0700000524520874,1.159999966621399,1.0499999523162842,1.159999966621399,758000
2023-11-17,1.059999942779541,1.059999942779541,1.0800000429153442,1.0299999713897705,1.0700000524520874,556700
2023-11-20,1.0499999523162842,1.0499999523162842,1.100000023841858,1.0399999618530273,1.0700000524520874,1061200
2023-11-21,1.149999976158142,1.149999976158142,1.190000057220459,1.059999942779541,1.059999942779541,1226100
2023-11-22,1.1699999570846558,1.1699999570846558,1.190000057220459,1.1050000190734863,1.1799999475479126,770300
2023-11-24,1.399999976158142,1.399999976158142,1.399999976158142,1.1699999570846558,1.1699999570846558,2267100
2023-11-27,1.2100000381469727,1.2100000381469727,1.3899999856948853,1.2000000476837158,1.3799999952316284,2159400
2023-11-28,1.2599999904632568,1.2599999904632568,1.2699999809265137,1.1699999570846558,1.2200000286102295,1392800
2023-11-29,1.2200000286102295,1.2200000286102295,1.2799999713897705,1.1799999475479126,1.2599999904632568,1091900
2023-11-30,1.1399999856948853,1.1399999856948853,1.2300000190734863,1.1299999952316284,1.2300000190734863,2490500
2023-12-01,1.1799999475479126,1.1799999475479126,1.2000000476837158,1.1399999856948853,1.1399999856948853,737100
2023-12-04,1.1799999475479126,1.1799999475479126,1.2699999809265137,1.149999976158142,1.190000057220459,851300
2023-12-05,1.1399999856948853,1.1399999856948853,1.2100000381469727,1.1399999856948853,1.2000000476837158,762600
2023-12-06,1.159999966621399,1.159999966621399,1.25,1.149999976158142,1.1799999475479126,1155800
2023-12-07,1.1100000143051147,1.1100000143051147,1.190000057220459,1.0829999446868896,1.190000057220459,1066800
2023-12-08,1.1200000047683716,1.1200000047683716,1.1380000114440918,1.090000033378601,1.1100000143051147,412200
2023-12-11,1.100000023841858,1.100000023841858,1.1150000095367432,1.0499999523162842,1.1100000143051147,820900
2023-12-12,1.059999942779541,1.059999942779541,1.1200000047683716,1.0499999523162842,1.1200000047683716,664800
2023-12-13,1.1299999952316284,1.1299999952316284,1.1399999856948853,1.0399999618530273,1.0700000524520874,1141200
2023-12-14,1.2000000476837158,1.2000000476837158,1.2200000286102295,1.149999976158142,1.159999966621399,1230300
2023-12-15,1.1549999713897705,1.1549999713897705,1.2200000286102295,1.1299999952316284,1.2200000286102295,609200
2023-12-18,1.149999976158142,1.149999976158142,1.1699999570846558,1.1100000143051147,1.1699999570846558,850700
2023-12-19,1.149999976158142,1.149999976158142,1.190000057220459,1.1200000047683716,1.149999976158142,674500
2023-12-20,1.090000033378601,1.090000033378601,1.159999966621399,1.0800000429153442,1.149999976158142,775300
2023-12-21,1.100000023841858,1.100000023841858,1.149999976158142,1.0850000381469727,1.1299999952316284,971600
2023-12-22,1.1100000143051147,1.1100000143051147,1.1299999952316284,1.0800000429153442,1.090000033378601,628500
2023-12-26,1.149999976158142,1.149999976158142,1.159999966621399,1.100000023841858,1.1399999856948853,870800
2023-12-27,1.1699999570846558,1.1699999570846558,1.1799999475479126,1.1200000047683716,1.1399999856948853,889200
2023-12-28,1.1699999570846558,1.1699999570846558,1.2000000476837158,1.159999966621399,1.1699999570846558,594700
2023-12-29,1.100000023841858,1.100000023841858,1.1699999570846558,1.0800000429153442,1.159999966621399,1573400
2024-01-02,1.0700000524520874,1.0700000524520874,1.1100000143051147,1.0499999523162842,1.100000023841858,920200
2024-01-03,1.159999966621399,1.159999966621399,1.2000000476837158,1.0499999523162842,1.0800000429153442,2017000
2024-01-04,1.309999942779541,1.309999942779541,1.4199999570846558,1.1579999923706055,1.1699999570846558,5470400
2024-01-05,1.309999942779541,1.309999942779541,1.399999976158142,1.25,1.350000023841858,2646500
2024-01-08,1.465000033378601,1.465000033378601,1.4900000095367432,1.2920000553131104,1.309999942779541,3137900
2024-01-09,1.5,1.5,1.600000023841858,1.409999966621399,1.4800000190734863,3734000
2024-01-10,1.4500000476837158,1.4500000476837158,1.5549999475479126,1.4199999570846558,1.5299999713897705,2259600
2024-01-11,1.350000023841858,1.350000023841858,1.4700000286102295,1.3300000429153442,1.440000057220459,1615100
2024-01-12,1.440000057220459,1.440000057220459,1.440000057220459,1.340000033378601,1.350000023841858,1040400
2024-01-16,1.2300000190734863,1.2300000190734863,1.440000057220459,1.2000000476837158,1.4199999570846558,2405400
2024-01-17,1.2599999904632568,1.2599999904632568,1.3200000524520874,1.2300000190734863,1.2699999809265137,640900
2024-01-18,1.2100000381469727,1.2100000381469727,1.2929999828338623,1.1699999570846558,1.2799999713897705,1431500
2024-01-19,1.25,1.25,1.2699999809265137,1.149999976158142,1.2400000095367432,1168100
2024-01-22,1.309999942779541,1.309999942779541,1.3300000429153442,1.2599999904632568,1.2799999713897705,958900
2024-01-23,1.350000023841858,1.350000023841858,1.399999976158142,1.309999942779541,1.309999942779541,822400
2024-01-24,1.3600000143051147,1.3600000143051147,1.3899999856948853,1.3300000429153442,1.340000033378601,805800
2024-01-25,1.3899999856948853,1.3899999856948853,1.399999976158142,1.350000023841858,1.3600000143051147,557700
2024-01-26,1.3300000429153442,1.3300000429153442,1.4049999713897705,1.2799999713897705,1.3899999856948853,804400
2024-01-29,1.3899999856948853,1.3899999856948853,1.3949999809265137,1.309999942779541,1.3300000429153442,500700
2024-01-30,1.350000023841858,1.350000023841858,1.3899999856948853,1.3300000429153442,1.3799999952316284,567500
2024-01-31,1.309999942779541,1.309999942779541,1.3799999952316284,1.2999999523162842,1.350000023841858,652900
2024-02-01,1.350000023841858,1.350000023841858,1.350000023841858,1.2799999713897705,1.3200000524520874,542900
2024-02-02,1.2899999618530273,1.2899999618530273,1.3899999856948853,1.2699999809265137,1.3899999856948853,1306200
2024-02-05,1.340000033378601,1.340000033378601,1.350000023841858,1.2799999713897705,1.309999942779541,1818100
2024-02-06,1.3200000524520874,1.3200000524520874,1.3799999952316284,1.2899999618530273,1.340000033378601,1599100
2024-02-07,1.2799999713897705,1.2799999713897705,1.350000023841858,1.25,1.2899999618530273,2425700
2024-02-08,1.2799999713897705,1.2799999713897705,1.309999942779541,1.225000023841858,1.2799999713897705,979500
2024-02-09,1.2400000095367432,1.2400000095367432,1.309999942779541,1.2300000190734863,1.2999999523162842,1228300
2024-02-12,1.2699999809265137,1.2699999809265137,1.2899999618530273,1.2300000190734863,1.25,568500
2024-02-13,1.2200000286102295,1.2200000286102295,1.2699999809265137,1.190000057220459,1.2699999809265137,1255700
2024-02-14,1.2300000190734863,1.2300000190734863,1.2799999713897705,1.2200000286102295,1.2300000190734863,820000
2024-02-15,1.2400000095367432,1.2400000095367432,1.2549999952316284,1.2100000381469727,1.2200000286102295,956100
2024-02-16,1.2300000190734863,1.2300000190734863,1.25,1.2200000286102295,1.25,614500
2024-02-20,1.2100000381469727,1.2100000381469727,1.2489999532699585,1.190000057220459,1.2300000190734863,997800
2024-02-21,1.2300000190734863,1.2300000190734863,1.2400000095367432,1.1799999475479126,1.2100000381469727,687600
2024-02-22,1.2300000190734863,1.2300000190734863,1.2799999713897705,1.2200000286102295,1.25,705500
2024-02-23,1.340000033378601,1.340000033378601,1.3589999675750732,1.2300000190734863,1.2300000190734863,1535400
2024-02-26,1.2599999904632568,1.2599999904632568,1.3550000190734863,1.2400000095367432,1.350000023841858,1648400
2024-02-27,1.3200000524520874,1.3200000524520874,1.340000033378601,1.25,1.25,730200
2024-02-28,1.350000023841858,1.350000023841858,1.4700000286102295,1.3200000524520874,1.3200000524520874,2324700
2024-02-29,1.4500000476837158,1.4500000476837158,1.4600000381469727,1.3600000143051147,1.3799999952316284,1422600
2024-03-01,1.3600000143051147,1.3600000143051147,1.4800000190734863,1.3600000143051147,1.4800000190734863,1407000
2024-03-04,1.409999966621399,1.409999966621399,1.4249999523162842,1.3200000524520874,1.3300000429153442,1248900
2024-03-05,1.4299999475479126,1.4299999475479126,1.5,1.3799999952316284,1.3899999856948853,1718400
2024-03-06,1.4299999475479126,1.4299999475479126,1.5499999523162842,1.3799999952316284,1.440000057220459,1530500
2024-03-07,1.5700000524520874,1.5700000524520874,1.5800000429153442,1.4299999475479126,1.440000057220459,2155400
2024-03-08,1.6200000047683716,1.6200000047683716,1.6299999952316284,1.5399999618530273,1.559999942779541,1790600
2024-03-11,1.5499999523162842,1.5499999523162842,1.7000000476837158,1.5499999523162842,1.6299999952316284,1961500
2024-03-12,1.75,1.75,2.0,1.5,1.559999942779541,9521800
2024-03-13,1.8300000429153442,1.8300000429153442,2.069999933242798,1.7100000381469727,1.7599999904632568,6283100
2024-03-14,1.7100000381469727,1.7100000381469727,1.9500000476837158,1.6649999618530273,1.899999976158142,3189500
2024-03-15,1.6699999570846558,1.6699999570846558,1.7999999523162842,1.659999966621399,1.7100000381469727,1403300
2024-03-18,1.7400000095367432,1.7400000095367432,1.7999999523162842,1.6649999618530273,1.75,1707800
2024-03-19,1.6699999570846558,1.6699999570846558,1.7200000286102295,1.6100000143051147,1.7000000476837158,1452400
2024-03-20,1.7000000476837158,1.7000000476837158,1.7400000095367432,1.6299999952316284,1.7000000476837158,1250600
2024-03-21,1.7599999904632568,1.7599999904632568,1.850000023841858,1.6950000524520874,1.7000000476837158,1931400
2024-03-22,1.6299999952316284,1.6299999952316284,1.6799999475479126,1.5750000476837158,1.6799999475479126,3150400
2024-03-25,1.5499999523162842,1.5499999523162842,1.6729999780654907,1.5399999618530273,1.6399999856948853,2784100
2024-03-26,1.3450000286102295,1.3450000286102295,1.5700000524520874,1.2799999713897705,1.5499999523162842,6708700
2024-03-27,1.340000033378601,1.340000033378601,1.399999976158142,1.2899999618530273,1.3899999856948853,1689300
2024-03-28,1.4299999475479126,1.4299999475479126,1.4850000143051147,1.309999942779541,1.3200000524520874,2332300
2024-04-01,1.440000057220459,1.440000057220459,1.5049999952316284,1.3899999856948853,1.4600000381469727,1215500
2024-04-02,1.5800000429153442,1.5800000429153442,1.7599999904632568,1.4800000190734863,1.4900000095367432,9064800
2024-04-03,1.7400000095367432,1.7400000095367432,1.7599999904632568,1.5700000524520874,1.5750000476837158,2899800
2024-04-04,1.690000057220459,1.690000057220459,1.7949999570846558,1.6710000038146973,1.7200000286102295,1841800
2024-04-05,1.690000057220459,1.690000057220459,1.7100000381469727,1.6200000047683716,1.690000057220459,987700
2024-04-08,1.6799999475479126,1.6799999475479126,1.7100000381469727,1.6299999952316284,1.690000057220459,700200
2024-04-09,1.7100000381469727,1.7100000381469727,1.7400000095367432,1.659999966621399,1.659999966621399,768200
2024-04-10,1.8700000047683716,1.8700000047683716,1.9500000476837158,1.690000057220459,1.7300000190734863,6475200
2024-04-11,1.8600000143051147,1.8600000143051147,2.009999990463257,1.7999999523162842,1.8600000143051147,2077200
2024-04-12,1.809999942779541,1.809999942779541,1.9600000381469727,1.7400000095367432,1.8700000047683716,1804400
2024-04-15,1.7300000190734863,1.7300000190734863,1.815000057220459,1.6699999570846558,1.809999942779541,2145400
2024-04-16,1.7200000286102295,1.7200000286102295,1.7549999952316284,1.6200000047683716,1.6799999475479126,1022000
2024-04-17,1.659999966621399,1.659999966621399,1.75,1.6299999952316284,1.75,1055200
2024-04-18,1.690000057220459,1.690000057220459,1.75,1.6100000143051147,1.659999966621399,1151400
2024-04-19,1.6100000143051147,1.6100000143051147,1.6699999570846558,1.5950000286102295,1.6299999952316284,1262100
2024-04-22,1.6399999856948853,1.6399999856948853,1.6399999856948853,1.5499999523162842,1.6299999952316284,1196300
2024-04-23,1.659999966621399,1.659999966621399,1.7200000286102295,1.6050000190734863,1.6299999952316284,1327100
2024-04-24,1.600000023841858,1.600000023841858,1.690000057220459,1.5800000429153442,1.6699999570846558,1008200
2024-04-25,1.6200000047683716,1.6200000047683716,1.6200000047683716,1.559999942779541,1.6100000143051147,559900
2024-04-26,1.5700000524520874,1.5700000524520874,1.659999966621399,1.5499999523162842,1.6399999856948853,1446200
2024-04-29,1.6299999952316284,1.6299999952316284,1.6299999952316284,1.5520000457763672,1.6200000047683716,1233100
2024-04-30,1.5199999809265137,1.5199999809265137,1.600000023841858,1.5099999904632568,1.600000023841858,1431900
2024-05-01,1.5099999904632568,1.5099999904632568,1.559999942779541,1.4800000190734863,1.5299999713897705,1262600
2024-05-02,1.4900000095367432,1.4900000095367432,1.559999942779541,1.465000033378601,1.5199999809265137,1322100
2024-05-03,1.5,1.5,1.5299999713897705,1.4700000286102295,1.5,551500
2024-05-06,1.5700000524520874,1.5700000524520874,1.5800000429153442,1.5099999904632568,1.5099999904632568,1161800
2024-05-07,1.5199999809265137,1.5199999809265137,1.5700000524520874,1.5,1.5700000524520874,747500
2024-05-08,1.4550000429153442,1.4550000429153442,1.4900000095367432,1.440000057220459,1.4600000381469727,1629300
2024-05-09,1.524999976158142,1.524999976158142,1.5399999618530273,1.4500000476837158,1.4600000381469727,1460500
2024-05-10,1.4600000381469727,1.4600000381469727,1.5750000476837158,1.4600000381469727,1.5299999713897705,1279900
2024-05-13,1.5199999809265137,1.5199999809265137,1.5199999809265137,1.4700000286102295,1.4900000095367432,1412400
2024-05-14,1.4600000381469727,1.4600000381469727,1.5199999809265137,1.4299999475479126,1.4299999475479126,1998600
2024-05-15,1.4800000190734863,1.4800000190734863,1.5449999570846558,1.4299999475479126,1.4700000286102295,1652700
2024-05-16,1.399999976158142,1.399999976158142,1.5,1.399999976158142,1.4900000095367432,1497300
2024-05-17,1.3799999952316284,1.3799999952316284,1.4390000104904175,1.3799999952316284,1.4299999475479126,1079800
2024-05-20,1.4299999475479126,1.4299999475479126,1.4299999475479126,1.3799999952316284,1.3899999856948853,889000
2024-05-21,1.4199999570846558,1.4199999570846558,1.4500000476837158,1.3799999952316284,1.4500000476837158,685100
2024-05-22,1.4500000476837158,1.4500000476837158,1.4500000476837158,1.3600000143051147,1.3899999856948853,1534800
2024-05-23,1.5199999809265137,1.5199999809265137,1.5399999618530273,1.4199999570846558,1.4199999570846558,1819800
2024-05-24,1.5499999523162842,1.5499999523162842,1.590000033378601,1.5199999809265137,1.5399999618530273,1175500
2024-05-28,1.5399999618530273,1.5399999618530273,1.590000033378601,1.5049999952316284,1.5700000524520874,728200
2024-05-29,1.5099999904632568,1.5099999904632568,1.600000023841858,1.4900000095367432,1.5399999618530273,1330700
2024-05-30,1.4800000190734863,1.4800000190734863,1.5399999618530273,1.4600000381469727,1.5,1692500
2024-05-31,1.4700000286102295,1.4700000286102295,1.5499999523162842,1.440000057220459,1.4800000190734863,1533900
2024-06-03,1.4800000190734863,1.4800000190734863,1.5,1.4450000524520874,1.4800000190734863,657200
2024-06-04,1.4500000476837158,1.4500000476837158,1.4700000286102295,1.409999966621399,1.4700000286102295,660500
2024-06-05,1.4600000381469727,1.4600000381469727,1.465000033378601,1.4199999570846558,1.4600000381469727,601100
2024-06-06,1.4550000429153442,1.4550000429153442,1.475000023841858,1.4299999475479126,1.440000057220459,669400
2024-06-07,1.4299999475479126,1.4299999475479126,1.4600000381469727,1.409999966621399,1.440000057220459,930700
2024-06-10,1.3700000047683716,1.3700000047683716,1.440000057220459,1.3700000047683716,1.440000057220459,1393600
2024-06-11,1.3799999952316284,1.3799999952316284,1.399999976158142,1.3700000047683716,1.399999976158142,686600
2024-06-12,1.409999966621399,1.409999966621399,1.4600000381469727,1.3700000047683716,1.399999976158142,1480700
2024-06-13,1.4299999475479126,1.4299999475479126,1.4589999914169312,1.399999976158142,1.4199999570846558,778800
2024-06-14,1.4800000190734863,1.4800000190734863,1.4800000190734863,1.409999966621399,1.409999966621399,826000
2024-06-17,1.5199999809265137,1.5199999809265137,1.5449999570846558,1.4700000286102295,1.4900000095367432,1160900
2024-06-18,1.4800000190734863,1.4800000190734863,1.5399999618530273,1.4600000381469727,1.5399999618530273,861700
2024-06-20,1.4249999523162842,1.4249999523162842,1.4700000286102295,1.409999966621399,1.4600000381469727,1066400
2024-06-21,1.409999966621399,1.409999966621399,1.440000057220459,1.399999976158142,1.4299999475479126,383800
2024-06-24,1.4199999570846558,1.4199999570846558,1.4500000476837158,1.4019999504089355,1.409999966621399,845700
2024-06-25,1.399999976158142,1.399999976158142,1.4299999475479126,1.3899999856948853,1.409999966621399,549900
2024-06-26,1.399999976158142,1.399999976158142,1.440000057220459,1.3799999952316284,1.3899999856948853,894000
2024-06-27,1.399999976158142,1.399999976158142,1.4199999570846558,1.3799999952316284,1.409999966621399,705700
2024-06-28,1.350000023841858,1.350000023841858,1.4199999570846558,1.309999942779541,1.399999976158142,1343400
2024-07-01,1.3300000429153442,1.3300000429153442,1.3700000047683716,1.2999999523162842,1.3700000047683716,654600
2024-07-02,1.409999966621399,1.409999966621399,1.409999966621399,1.2699999809265137,1.3200000524520874,1230600
2024-07-03,1.3799999952316284,1.3799999952316284,1.4299999475479126,1.3799999952316284,1.409999966621399,452200
2024-07-05,1.5199999809265137,1.5199999809265137,1.5199999809265137,1.375,1.3799999952316284,1286000
2024-07-08,1.559999942779541,1.559999942779541,1.6200000047683716,1.5199999809265137,1.5199999809265137,1641200
2024-07-09,1.4900000095367432,1.4900000095367432,1.5800000429153442,1.4600000381469727,1.559999942779541,931200
2024-07-10,1.4299999475479126,1.4299999475479126,1.4800000190734863,1.409999966621399,1.4600000381469727,973800
2024-07-11,1.4299999475479126,1.4299999475479126,1.4700000286102295,1.409999966621399,1.4299999475479126,802800
2024-07-12,1.4299999475479126,1.4299999475479126,1.4700000286102295,1.399999976158142,1.4199999570846558,1110500
2024-07-15,1.4500000476837158,1.4500000476837158,1.4900000095367432,1.4299999475479126,1.4299999475479126,1846000
2024-07-16,1.4600000381469727,1.4600000381469727,1.4900000095367432,1.440000057220459,1.4500000476837158,1457700
2024-07-17,1.3799999952316284,1.3799999952316284,1.4600000381469727,1.3700000047683716,1.4500000476837158,1465200
2024-07-18,1.350000023841858,1.350000023841858,1.3899999856948853,1.2999999523162842,1.3899999856948853,1514400
2024-07-19,1.309999942779541,1.309999942779541,1.3600000143051147,1.2999999523162842,1.350000023841858,706700
2024-07-22,1.3049999475479126,1.3049999475479126,1.3450000286102295,1.25,1.3300000429153442,1440100
2024-07-23,1.2000000476837158,1.2000000476837158,1.2999999523162842,1.2000000476837158,1.2999999523162842,2014100
2024-07-24,1.1200000047683716,1.1200000047683716,1.218000054359436,1.100000023841858,1.2000000476837158,2404300
2024-07-25,1.190000057220459,1.190000057220459,1.2000000476837158,1.0800000429153442,1.100000023841858,1279400
2024-07-26,1.159999966621399,1.159999966621399,1.225000023841858,1.1399999856948853,1.2200000286102295,721600
2024-07-29,1.1299999952316284,1.1299999952316284,1.1799999475479126,1.1100000143051147,1.1799999475479126,972700
2024-07-30,1.1200000047683716,1.1200000047683716,1.149999976158142,1.100000023841858,1.1299999952316284,524200
2024-07-31,1.0800000429153442,1.0800000429153442,1.1299999952316284,1.059999942779541,1.1100000143051147,1009500
2024-08-01,1.0399999618530273,1.0399999618530273,1.090000033378601,1.0199999809265137,1.090000033378601,1154300
2024-08-02,1.0299999713897705,1.0299999713897705,1.0499999523162842,0.9700000286102295,1.0499999523162842,1982300
2024-08-05,0.9679999947547913,0.9679999947547913,0.9769999980926514,0.7979999780654907,0.8999999761581421,3533900
2024-08-06,1.059999942779541,1.059999942779541,1.059999942779541,0.9700000286102295,0.9900000095367432,776600
2024-08-07,0.9710000157356262,0.9710000157356262,1.0800000429153442,0.9700000286102295,1.0800000429153442,1139200
2024-08-08,1.0199999809265137,1.0199999809265137,1.0299999713897705,0.9649999737739563,0.9919999837875366,413400
2024-08-09,1.0199999809265137,1.0199999809265137,1.0390000343322754,0.9959999918937683,1.0299999713897705,307600
2024-08-12,0.9649999737739563,0.9649999737739563,1.0299999713897705,0.9649999737739563,1.0199999809265137,690400
2024-08-13,0.9399999976158142,0.9399999976158142,0.9900000095367432,0.9399999976158142,0.9700000286102295,570200
2024-08-14,0.9810000061988831,0.9810000061988831,1.0,0.9200000166893005,0.9399999976158142,775000
2024-08-15,1.100000023841858,1.100000023841858,1.100000023841858,0.9900000095367432,1.0099999904632568,1646800
2024-08-16,1.0700000524520874,1.0700000524520874,1.100000023841858,1.0299999713897705,1.0499999523162842,672600
2024-08-19,1.0499999523162842,1.0499999523162842,1.0800000429153442,1.0299999713897705,1.0700000524520874,508400
2024-08-20,1.0499999523162842,1.0499999523162842,1.0499999523162842,1.0,1.0399999618530273,556700
2024-08-21,1.0800000429153442,1.0800000429153442,1.1200000047683716,1.0199999809265137,1.0499999523162842,737300
2024-08-22,1.0399999618530273,1.0399999618530273,1.0800000429153442,1.0,1.0800000429153442,607800
2024-08-23,1.059999942779541,1.059999942779541,1.0700000524520874,1.0199999809265137,1.0299999713897705,325600
2024-08-26,1.059999942779541,1.059999942779541,1.0800000429153442,1.0449999570846558,1.0700000524520874,418000
2024-08-27,1.0499999523162842,1.0499999523162842,1.0700000524520874,1.0,1.059999942779541,814000
2024-08-28,0.9800000190734863,0.9800000190734863,1.0399999618530273,0.9599999785423279,1.0399999618530273,881600
2024-08-29,0.953000009059906,0.953000009059906,1.0099999904632568,0.953000009059906,0.9700000286102295,539000
2024-08-30,0.9869999885559082,0.9869999885559082,0.9990000128746033,0.949999988079071,0.9599999785423279,347000
2024-09-03,0.9079999923706055,0.9079999923706055,0.9990000128746033,0.8920000195503235,0.9990000128746033,1132700
2024-09-04,0.8889999985694885,0.8889999985694885,0.8989999890327454,0.8700000047683716,0.8899999856948853,1186500
2024-09-05,0.9589999914169312,0.9589999914169312,0.9900000095367432,0.8889999985694885,0.8889999985694885,1489100
2024-09-06,0.9509999752044678,0.9509999752044678,0.9750000238418579,0.9300000071525574,0.9430000185966492,417100
2024-09-09,0.9259999990463257,0.9259999990463257,0.9800000190734863,0.8999999761581421,0.9800000190734863,607500
2024-09-10,0.9599999785423279,0.9599999785423279,0.9599999785423279,0.925000011920929,0.925000011920929,253300
2024-09-11,0.9390000104904175,0.9390000104904175,0.9599999785423279,0.9089999794960022,0.949999988079071,721100
2024-09-12,0.9120000004768372,0.9120000004768372,0.9449999928474426,0.8849999904632568,0.9300000071525574,810800
2024-09-13,0.9399999976158142,0.9399999976158142,0.9580000042915344,0.9100000262260437,0.9100000262260437,603200
2024-09-16,1.0700000524520874,1.0700000524520874,1.190000057220459,0.9449999928474426,0.949999988079071,4492500
2024-09-17,1.0199999809265137,1.0199999809265137,1.100000023841858,1.0,1.0700000524520874,917400
2024-09-18,1.0299999713897705,1.0299999713897705,1.059999942779541,1.0,1.0399999618530273,610800
2024-09-19,1.0299999713897705,1.0299999713897705,1.0700000524520874,1.0099999904632568,1.0299999713897705,648700
2024-09-20,1.0299999713897705,1.0299999713897705,1.0299999713897705,0.9950000047683716,1.0299999713897705,381100
2024-09-23,1.0499999523162842,1.0499999523162842,1.059999942779541,0.9990000128746033,1.0299999713897705,551800
2024-09-24,1.0299999713897705,1.0299999713897705,1.059999942779541,1.0,1.0399999618530273,882800
2024-09-25,1.0199999809265137,1.0199999809265137,1.059999942779541,1.0,1.0099999904632568,808300
2024-09-26,1.0499999523162842,1.0499999523162842,1.0700000524520874,1.0199999809265137,1.0199999809265137,610700
2024-09-27,1.0499999523162842,1.0499999523162842,1.100000023841858,1.0299999713897705,1.0399999618530273,707900
2024-09-30,1.059999942779541,1.059999942779541,1.0800000429153442,1.0299999713897705,1.0499999523162842,277000
2024-10-01,1.059999942779541,1.059999942779541,1.059999942779541,1.0399999618530273,1.0499999523162842,385900
2024-10-02,1.059999942779541,1.059999942779541,1.059999942779541,1.0299999713897705,1.0499999523162842,291600
2024-10-03,1.059999942779541,1.059999942779541,1.069000005722046,1.0299999713897705,1.059999942779541,259000
2024-10-04,1.059999942779541,1.059999942779541,1.0700000524520874,1.0299999713897705,1.059999942779541,343700
2024-10-07,1.0199999809265137,1.0199999809265137,1.059999942779541,0.9729999899864197,1.059999942779541,976700
2024-10-08,1.0099999904632568,1.0099999904632568,1.0199999809265137,1.0099999904632568,1.0199999809265137,247100
2024-10-09,1.0,1.0,1.0149999856948853,0.9789999723434448,1.0099999904632568,647200
2024-10-10,1.0299999713897705,1.0299999713897705,1.0299999713897705,0.9900000095367432,0.9909999966621399,418900
2024-10-11,1.0299999713897705,1.0299999713897705,1.0399999618530273,1.0199999809265137,1.0199999809265137,262200
2024-10-14,1.0199999809265137,1.0199999809265137,1.0399999618530273,1.0,1.0399999618530273,294000
2024-10-15,1.0099999904632568,1.0099999904632568,1.0199999809265137,1.0,1.0199999809265137,420700
2024-10-16,0.9950000047683716,0.9950000047683716,1.0099999904632568,0.9800000190734863,1.0,485900
2024-10-17,1.0,1.0,1.0199999809265137,0.9750000238418579,1.0,565700
2024-10-18,1.0199999809265137,1.0199999809265137,1.0199999809265137,1.0,1.0199999809265137,282800
2024-10-21,1.0,1.0,1.0299999713897705,1.0,1.0199999809265137,960600
2024-10-22,1.0099999904632568,1.0099999904632568,1.0099999904632568,0.9810000061988831,1.0,1257000
2024-10-23,1.0,1.0,1.0099999904632568,0.9829999804496765,1.0099999904632568,487400
2024-10-24,0.9940000176429749,0.9940000176429749,0.9950000047683716,0.9750000238418579,0.9900000095367432,358900
2024-10-25,0.9929999709129333,0.9929999709129333,1.0099999904632568,0.9800000190734863,0.9900000095367432,455200
2024-10-28,0.9890000224113464,0.9890000224113464,1.0099999904632568,0.9800000190734863,0.9940000176429749,330400
2024-10-29,0.9900000095367432,0.9900000095367432,1.0,0.9670000076293945,1.0,476600
2024-10-30,0.9750000238418579,0.9750000238418579,0.9900000095367432,0.9700000286102295,0.984000027179718,741600
2024-10-31,0.9890000224113464,0.9890000224113464,0.9900000095367432,0.9430000185966492,0.9599999785423279,715800
2024-11-01,0.9909999966621399,0.9909999966621399,1.0099999904632568,0.9700000286102295,0.9800000190734863,335000
2024-11-04,0.9700000286102295,0.9700000286102295,1.0,0.9279999732971191,0.9900000095367432,771200
2024-11-05,0.9879999756813049,0.9879999756813049,0.9900000095367432,0.9599999785423279,0.9629999995231628,344600
2024-11-06,1.0,1.0,1.0099999904632568,0.9810000061988831,1.0099999904632568,1012100
2024-11-07,0.996999979019165,0.996999979019165,1.0,0.9800000190734863,1.0,466000
2024-11-08,0.9779999852180481,0.9779999852180481,1.0,0.9399999976158142,0.9900000095367432,745600
2024-11-11,0.9710000157356262,0.9710000157356262,0.9900000095367432,0.9399999976158142,0.9779999852180481,1361300
2024-11-12,0.9800000190734863,0.9800000190734863,0.9800000190734863,0.9520000219345093,0.9599999785423279,852200
2024-11-13,0.9559999704360962,0.9559999704360962,0.9890000224113464,0.925000011920929,0.9800000190734863,1731800
2024-11-14,0.9559999704360962,0.9559999704360962,0.9800000190734863,0.9200000166893005,0.9800000190734863,1829100
2024-11-15,0.9950000047683716,0.9950000047683716,1.0299999713897705,0.949999988079071,0.9599999785423279,1659500
2024-11-18,0.9580000042915344,0.9580000042915344,1.0709999799728394,0.9200000166893005,1.0,5745100
2024-11-19,0.9139999747276306,0.9139999747276306,0.9700000286102295,0.9100000262260437,0.9319999814033508,1533000
2024-11-20,0.9020000100135803,0.9020000100135803,0.9399999976158142,0.8939999938011169,0.9100000262260437,1283100
2024-11-21,0.8830000162124634,0.8830000162124634,0.949999988079071,0.875,0.8949999809265137,2017100
2024-11-22,0.9179999828338623,0.9179999828338623,0.9300000071525574,0.8899999856948853,0.8899999856948853,1011800
2024-11-25,0.9010000228881836,0.9010000228881836,0.9480000138282776,0.9010000228881836,0.9049999713897705,968300
2024-11-26,0.8349999785423279,0.8349999785423279,0.9200000166893005,0.8349999785423279,0.8980000019073486,1816500
2024-11-27,0.8410000205039978,0.8410000205039978,0.8899999856948853,0.8349999785423279,0.8500000238418579,897200
2024-11-29,0.8479999899864197,0.8479999899864197,0.8830000162124634,0.8349999785423279,0.8500000238418579,511500
2024-12-02,0.8019999861717224,0.8019999861717224,0.8600000143051147,0.7799999713897705,0.8500000238418579,3367500
2024-12-03,0.8899999856948853,0.8899999856948853,0.8949999809265137,0.7979999780654907,0.8040000200271606,2275300
2024-12-04,0.9020000100135803,0.9020000100135803,0.949999988079071,0.8730000257492065,0.8999999761581421,1449800
2024-12-05,0.8479999899864197,0.8479999899864197,0.9190000295639038,0.8330000042915344,0.890999972820282,1024900
2024-12-06,0.8569999933242798,0.8569999933242798,0.8790000081062317,0.8429999947547913,0.8500000238418579,570300
2024-12-09,0.8539999723434448,0.8539999723434448,0.8999999761581421,0.8450000286102295,0.8500000238418579,750300
2024-12-10,0.7960000038146973,0.7960000038146973,0.8500000238418579,0.7879999876022339,0.8399999737739563,1785800
2024-12-11,0.800000011920929,0.800000011920929,0.8299999833106995,0.7900000214576721,0.8100000023841858,1016800
2024-12-12,0.7960000038146973,0.7960000038146973,0.8190000057220459,0.7699999809265137,0.800000011920929,1819800
2024-12-13,0.800000011920929,0.800000011920929,0.8220000267028809,0.7850000262260437,0.7900000214576721,1406400
2024-12-16,0.8059999942779541,0.8059999942779541,0.8180000185966492,0.7879999876022339,0.800000011920929,1014400
2024-12-17,0.8029999732971191,0.8029999732971191,0.8100000023841858,0.7850000262260437,0.7950000166893005,998400
2024-12-18,0.765999972820282,0.765999972820282,0.800000011920929,0.75,0.7900000214576721,3772600
2024-12-19,0.7250000238418579,0.7250000238418579,0.7850000262260437,0.7210000157356262,0.765999972820282,1848900
2024-12-20,0.7400000095367432,0.7400000095367432,0.7599999904632568,0.7300000190734863,0.7300000190734863,1115700
2024-12-23,0.8500000238418579,0.8500000238418579,0.9089999794960022,0.7400000095367432,0.7400000095367432,2997200
2024-12-24,0.8790000081062317,0.8790000081062317,0.8870000243186951,0.8109999895095825,0.8619999885559082,1164900
2024-12-26,0.8799999952316284,0.8799999952316284,0.8899999856948853,0.8420000076293945,0.878000020980835,1543100
2024-12-27,1.100000023841858,1.100000023841858,1.100000023841858,0.847000002861023,0.8799999952316284,7663000
2024-12-30,1.2000000476837158,1.2000000476837158,1.2100000381469727,1.0299999713897705,1.1100000143051147,4248600
2024-12-31,1.1200000047683716,1.1200000047683716,1.2000000476837158,1.0800000429153442,1.2000000476837158,2091000
2025-01-02,1.2000000476837158,1.2000000476837158,1.2000000476837158,1.1100000143051147,1.1399999856948853,1639400
2025-01-03,1.25,1.25,1.2699999809265137,1.1200000047683716,1.2000000476837158,2020500
2025-01-06,1.1399999856948853,1.1399999856948853,1.2699999809265137,1.0499999523162842,1.25,4071600
2025-01-07,1.190000057220459,1.190000057220459,1.190000057220459,1.090000033378601,1.1399999856948853,1177800
2025-01-08,1.090000033378601,1.090000033378601,1.1799999475479126,1.059999942779541,1.1699999570846558,1574000
2025-01-10,1.1399999856948853,1.1399999856948853,1.1799999475479126,1.100000023841858,1.1200000047683716,1568400
2025-01-13,1.0700000524520874,1.0700000524520874,1.149999976158142,1.0399999618530273,1.1299999952316284,1595200
2025-01-14,1.0499999523162842,1.0499999523162842,1.0880000591278076,1.0199999809265137,1.0700000524520874,978400
2025-01-15,1.2999999523162842,1.2999999523162842,1.3200000524520874,1.100000023841858,1.1100000143051147,6703300
2025-01-16,1.5700000524520874,1.5700000524520874,1.5950000286102295,1.2860000133514404,1.2999999523162842,11496000
2025-01-17,1.590000033378601,1.590000033378601,1.8799999952316284,1.465000033378601,1.7899999618530273,16346700
2025-01-21,1.6200000047683716,1.6200000047683716,1.7100000381469727,1.3300000429153442,1.6299999952316284,8499600
2025-01-22,1.559999942779541,1.559999942779541,1.6200000047683716,1.5099999904632568,1.6200000047683716,2217300
2025-01-23,1.5700000524520874,1.5700000524520874,1.590000033378601,1.4149999618530273,1.5700000524520874,2942900
2025-01-24,1.5700000524520874,1.5700000524520874,1.659999966621399,1.5199999809265137,1.5800000429153442,2686300
2025-01-27,1.4500000476837158,1.4500000476837158,1.5399999618530273,1.4199999570846558,1.5299999713897705,1886200
2025-01-28,1.5499999523162842,1.5499999523162842,1.6100000143051147,1.4450000524520874,1.5199999809265137,1775500
2025-01-29,1.4800000190734863,1.4800000190734863,1.5779999494552612,1.440000057220459,1.5700000524520874,1505000
2025-01-30,1.649999976158142,1.649999976158142,1.7000000476837158,1.4700000286102295,1.5099999904632568,2384500
2025-01-31,1.6299999952316284,1.6299999952316284,1.7200000286102295,1.6100000143051147,1.659999966621399,1920000
2025-02-03,1.7799999713897705,1.7799999713897705,1.8300000429153442,1.5499999523162842,1.5800000429153442,4313700
2025-02-04,1.7300000190734863,1.7300000190734863,1.940000057220459,1.7100000381469727,1.809999942779541,5689700
2025-02-05,1.7999999523162842,1.7999999523162842,1.8700000047683716,1.6649999618530273,1.75,2457800
2025-02-06,1.8200000524520874,1.8200000524520874,1.8700000047683716,1.7649999856948853,1.809999942779541,2570700
2025-02-07,1.809999942779541,1.809999942779541,1.8899999856948853,1.7699999809265137,1.8300000429153442,1986100
2025-02-10,1.8600000143051147,1.8600000143051147,1.8899999856948853,1.809999942779541,1.840000033378601,2353400
2025-02-11,1.7899999618530273,1.7899999618530273,1.8799999952316284,1.774999976158142,1.8799999952316284,1600100
2025-02-12,1.7599999904632568,1.7599999904632568,1.8799999952316284,1.7100000381469727,1.75,2131400
2025-02-13,1.8600000143051147,1.8600000143051147,1.8700000047683716,1.7799999713897705,1.7999999523162842,1734200
2025-02-14,1.8799999952316284,1.8799999952316284,1.8799999952316284,1.8250000476837158,1.840000033378601,1318600
2025-02-18,2.069999933242798,2.069999933242798,2.0799999237060547,1.8350000381469727,1.8799999952316284,4284700
2025-02-19,2.369999885559082,2.369999885559082,2.549999952316284,2.200000047683716,2.25,10624500
2025-02-20,2.2200000286102295,2.2200000286102295,2.390000104904175,2.140000104904175,2.2899999618530273,3553200
2025-02-21,1.9600000381469727,1.9600000381469727,2.234999895095825,1.9199999570846558,2.190000057220459,3712900
2025-02-24,1.9700000286102295,1.9700000286102295,2.1600000858306885,1.9199999570846558,2.075000047683716,2698500
2025-02-25,1.850000023841858,1.850000023841858,1.9700000286102295,1.7300000190734863,1.9700000286102295,2542900
2025-02-26,1.8600000143051147,1.8600000143051147,1.9199999570846558,1.840000033378601,1.850000023841858,876900
2025-02-27,1.7000000476837158,1.7000000476837158,1.9800000190734863,1.6699999570846558,1.899999976158142,2194500
2025-02-28,1.7100000381469727,1.7100000381469727,1.7899999618530273,1.625,1.6699999570846558,1886200
2025-03-03,1.690000057220459,1.690000057220459,1.7899999618530273,1.649999976158142,1.7400000095367432,1345200
2025-03-04,1.6799999475479126,1.6799999475479126,1.7300000190734863,1.6100000143051147,1.649999976158142,1784200
2025-03-05,1.8799999952316284,1.8799999952316284,1.8899999856948853,1.7000000476837158,1.7200000286102295,2622000
2025-03-06,1.909999966621399,1.909999966621399,2.0199999809265137,1.8109999895095825,1.850000023841858,3182500
2025-03-07,1.8200000524520874,1.8200000524520874,1.9470000267028809,1.7940000295639038,1.9299999475479126,1495200
2025-03-10,1.7400000095367432,1.7400000095367432,1.840000033378601,1.7050000429153442,1.7899999618530273,1703000
2025-03-11,1.75,1.75,1.7799999713897705,1.659999966621399,1.7200000286102295,1286000
2025-03-12,1.7799999713897705,1.7799999713897705,1.8200000524520874,1.7200000286102295,1.7799999713897705,803200
2025-03-13,1.7300000190734863,1.7300000190734863,1.8049999475479126,1.7000000476837158,1.7799999713897705,972300
2025-03-14,1.850000023841858,1.850000023841858,1.850000023841858,1.7400000095367432,1.7400000095367432,774200
2025-03-17,1.809999942779541,1.809999942779541,1.8899999856948853,1.7999999523162842,1.850000023841858,1252200
2025-03-18,1.8899999856948853,1.8899999856948853,1.8899999856948853,1.7799999713897705,1.809999942779541,1072700
2025-03-19,1.8700000047683716,1.8700000047683716,1.9149999618530273,1.8600000143051147,1.899999976158142,1044100
2025-03-20,1.7699999809265137,1.7699999809265137,1.8650000095367432,1.7599999904632568,1.8600000143051147,920300
2025-03-21,1.8200000524520874,1.8200000524520874,1.8200000524520874,1.7699999809265137,1.7799999713897705,1903100
2025-03-24,1.7799999713897705,1.7799999713897705,1.8700000047683716,1.7549999952316284,1.840000033378601,1298700
2025-03-25,1.7899999618530273,1.7899999618530273,1.815999984741211,1.7450000047683716,1.7999999523162842,910500
2025-03-26,1.659999966621399,1.659999966621399,1.7899999618530273,1.649999976158142,1.7899999618530273,1886300
2025-03-27,1.7000000476837158,1.7000000476837158,1.7400000095367432,1.649999976158142,1.690000057220459,1550100
2025-03-28,1.7200000286102295,1.7200000286102295,2.0999999046325684,1.690000057220459,1.9800000190734863,9627500
2025-03-31,1.7200000286102295,1.7200000286102295,2.1700000762939453,1.5700000524520874,1.690000057220459,13344900
2025-04-01,1.659999966621399,1.659999966621399,1.8200000524520874,1.6100000143051147,1.7899999618530273,7306100
2025-04-02,1.940000057220459,1.940000057220459,1.9500000476837158,1.6100000143051147,1.6399999856948853,4811800
2025-04-03,1.9500000476837158,1.9500000476837158,1.9800000190734863,1.7699999809265137,1.7799999713897705,3888700
2025-04-04,1.8300000429153442,1.8300000429153442,1.899999976158142,1.75,1.8899999856948853,3012800
2025-04-07,1.7599999904632568,1.7599999904632568,1.899999976158142,1.649999976158142,1.649999976158142,3025600
2025-04-08,1.6200000047683716,1.6200000047683716,1.840000033378601,1.600000023841858,1.840000033378601,4067500
2025-04-09,1.7899999618530273,1.7899999618530273,1.809999942779541,1.600000023841858,1.6200000047683716,2461600
2025-04-10,1.8600000143051147,1.8600000143051147,1.940000057220459,1.7109999656677246,1.7400000095367432,3443500
2025-04-11,1.9500000476837158,1.9500000476837158,1.9700000286102295,1.840000033378601,1.8700000047683716,2134100
2025-04-14,2.8299999237060547,2.8299999237060547,2.869999885559082,2.1500000953674316,2.4000000953674316,29891700
2025-04-15,2.869999885559082,2.869999885559082,3.569999933242798,2.630000114440918,3.565000057220459,40977200
2025-04-16,2.7899999618530273,2.7899999618530273,3.0899999141693115,2.6700000762939453,2.880000114440918,16223500
2025-04-17,2.9600000381469727,2.9600000381469727,3.1500000953674316,2.7200000286102295,2.7799999713897705,13155800
2025-04-21,2.440000057220459,2.440000057220459,2.9700000286102295,2.2200000286102295,2.940000057220459,12240600
2025-04-22,2.359999895095825,2.359999895095825,2.4600000381469727,2.259999990463257,2.440000057220459,4174200
2025-04-23,2.549999952316284,2.549999952316284,2.5999999046325684,2.319000005722046,2.369999885559082,6194000
2025-04-24,3.690000057220459,3.690000057220459,3.799999952316284,2.575000047683716,2.5799999237060547,65605700
2025-04-25,3.049999952316284,3.049999952316284,3.515000104904175,2.9149999618530273,3.5,21902300
2025-04-28,3.309999942779541,3.309999942779541,3.690000057220459,3.265000104904175,3.2799999713897705,15387800
2025-04-29,3.2799999713897705,3.2799999713897705,3.5999999046325684,3.109999895095825,3.5999999046325684,14185300
2025-04-30,3.140000104904175,3.140000104904175,3.140000104904175,2.9200000762939453,3.125,6421700
2025-05-01,3.0999999046325684,3.0999999046325684,3.140000104904175,2.9149999618530273,3.0799999237060547,6190800
2025-05-02,2.9800000190734863,2.9800000190734863,3.3399999141693115,2.9549999237060547,3.1500000953674316,8583200
2025-05-05,3.119999885559082,3.119999885559082,3.119999885559082,2.940000057220459,3.0350000858306885,5554100
2025-05-06,3.0899999141693115,3.0899999141693115,3.299999952316284,3.0,3.059999942779541,7053000
2025-05-07,2.9100000858306885,2.9100000858306885,3.049999952316284,2.811000108718872,3.0299999713897705,6256100
2025-05-08,3.0399999618530273,3.0399999618530273,3.069999933242798,2.859999895095825,2.9749999046325684,3992100
2025-05-09,3.109999895095825,3.109999895095825,3.130000114440918,2.9800000190734863,3.0299999713897705,4122300
2025-05-12,3.140000104904175,3.140000104904175,3.390000104904175,3.1050000190734863,3.1700000762939453,9292300
2025-05-13,2.9700000286102295,2.9700000286102295,3.2200000286102295,2.930000066757202,3.190000057220459,5861400
2025-05-14,2.990000009536743,2.990000009536743,3.075000047683716,2.8299999237060547,2.9200000762939453,7603900
2025-05-15,3.299999952316284,3.299999952316284,3.4600000381469727,3.0,3.0,11650800
2025-05-16,3.640000104904175,3.640000104904175,3.6700000762939453,3.309999942779541,3.434999942779541,9806600
2025-05-19,4.449999809265137,4.449999809265137,4.559999942779541,3.5399999618530273,3.630000114440918,24111800
2025-05-20,4.46999979019165,4.46999979019165,4.635000228881836,4.322000026702881,4.539999961853027,11757800
2025-05-21,4.389999866485596,4.389999866485596,4.840000152587891,4.204999923706055,4.478000164031982,11646200
2025-05-22,4.300000190734863,4.300000190734863,4.420000076293945,4.260000228881836,4.360000133514404,4915500
2025-05-23,4.619999885559082,4.619999885559082,4.75,4.119999885559082,4.28000020980835,11417900
2025-05-27,4.690000057220459,4.690000057220459,5.159999847412109,4.340000152587891,4.800000190734863,22676500
2025-05-28,4.71999979019165,4.71999979019165,5.090000152587891,4.460000038146973,4.71999979019165,9995700
2025-05-29,4.349999904632568,4.349999904632568,5.019999980926514,4.304999828338623,4.800000190734863,8733200
2025-05-30,4.46999979019165,4.46999979019165,4.5,4.170000076293945,4.349999904632568,8799700
2025-06-02,3.9800000190734863,3.9800000190734863,4.590000152587891,3.930000066757202,4.554999828338623,9151000
2025-06-03,4.210000038146973,4.210000038146973,4.260000228881836,3.940000057220459,4.0,4822300
2025-06-04,4.239999771118164,4.239999771118164,4.340000152587891,4.15500020980835,4.215000152587891,4839700
2025-06-05,4.079999923706055,4.079999923706055,4.25,3.9800000190734863,4.230000019073486,5118900
2025-06-06,4.099999904632568,4.099999904632568,4.230000019073486,4.059999942779541,4.139999866485596,2691400
2025-06-09,4.369999885559082,4.369999885559082,4.420000076293945,4.0,4.139999866485596,5899100
2025-06-10,4.239999771118164,4.239999771118164,4.380000114440918,4.099999904632568,4.380000114440918,4224200
2025-06-11,4.340000152587891,4.340000152587891,4.409999847412109,3.950000047683716,4.199999809265137,6405300
2025-06-12,4.800000190734863,4.800000190734863,4.934999942779541,4.260000228881836,4.300000190734863,12152200
2025-06-13,4.340000152587891,4.340000152587891,4.739999771118164,4.329999923706055,4.550000190734863,6791300
2025-06-16,5.590000152587891,5.590000152587891,5.659999847412109,4.585000038146973,4.630000114440918,23778400
2025-06-17,5.440000057220459,5.440000057220459,5.809999942779541,5.300000190734863,5.5,13569000
2025-06-18,6.75,6.75,7.300000190734863,5.909999847412109,6.065000057220459,47177200
2025-06-20,6.559999942779541,6.559999942779541,7.400000095367432,6.480000019073486,7.25,20893400
2025-06-23,6.559999942779541,6.559999942779541,6.739999771118164,6.25,6.599999904632568,8766000
2025-06-24,6.610000133514404,6.610000133514404,6.880000114440918,6.309999942779541,6.744999885559082,8655800
2025-06-25,7.489999771118164,7.489999771118164,8.114999771118164,7.239999771118164,7.309999942779541,28380700
2025-06-26,7.179999828338623,7.179999828338623,7.908999919891357,7.150000095367432,7.875,15489500
2025-06-27,6.809999942779541,6.809999942779541,7.1479997634887695,6.710000038146973,7.0,9439300
2025-06-30,6.599999904632568,6.599999904632568,6.900000095367432,6.449999809265137,6.889999866485596,8932900
2025-07-01,5.940000057220459,5.940000057220459,6.534999847412109,5.849999904632568,6.5,12028100
2025-07-02,6.380000114440918,6.380000114440918,6.449999809265137,5.829999923706055,5.929999828338623,13646000
2025-07-03,7.110000133514404,7.110000133514404,7.349999904632568,6.534999847412109,6.659999847412109,19253400
2025-07-07,6.650000095367432,6.650000095367432,7.0,6.534999847412109,6.920000076293945,10204700
2025-07-08,6.559999942779541,6.559999942779541,6.760000228881836,6.289999961853027,6.659999847412109,8169900
2025-07-09,6.269999980926514,6.269999980926514,6.699999809265137,6.269999980926514,6.539999961853027,6840800
2025-07-10,6.849999904632568,6.849999904632568,7.25,6.599999904632568,6.75,17737300
2025-07-11,6.570000171661377,6.570000171661377,6.929999828338623,6.5,6.75,8048600
2025-07-14,7.28000020980835,7.28000020980835,7.300000190734863,6.329999923706055,6.519999980926514,13757600
2025-07-15,7.570000171661377,7.570000171661377,7.849999904632568,7.119999885559082,7.454999923706055,17875300
2025-07-16,7.679999828338623,7.679999828338623,7.690000057220459,7.190000057220459,7.599999904632568,10516600
2025-07-17,7.900000095367432,7.900000095367432,8.1899995803833,7.420000076293945,7.614999771118164,12946900
2025-07-18,7.639999866485596,7.639999866485596,7.861000061035156,7.510000228881836,7.795000076293945,10138600
2025-07-21,7.059999942779541,7.059999942779541,8.100000381469727,7.0,7.795000076293945,15145000
2025-07-22,7.230000019073486,7.230000019073486,7.320000171661377,6.730000019073486,7.010000228881836,7962700
2025-07-23,7.630000114440918,7.630000114440918,7.679999828338623,7.210000038146973,7.300000190734863,8021400
2025-07-24,8.100000381469727,8.100000381469727,8.630000114440918,7.590000152587891,7.610000133514404,16059600
2025-07-25,7.789999961853027,7.789999961853027,7.989999771118164,7.670000076293945,7.900000095367432,7447100
2025-07-28,7.449999809265137,7.449999809265137,7.829999923706055,7.400000095367432,7.800000190734863,6559200
2025-07-29,6.610000133514404,6.610000133514404,7.420000076293945,6.579999923706055,7.420000076293945,11524800
2025-07-30,6.110000133514404,6.110000133514404,6.489999771118164,5.960000038146973,6.429999828338623,13143400
2025-07-31,5.940000057220459,5.940000057220459,6.150000095367432,5.659999847412109,6.150000095367432,12807900
2025-08-01,5.869999885559082,5.869999885559082,5.989999771118164,5.46999979019165,5.75,19265500
2025-08-04,5.644999980926514,5.644999980926514,6.690000057220459,5.28000020980835,6.684999942779541,33077800
2025-08-05,5.184999942779541,5.184999942779541,5.730000019073486,5.179999828338623,5.679999828338623,14925100
2025-08-06,5.25,5.25,5.480000019073486,5.110000133514404,5.179999828338623,8368000
2025-08-07,5.519999980926514,5.519999980926514,5.610000133514404,5.2210001945495605,5.230000019073486,7173500
2025-08-08,5.619999885559082,5.619999885559082,5.688000202178955,5.46999979019165,5.550000190734863,5644200
2025-08-11,5.349999904632568,5.349999904632568,5.554999828338623,5.230000019073486,5.519999980926514,7644100
2025-08-12,5.309999942779541,5.309999942779541,5.388000011444092,5.235000133514404,5.329999923706055,4635000
2025-08-13,5.440000057220459,5.440000057220459,5.630000114440918,5.25,5.369999885559082,6153900
2025-08-14,5.409999847412109,5.409999847412109,5.429999828338623,5.199999809265137,5.335000038146973,8758700
2025-08-15,4.920000076293945,4.920000076293945,5.033999919891357,4.593999862670898,5.0,17505000
2025-08-18,4.789999961853027,4.789999961853027,5.050000190734863,4.739999771118164,4.949999809265137,6681000
2025-08-19,4.71999979019165,4.71999979019165,4.769999980926514,4.489999771118164,4.75,10622300
2025-08-20,4.670000076293945,4.670000076293945,4.71999979019165,4.372000217437744,4.639999866485596,6794300
2025-08-21,4.949999809265137,4.949999809265137,5.014999866485596,4.570000171661377,4.599999904632568,9552500
2025-08-22,4.860000133514404,4.860000133514404,5.03000020980835,4.835000038146973,4.934999942779541,8080900
2025-08-25,5.059999942779541,5.059999942779541,5.289999961853027,4.880000114440918,4.900000095367432,12875300
2025-08-26,5.369999885559082,5.369999885559082,5.460000038146973,4.900000095367432,5.0,9834800
2025-08-27,5.309999942779541,5.309999942779541,5.409999847412109,5.130000114440918,5.400000095367432,6931700
2025-08-28,5.260000228881836,5.260000228881836,5.429999828338623,5.239999771118164,5.309999942779541,4879000
2025-08-29,5.360000133514404,5.360000133514404,5.449999809265137,5.010000228881836,5.21999979019165,13342200
2025-09-02,5.440000057220459,5.440000057220459,5.590000152587891,5.159999847412109,5.400000095367432,9719700
2025-09-03,5.670000076293945,5.670000076293945,5.9019999504089355,5.460000038146973,5.510000228881836,11505500
2025-09-04,5.119999885559082,5.119999885559082,5.519999980926514,5.059999942779541,5.510000228881836,9250800
2025-09-05,5.119999885559082,5.119999885559082,5.210000038146973,4.929999828338623,5.139999866485596,5672500
2025-09-08,5.21999979019165,5.21999979019165,5.320000171661377,5.072999954223633,5.119999885559082,4980900
2025-09-09,5.199999809265137,5.199999809265137,5.289999961853027,5.050000190734863,5.170000076293945,3991800
2025-09-10,5.119999885559082,5.119999885559082,5.364999771118164,5.039999961853027,5.21999979019165,4196500
2025-09-11,5.170000076293945,5.170000076293945,5.289999961853027,5.059999942779541,5.110000133514404,4657800
2025-09-12,5.519999980926514,5.519999980926514,5.639999866485596,5.130000114440918,5.179999828338623,7436100
2025-09-15,5.429999828338623,5.429999828338623,5.559999942779541,5.260000228881836,5.519999980926514,5056300
2025-09-16,5.670000076293945,5.670000076293945,5.980000019073486,5.534999847412109,5.775000095367432,7883000
2025-09-17,5.489999771118164,5.489999771118164,5.690000057220459,5.349999904632568,5.579999923706055,5324300
2025-09-18,5.670000076293945,5.670000076293945,5.789999961853027,5.340000152587891,5.519999980926514,5467500
2025-09-19,5.789999961853027,5.789999961853027,5.985000133514404,5.6479997634887695,5.650000095367432,7321000
2025-09-22,5.769999980926514,5.769999980926514,6.139999866485596,5.679999828338623,5.809999942779541,10762100
2025-09-23,6.320000171661377,6.320000171661377,6.440000057220459,5.800000190734863,5.809999942779541,12092400
2025-09-24,6.159999847412109,6.159999847412109,6.579999923706055,6.130000114440918,6.489999771118164,8889000
2025-09-25,6.559999942779541,6.559999942779541,6.849999904632568,5.800000190734863,6.010000228881836,16032900
2025-09-26,6.360000133514404,6.360000133514404,6.670000076293945,6.300000190734863,6.650000095367432,6697000
2025-09-29,6.46999979019165,6.46999979019165,6.599999904632568,6.232999801635742,6.460000038146973,5044300
2025-09-30,6.369999885559082,6.369999885559082,6.579999923706055,6.25,6.389999866485596,4216300
2025-10-01,6.940000057220459,6.940000057220459,6.989999771118164,6.300000190734863,6.349999904632568,9077200
2025-10-02,7.119999885559082,7.119999885559082,7.21999979019165,6.934999942779541,7.070000171661377,7024400
2025-10-03,7.409999847412109,7.409999847412109,7.690000057220459,7.110000133514404,7.25,10655400
2025-10-06,7.71999979019165,7.71999979019165,7.90500020980835,7.321000099182129,7.630000114440918,11383300
2025-10-07,9.279999732971191,9.279999732971191,9.550000190734863,7.960000038146973,8.024999618530273,33987700
2025-10-08,9.119999885559082,9.119999885559082,9.130000114440918,8.510000228881836,9.039999961853027,16003200
2025-10-09,9.380000114440918,9.380000114440918,9.869999885559082,9.0600004196167,9.619999885559082,16173200
2025-10-10,8.885000228881836,8.885000228881836,10.069999694824219,8.805000305175781,9.5,19926000
2025-10-13,10.6899995803833,10.6899995803833,11.350000381469727,9.220000267028809,9.260000228881836,28350000
2025-10-14,10.6899995803833,10.6899995803833,10.869999885559082,9.75,10.744999885559082,21740500
2025-10-15,9.609999656677246,9.609999656677246,10.729999542236328,9.3100004196167,10.670000076293945,16493100
2025-10-16,8.6899995803833,8.6899995803833,9.869999885559082,8.529999732971191,9.84000015258789,14080500
2025-10-17,8.1899995803833,8.1899995803833,8.34000015258789,8.010000228881836,8.119999885559082,8962400
2025-10-20,8.380000114440918,8.380000114440918,8.59000015258789,7.920000076293945,8.420000076293945,6698900
2025-10-21,7.809999942779541,7.809999942779541,8.149999618530273,7.730000019073486,8.0,7096600
2025-10-22,7.260000228881836,7.260000228881836,7.800000190734863,6.974999904632568,7.420000076293945,13034500
2025-10-23,7.150000095367432,7.150000095367432,7.389999866485596,7.125,7.324999809265137,4560200
2025-10-24,7.130000114440918,7.130000114440918,7.539999961853027,7.110000133514404,7.349999904632568,5267200
2025-10-27,6.880000114440918,6.880000114440918,7.046000003814697,6.639999866485596,6.806000232696533,8620700
2025-10-28,6.989999771118164,6.989999771118164,7.019999980926514,6.710000038146973,6.849999904632568,5964900
2025-10-29,6.880000114440918,6.880000114440918,7.21999979019165,6.78000020980835,7.199999809265137,5523100
2025-10-30,7.119999885559082,7.119999885559082,7.295000076293945,6.789999961853027,7.050000190734863,7029300
2025-10-31,7.070000171661377,7.070000171661377,7.210000038146973,6.960000038146973,7.159999847412109,4869500
2025-11-03,6.394999980926514,6.394999980926514,7.050000190734863,6.260000228881836,7.050000190734863,8004900
2025-11-04,5.989999771118164,5.989999771118164,6.264999866485596,5.922999858856201,6.03000020980835,5894500
2025-11-05,6.0,6.0,6.111000061035156,5.885000228881836,6.019999980926514,5285600
2025-11-06,5.53000020980835,5.53000020980835,6.119999885559082,5.5,6.110000133514404,8908600
2025-11-07,5.730000019073486,5.730000019073486,5.755000114440918,5.289999961853027,5.309999942779541,8499600
2025-11-10,5.909999847412109,5.909999847412109,6.135000228881836,5.900000095367432,6.050000190734863,5322400
2025-11-11,5.829999923706055,5.829999923706055,5.886000156402588,5.605000019073486,5.820000171661377,4969300
2025-11-12,5.639999866485596,5.639999866485596,5.880000114440918,5.489999771118164,5.860000133514404,4284800
2025-11-13,5.170000076293945,5.170000076293945,5.670000076293945,5.139999866485596,5.650000095367432,7080000
2025-11-14,5.079999923706055,5.079999923706055,5.119999885559082,4.800000190734863,4.960000038146973,9796600
2025-11-17,4.885000228881836,4.885000228881836,5.067999839782715,4.75,5.065000057220459,5825000
2025-11-18,5.420000076293945,5.420000076293945,5.449999809265137,4.789999961853027,4.849999904632568,11619400
2025-11-19,5.349999904632568,5.349999904632568,5.869999885559082,5.340000152587891,5.760000228881836,14352600
2025-11-20,5.210000038146973,5.210000038146973,5.989999771118164,5.199999809265137,5.489999771118164,9546500
2025-11-21,5.170000076293945,5.170000076293945,5.21999979019165,4.869999885559082,5.179999828338623,5792400
2025-11-24,5.340000152587891,5.340000152587891,5.380000114440918,5.150000095367432,5.230000019073486,4197800
2025-11-25,5.429999828338623,5.429999828338623,5.440000057220459,5.03000020980835,5.320000171661377,4461100
2025-11-26,5.829999923706055,5.829999923706055,5.974999904632568,5.46999979019165,5.53000020980835,16260300
2025-11-28,6.960000038146973,6.960000038146973,7.070000171661377,6.2789998054504395,6.559999942779541,17733500
2025-12-01,6.284999847412109,6.284999847412109,6.659999847412109,6.260000228881836,6.610000133514404,11619600
2025-12-02,7.400000095367432,7.400000095367432,7.639999866485596,6.71999979019165,6.769999980926514,23049800
2025-12-03,7.71999979019165,7.71999979019165,7.75,7.014999866485596,7.230000019073486,11020100
2025-12-04,7.800000190734863,7.800000190734863,8.079999923706055,7.300000190734863,7.429999828338623,10816800
2025-12-05,7.590000152587891,7.590000152587891,7.889999866485596,7.570000171661377,7.739999771118164,6135900
2025-12-08,7.800000190734863,7.800000190734863,8.140000343322754,7.590000152587891,7.610000133514404,9863600
2025-12-09,7.739999771118164,7.739999771118164,7.860000133514404,7.349999904632568,7.599999904632568,5847700
2025-12-10,6.849999904632568,6.849999904632568,7.699999809265137,6.829999923706055,7.699999809265137,7928500
2025-12-11,7.369999885559082,7.369999885559082,7.710000038146973,6.769999980926514,6.827000141143799,8253000
2025-12-12,6.639999866485596,6.639999866485596,7.3460001945495605,6.630000114440918,7.289999961853027,6312700
2025-12-15,6.480000019073486,6.480000019073486,6.980000019073486,6.284999847412109,6.760000228881836,8910200
2025-12-16,6.880000114440918,6.880000114440918,6.909999847412109,6.369999885559082,6.445000171661377,6192100
2025-12-17,6.789999961853027,6.789999961853027,7.230000019073486,6.744999885559082,6.900000095367432,9446900
2025-12-18,6.920000076293945,6.920000076293945,7.139999866485596,6.789999961853027,6.894999980926514,7379400
2025-12-19,7.889999866485596,7.889999866485596,7.989999771118164,6.949999809265137,7.0,10631000
2025-12-22,7.710000038146973,7.710000038146973,8.140000343322754,7.659999847412109,8.015000343322754,7444700
2025-12-23,7.309999942779541,7.309999942779541,7.650000095367432,7.120999813079834,7.550000190734863,9010600
2025-12-24,7.619999885559082,7.619999885559082,7.75,6.900000095367432,7.25,6924100
2025-12-26,6.820000171661377,6.820000171661377,7.679999828338623,6.610000133514404,7.659999847412109,11635300
2025-12-29,6.320000171661377,6.320000171661377,6.841000080108643,6.309999942779541,6.664999961853027,6804100
2025-12-30,6.150000095367432,6.150000095367432,6.420000076293945,6.130000114440918,6.360000133514404,5789000
2025-12-31,6.170000076293945,6.170000076293945,6.315000057220459,6.099999904632568,6.110000133514404,4673100
2026-01-02,6.78000020980835,6.78000020980835,6.929999828338623,6.21999979019165,6.329999923706055,7181500
2026-01-05,7.150000095367432,7.150000095367432,7.380000114440918,6.909999847412109,7.0,8307500
2026-01-06,7.21999979019165,7.21999979019165,7.670000076293945,7.110000133514404,7.324999809265137,7588300
2026-01-07,7.579999923706055,7.579999923706055,7.809999942779541,7.119999885559082,7.159999847412109,7911700
2026-01-08,7.21999979019165,7.21999979019165,7.5,7.179999828338623,7.329999923706055,4700400
2026-01-09,7.0,7.0,7.329999923706055,6.889999866485596,7.300000190734863,6075600
2026-01-12,7.480000019073486,7.480000019073486,7.638999938964844,6.985000133514404,7.235000133514404,8181400
2026-01-13,7.320000171661377,7.320000171661377,7.639999866485596,7.25,7.559999942779541,5808700
2026-01-14,7.820000171661377,7.820000171661377,8.140000343322754,7.179999828338623,7.360000133514404,12883400
2026-01-15,7.380000114440918,7.380000114440918,7.724999904632568,7.340000152587891,7.645999908447266,7546000
2026-01-16,7.239999771118164,7.239999771118164,7.579999923706055,7.079999923706055,7.40500020980835,6451100
2026-01-20,7.210000038146973,7.210000038146973,7.559999942779541,7.0,7.050000190734863,6891400
2026-01-21,8.170000076293945,8.170000076293945,8.25,7.244999885559082,7.389999866485596,21206500
2026-01-22,8.319999694824219,8.319999694824219,10.050000190734863,8.289999961853027,9.074999809265137,35534600
2026-01-23,9.4399995803833,9.4399995803833,9.670000076293945,8.510000228881836,8.8100004196167,23866000
2026-01-26,7.769999980926514,7.769999980926514,9.74899959564209,7.53000020980835,9.744999885559082,27978400
2026-01-27,8.050000190734863,8.050000190734863,8.14900016784668,7.449999809265137,7.864999771118164,10848100
2026-01-28,8.40999984741211,8.40999984741211,8.569999694824219,7.935999870300293,8.125,11463700
2026-01-29,7.510000228881836,7.510000228881836,8.137999534606934,7.309999942779541,8.100000381469727,11101800
2026-01-30,6.619999885559082,6.619999885559082,7.440000057220459,6.599999904632568,7.215000152587891,12049100
2026-02-02,6.625,6.625,7.25,6.559999942779541,6.960000038146973,8328900
2026-02-03,7.119999885559082,7.119999885559082,7.184999942779541,6.650000095367432,6.909999847412109,9049300
2026-02-04,6.53000020980835,6.53000020980835,7.199999809265137,6.230000019073486,7.199999809265137,11021100
2026-02-05,5.650000095367432,5.650000095367432,6.420000076293945,5.630000114440918,6.28000020980835,12268600
2026-02-06,6.409999847412109,6.409999847412109,6.449999809265137,5.929999828338623,6.019999980926514,8774100
2026-02-09,6.639999866485596,6.639999866485596,6.670000076293945,6.130000114440918,6.445000171661377,6286700
2026-02-10,6.400000095367432,6.400000095367432,6.574999809265137,6.329999923706055,6.574999809265137,4773000
2026-02-11,6.489999771118164,6.489999771118164,6.610000133514404,6.139999866485596,6.559999942779541,4976700
2026-02-12,6.179999828338623,6.179999828338623,6.489999771118164,6.085000038146973,6.489999771118164,4966500
2026-02-13,6.090000152587891,6.090000152587891,6.340000152587891,6.0,6.199999809265137,4742900
2026-02-17,5.829999923706055,5.829999923706055,5.960000038146973,5.579999923706055,5.875,5222900
2026-02-18,5.900000095367432,5.900000095367432,6.070000171661377,5.78000020980835,5.849999904632568,4333300
2026-02-19,6.039999961853027,6.039999961853027,6.110000133514404,5.670000076293945,5.789999961853027,3894700
2026-02-20,5.869999885559082,5.869999885559082,6.099999904632568,5.789999961853027,5.940000057220459,4169300
2026-02-23,6.070000171661377,6.070000171661377,6.139999866485596,5.760000228881836,5.824999809265137,4128300
2026-02-24,6.360000133514404,6.360000133514404,6.429999828338623,5.860000133514404,5.974999904632568,4101900
2026-02-25,6.389999866485596,6.389999866485596,6.514999866485596,6.375,6.5,2976000
2026-02-26,6.599999904632568,6.599999904632568,6.670000076293945,6.28000020980835,6.320000171661377,3890900
2026-02-27,6.269999980926514,6.269999980926514,6.480000019073486,6.079999923706055,6.420000076293945,4899100
2026-03-02,6.380000114440918,6.380000114440918,6.460000038146973,5.989999771118164,6.070000171661377,5061700
2026-03-03,6.119999885559082,6.119999885559082,6.230000019073486,5.860000133514404,6.0,4693900
2026-03-04,6.059999942779541,6.059999942779541,6.255000114440918,6.059999942779541,6.150000095367432,3016500
2026-03-05,5.960000038146973,5.960000038146973,6.139999866485596,5.760000228881836,5.989999771118164,3802800
2026-03-06,5.730000019073486,5.730000019073486,5.985000133514404,5.539999961853027,5.809999942779541,5543700
2026-03-09,6.269999980926514,6.269999980926514,6.289999961853027,5.71999979019165,5.730000019073486,6462100
2026-03-10,6.380000114440918,6.380000114440918,6.534999847412109,6.215000152587891,6.260000228881836,4541700
2026-03-11,6.420000076293945,6.420000076293945,6.489999771118164,6.179999828338623,6.28000020980835,3366100
2026-03-12,6.239999771118164,6.239999771118164,6.394999980926514,6.110000133514404,6.349999904632568,2250300
2026-03-13,5.96999979019165,5.96999979019165,6.38700008392334,5.849999904632568,6.25,3912500
2026-03-16,6.090000152587891,6.090000152587891,6.179999828338623,5.860000133514404,6.039999961853027,3453400
2026-03-17,6.070000171661377,6.070000171661377,6.215000152587891,5.994999885559082,6.079999923706055,2702600
2026-03-18,5.769999980926514,5.769999980926514,6.03000020980835,5.739999771118164,5.949999809265137,4478800
2026-03-19,5.510000228881836,5.510000228881836,5.650000095367432,5.289999961853027,5.590000152587891,5621700
2026-03-20,5.03000020980835,5.03000020980835,5.495999813079834,4.889999866485596,5.440000057220459,9843400
2026-03-23,5.059999942779541,5.059999942779541,5.179999828338623,4.920000076293945,5.150000095367432,6181000
2026-03-24,4.679999828338623,4.679999828338623,5.039999961853027,4.599999904632568,4.96999979019165,10875500
2026-03-25,4.590000152587891,4.590000152587891,4.880000114440918,4.400000095367432,4.829999923706055,15017100
2026-03-26,4.610000133514404,4.610000133514404,4.659999847412109,4.400000095367432,4.449999809265137,7759300
2026-03-27,4.269999980926514,4.269999980926514,4.75,4.159999847412109,4.519999980926514,10318200
2026-03-30,4.099999904632568,4.099999904632568,4.300000190734863,3.930000066757202,4.260000228881836,9251400
2026-03-31,4.670000076293945,4.670000076293945,4.679999828338623,4.059999942779541,4.159999847412109,8053000
2026-04-01,4.510000228881836,4.510000228881836,4.889999866485596,4.480000019073486,4.789999961853027,6033900
2026-04-02,4.590000152587891,4.590000152587891,4.610000133514404,4.260000228881836,4.28000020980835,4943400
2026-04-06,4.590000152587891,4.590000152587891,4.650000095367432,4.5,4.590000152587891,3411000
2026-04-07,4.409999847412109,4.409999847412109,4.599999904632568,4.269999980926514,4.550000190734863,4797100
2026-04-08,4.679999828338623,4.679999828338623,4.880000114440918,4.590000152587891,4.860000133514404,4964300
2026-04-09,4.420000076293945,4.420000076293945,4.690000057220459,4.369999885559082,4.650000095367432,4168300
2026-04-10,4.340000152587891,4.340000152587891,4.539999961853027,4.300000190734863,4.449999809265137,3562600
2026-04-13,4.619999885559082,4.619999885559082,4.675000190734863,4.239999771118164,4.28000020980835,4122800
2026-04-14,4.71999979019165,4.71999979019165,4.809999942779541,4.664999961853027,4.715000152587891,3425800
2026-04-15,5.119999885559082,5.119999885559082,5.179999828338623,4.75,4.760000228881836,6471400
2026-04-16,5.159999847412109,5.159999847412109,5.429999828338623,5.119999885559082,5.420000076293945,5229800
2026-04-17,5.320000171661377,5.320000171661377,5.570000171661377,5.251999855041504,5.46999979019165,6978800
2026-04-20,5.659999847412109,5.659999847412109,5.730000019073486,5.228000164031982,5.25,5604200
2026-04-21,5.340000152587891,5.340000152587891,5.744999885559082,5.304999828338623,5.650000095367432,5074200
2026-04-22,5.739999771118164,5.739999771118164,5.829999923706055,5.505000114440918,5.550000190734863,5877800
2026-04-23,5.239999771118164,5.239999771118164,5.730000019073486,5.159999847412109,5.650000095367432,5319900
2026-04-24,5.110000133514404,5.110000133514404,5.340000152587891,5.039999961853027,5.320000171661377,3303400
2026-04-27,5.199999809265137,5.199999809265137,5.284999847412109,5.010000228881836,5.019999980926514,3371200
2026-04-28,5.059999942779541,5.059999942779541,5.255000114440918,4.929999828338623,5.090000152587891,2687600
2026-04-29,4.920000076293945,4.920000076293945,5.098999977111816,4.869999885559082,5.079999923706055,2521200
2026-04-30,5.239999771118164,5.239999771118164,5.300000190734863,4.989999771118164,5.014999866485596,4149900
2026-05-01,5.400000095367432,5.400000095367432,5.650000095367432,5.269999980926514,5.494999885559082,7941700
2026-05-04,5.190000057220459,5.190000057220459,5.420000076293945,5.129000186920166,5.334000110626221,5357000
2026-05-05,5.239999771118164,5.239999771118164,5.329999923706055,5.079999923706055,5.309999942779541,4016500
2026-05-06,6.159999847412109,6.159999847412109,6.21999979019165,5.261000156402588,5.360000133514404,12978400
2026-05-07,5.699999809265137,5.699999809265137,6.175000190734863,5.610000133514404,6.175000190734863,7711700
2026-05-08,5.699999809265137,5.699999809265137,5.864999771118164,5.605000019073486,5.760000228881836,5162600
2026-05-11,5.909999847412109,5.909999847412109,6.159999847412109,5.769999980926514,5.989999771118164,8222500
2026-05-12,5.639999866485596,5.639999866485596,5.820000171661377,5.349999904632568,5.71999979019165,6725100
2026-05-13,5.639999866485596,5.639999866485596,5.710000038146973,5.440000057220459,5.610000133514404,4699200
2026-05-14,5.710000038146973,5.710000038146973,5.840000152587891,5.304999828338623,5.650000095367432,6589900
2026-05-15,5.420000076293945,5.420000076293945,5.699999809265137,5.380000114440918,5.630000114440918,5468300
2026-05-18,5.159999847412109,5.159999847412109,5.459000110626221,5.039999961853027,5.420000076293945,6252500
2026-05-19,5.010000228881836,5.010000228881836,5.099999904632568,4.840000152587891,5.050000190734863,5207200
2026-05-20,5.099999904632568,5.099999904632568,5.139999866485596,4.929999828338623,5.099999904632568,4708200
2026-05-21,5.260000228881836,5.260000228881836,5.335000038146973,5.070000171661377,5.079999923706055,4890800
2026-05-22,5.400000095367432,5.400000095367432,5.605000019073486,5.289999961853027,5.300000190734863,5855600
2026-05-26,5.630000114440918,5.630000114440918,5.724999904632568,5.429999828338623,5.519999980926514,5633500
2026-05-27,5.710000038146973,5.710000038146973,5.7789998054504395,5.421000003814697,5.539999961853027,4949500
2026-05-28,6.159999847412109,6.159999847412109,6.585000038146973,5.625,5.670000076293945,12017100
2026-05-29,6.050000190734863,6.050000190734863,6.239999771118164,5.849999904632568,6.184999942779541,6431900
2026-06-01,6.360000133514404,6.360000133514404,6.599999904632568,5.980000019073486,6.014999866485596,7694300
2026-06-02,6.489999771118164,6.489999771118164,6.639999866485596,6.25,6.360000133514404,5750000
2026-06-03,6.119999885559082,6.119999885559082,6.389999866485596,6.039999961853027,6.34499979019165,7282700
2026-06-04,5.989999771118164,5.989999771118164,6.175000190734863,5.849999904632568,6.059999942779541,5688100
2026-06-05,5.119999885559082,5.119999885559082,5.849999904632568,5.079999923706055,5.809999942779541,8724200
2026-06-08,5.110000133514404,5.110000133514404,5.300000190734863,5.070000171661377,5.289999961853027,4423400
2026-06-09,5.010000228881836,5.010000228881836,5.199999809265137,4.78000020980835,5.170000076293945,7185700
2026-06-10,4.829999923706055,4.829999923706055,5.050000190734863,4.800000190734863,4.929999828338623,6428500
2026-06-11,5.130000114440918,5.130000114440918,5.139999866485596,4.840000152587891,4.860000133514404,5288800
2026-06-12,5.429999828338623,5.429999828338623,5.815000057220459,5.139999866485596,5.159999847412109,10124200
2026-06-15,5.340000152587891,5.340000152587891,5.789999961853027,5.329999923706055,5.735000133514404,5587700
2026-06-16,5.190000057220459,5.190000057220459,5.429999828338623,5.179999828338623,5.34499979019165,4807300
2026-06-17,5.110000133514404,5.110000133514404,5.420000076293945,5.110000133514404,5.190000057220459,4511500
2026-06-18,5.130000114440918,5.130000114440918,5.2179999351501465,5.0,5.159999847412109,3896400
2026-06-22,4.949999809265137,4.949999809265137,5.21999979019165,4.929999828338623,5.050000190734863,5110000
2026-06-23,4.820000171661377,4.820000171661377,5.039999961853027,4.791999816894531,4.829999923706055,4212900
2026-06-24,4.559999942779541,4.559999942779541,4.75,4.454999923706055,4.75,5793300
2026-06-25,4.440000057220459,4.440000057220459,4.679999828338623,4.394999980926514,4.599999904632568,3931300
2026-06-26,4.25,4.25,4.434999942779541,4.178999900817871,4.329999923706055,8849500
2026-06-29,4.230000019073486,4.230000019073486,4.349999904632568,4.110000133514404,4.260000228881836,4535300
2026-06-30,4.429999828338623,4.429999828338623,4.500999927520752,4.260000228881836,4.300000190734863,4298300
2026-07-01,4.360000133514404,4.360000133514404,4.539999961853027,4.340000152587891,4.355000019073486,3610900
2026-07-02,4.230000019073486,4.230000019073486,4.578000068664551,4.170000076293945,4.400000095367432,4202500
2026-07-06,4.239999771118164,4.239999771118164,4.3480000495910645,4.204999923706055,4.239999771118164,3450800
2026-07-07,4.039999961853027,4.039999961853027,4.179999828338623,3.865000009536743,4.179999828338623,8129000
2026-07-08,4.019999980926514,4.019999980926514,4.059999942779541,3.8429999351501465,3.934999942779541,6242300
2026-07-09,4.150000095367432,4.150000095367432,4.21999979019165,4.014999866485596,4.039999961853027,3732300
2026-07-10,4.210000038146973,4.210000038146973,4.295000076293945,4.070000171661377,4.170000076293945,3174500
2026-07-13,3.990000009536743,3.990000009536743,4.199999809265137,3.930000066757202,4.130000114440918,3847400
2026-07-14,4.179999828338623,4.179999828338623,4.25,4.039999961853027,4.079999923706055,3019300
2026-07-15,4.110000133514404,4.110000133514404,4.269999980926514,3.9800000190734863,4.190000057220459,3494800
2026-07-16,3.759999990463257,3.759999990463257,4.0,3.7100000381469727,3.9800000190734863,6566900
2026-07-17,3.740000009536743,3.740000009536743,3.8299999237060547,3.569999933242798,3.6440000534057617,3425800
2026-07-20,3.7200000286102295,3.7200000286102295,3.799999952316284,3.630000114440918,3.7799999713897705,3545900
2026-07-21,4.019999980926514,4.019999980926514,4.059999942779541,3.805000066757202,3.8299999237060547,3734000
2026-07-22,3.930000066757202,3.930000066757202,4.059999942779541,3.890000104904175,4.0,2605100
2026-07-23,3.809999942779541,3.809999942779541,3.9600000381469727,3.7799999713897705,3.8499999046325684,2391400
2026-07-24,3.6700000762939453,3.6700000762939453,3.8299999237060547,3.6500000953674316,3.8299999237060547,4158000
2026-07-27,3.7799999713897705,3.7799999713897705,3.9000000953674316,3.6500000953674316,3.7300000190734863,3424500
2026-07-28,3.5899999141693115,3.5899999141693115,3.694999933242798,3.444999933242798,3.694999933242798,4717500
2026-07-29,3.450000047683716,3.450000047683716,3.630000114440918,3.4000000953674316,3.630000114440918,4918800
2026-07-30,3.619999885559082,3.619999885559082,3.6700000762939453,3.5,3.5399999618530273,3864600
2026-07-31,3.559999942779541,3.559999942779541,3.740000009536743,3.5299999713897705,3.6649999618530273,3243100
2026-08-03,3.6700000762939453,3.6700000762939453,3.690000057220459,3.4749999046325684,3.549999952316284,3314400
2026-08-04,3.950000047683716,3.950000047683716,4.019999980926514,3.7699999809265137,3.8499999046325684,4314500
2026-08-05,4.019999980926514,4.019999980926514,4.139999866485596,3.924999952316284,4.03000020980835,4589400
2026-08-06,4.119999885559082,4.119999885559082,4.210000038146973,3.930000066757202,4.0,4086800
2026-08-07,4.570000171661377,4.570000171661377,4.735000133514404,4.320000171661377,4.449999809265137,11868000
2026-08-10,4.429999828338623,4.429999828338623,4.590000152587891,4.400000095367432,4.559999942779541,4484900
2026-08-11,4.550000190734863,4.550000190734863,4.559999942779541,4.329999923706055,4.380000114440918,3374500
2026-08-12,4.46999979019165,4.46999979019165,4.630000114440918,4.400000095367432,4.590000152587891,4209400
2026-08-13,4.409999847412109,4.409999847412109,4.53000020980835,4.349999904632568,4.418000221252441,4278500
2026-08-14,4.010000228881836,4.010000228881836,4.239999771118164,3.8949999809265137,4.21999979019165,9287200
2026-08-17,3.7699999809265137,3.7699999809265137,4.079999923706055,3.6500000953674316,4.050000190734863,10095700
2026-08-18,3.9200000762939453,3.9200000762939453,4.065000057220459,3.7100000381469727,3.7200000286102295,6553800
2026-08-19,3.9700000286102295,3.9700000286102295,3.9800000190734863,3.759999990463257,3.930000066757202,7232400
2026-08-20,3.9700000286102295,3.9700000286102295,3.9800000190734863,3.759999990463257,3.9200000762939453,4253900
2026-08-21,4.789999961853027,4.789999961853027,5.0,4.099999904632568,4.099999904632568,20846800
2026-08-24,4.735000133514404,4.735000133514404,4.769999980926514,4.409999847412109,4.625,8789100
2026-08-25,4.960000038146973,4.960000038146973,4.989999771118164,4.679999828338623,4.760000228881836,7139600
2026-08-26,5.010000228881836,5.010000228881836,5.045000076293945,4.75,4.920000076293945,9473300
2026-08-27,5.090000152587891,5.090000152587891,5.150000095367432,4.945000171661377,5.03000020980835,8334800
2026-08-28,4.809999942779541,4.809999942779541,5.380000114440918,4.75,5.182000160217285,8524100
2026-08-31,4.769999980926514,4.769999980926514,4.800000190734863,4.610000133514404,4.739999771118164,6985900
2026-09-01,4.454999923706055,4.454999923706055,4.684999942779541,4.420000076293945,4.630000114440918,5966600
2026-09-02,4.590000152587891,4.590000152587891,4.71999979019165,4.489999771118164,4.5,4725400
2026-09-03,4.400000095367432,4.400000095367432,4.71999979019165,4.380000114440918,4.679999828338623,4786000
2026-09-04,4.440000057220459,4.440000057220459,4.539999961853027,4.360000133514404,4.420000076293945,4106100
2026-09-08,4.429999828338623,4.429999828338623,4.59499979019165,4.400000095367432,4.46999979019165,5029700
2026-09-09,4.28000020980835,4.28000020980835,4.454999923706055,4.230000019073486,4.429999828338623,3575400
2026-09-10,4.010000228881836,4.010000228881836,4.185999870300293,4.010000228881836,4.170000076293945,4908600
2026-09-11,3.934999942779541,3.934999942779541,4.09499979019165,3.930000066757202,4.019999980926514,3533600
2026-09-14,3.8299999237060547,3.8299999237060547,3.930000066757202,3.805000066757202,3.8499999046325684,4623200
2026-09-15,3.75,3.75,3.8499999046325684,3.700000047683716,3.809999942779541,6085312
