Date,Adj Close,Close,High,Low,Open,Volume
2021-09-20,373.0381164550781,400.42999267578125,402.6400146484375,395.57000732421875,401.1099853515625,10942700
2021-09-21,372.6748352050781,400.0400085449219,403.8999938964844,399.44000244140625,402.6600036621094,6418100
2021-09-22,376.2708435058594,403.8999938964844,405.8500061035156,401.260009765625,402.1700134277344,6004800
2021-09-23,380.8169250488281,408.7799987792969,410.32000732421875,405.4700012207031,405.7099914550781,4098000
2021-09-24,381.4504089355469,409.4599914550781,410.1300048828125,406.95001220703125,407.1700134277344,3417700
2021-09-27,380.3697509765625,408.29998779296875,409.57000732421875,407.5899963378906,408.4200134277344,3546600
2021-09-28,372.7679748535156,400.1400146484375,405.8699951171875,399.3299865722656,405.54998779296875,8234300
2021-09-29,373.3549499511719,399.4599914550781,401.7900085449219,398.8599853515625,400.1000061035156,4724200
2021-09-30,368.6256103515625,394.3999938964844,401.5199890136719,394.3399963378906,400.8500061035156,9511200
2021-10-01,373.037109375,399.1199951171875,400.8500061035156,392.7699890136719,396.2300109863281,8482200
2021-10-04,368.447998046875,394.2099914550781,398.94000244140625,391.9599914550781,398.1199951171875,8820400
2021-10-05,372.0277099609375,398.0400085449219,400.3500061035156,394.7900085449219,395.55999755859375,5523200
2021-10-06,373.6820068359375,399.80999755859375,400.0199890136719,393.05999755859375,394.6499938964844,6590000
2021-10-07,376.89715576171875,403.25,406.04998779296875,402.8500061035156,403.07000732421875,4409200
2021-10-08,376.1868896484375,402.489990234375,404.3900146484375,401.94000244140625,404.0400085449219,3960900
2021-10-11,373.4483947753906,399.55999755859375,404.739990234375,399.55999755859375,401.9100036621094,3695700
2021-10-12,372.7007141113281,398.760009765625,400.9200134277344,397.8699951171875,400.54998779296875,6201300
2021-10-13,373.8970642089844,400.0400085449219,400.8800048828125,396.75,399.6400146484375,6492400
2021-10-14,380.1778259277344,406.760009765625,406.95001220703125,403.2200012207031,403.70001220703125,3785200
2021-10-15,383.1407165527344,409.92999267578125,410.260009765625,408.2799987792969,408.9200134277344,3501600
2021-10-18,384.3089904785156,411.17999267578125,411.4599914550781,407.5299987792969,408.20001220703125,3402700
2021-10-19,387.29986572265625,414.3800048828125,414.3800048828125,412.1400146484375,412.739990234375,2838300
2021-10-20,388.8046875,415.989990234375,416.2200012207031,414.6499938964844,414.739990234375,3208200
2021-10-21,389.7579650878906,417.010009765625,417.239990234375,414.94000244140625,415.3800048828125,2579500
2021-10-22,389.3654479980469,416.5899963378906,418.0,414.70001220703125,416.5799865722656,3648900
2021-10-25,391.38427734375,418.75,419.1400146484375,415.92999267578125,417.6400146484375,2511500
2021-10-26,391.7581481933594,419.1499938964844,421.5299987792969,418.8599853515625,420.2699890136719,3085300
2021-10-27,390.0570068359375,417.3299865722656,420.2900085449219,417.2799987792969,419.6600036621094,2873500
2021-10-28,393.8704833984375,421.4100036621094,421.44000244140625,418.75,418.7799987792969,3643600
2021-10-29,394.5714416503906,422.1600036621094,422.5199890136719,418.8699951171875,419.1499938964844,4637400
2021-11-01,395.40325927734375,423.04998779296875,423.57000732421875,421.2799987792969,423.19000244140625,3937300
2021-11-02,396.93609619140625,424.69000244140625,424.9599914550781,423.010009765625,423.1499938964844,2989200
2021-11-03,399.3288879394531,427.25,427.6600036621094,423.69000244140625,424.1400146484375,3562900
2021-11-04,401.1981201171875,429.25,429.3699951171875,427.5400085449219,427.8500061035156,4287300
2021-11-05,402.5627136230469,430.7099914550781,432.760009765625,429.29998779296875,431.54998779296875,4942900
2021-11-08,403.0487060546875,431.2300109863281,432.3399963378906,430.5,431.8800048828125,3511600
2021-11-09,401.6373596191406,429.7200012207031,431.75,428.3399963378906,431.55999755859375,4696000
2021-11-10,398.4035339355469,426.260009765625,429.7300109863281,424.80999755859375,428.0899963378906,6350700
2021-11-11,398.5343017578125,426.3999938964844,427.82000732421875,426.3900146484375,427.70001220703125,3634600
2021-11-12,401.49713134765625,429.57000732421875,430.1700134277344,426.7300109863281,427.6600036621094,3655500
2021-11-15,401.68408203125,429.7699890136719,431.010009765625,428.6499938964844,430.95001220703125,3122300
2021-11-16,403.2168884277344,431.4100036621094,432.5899963378906,429.4700012207031,429.5199890136719,3267000
2021-11-17,402.24493408203125,430.3699951171875,431.3900146484375,429.8399963378906,431.239990234375,3764900
2021-11-18,403.6375427246094,431.8599853515625,432.1700134277344,428.79998779296875,431.44000244140625,4732200
2021-11-19,402.88043212890625,431.04998779296875,432.989990234375,430.3800048828125,431.8699951171875,4886200
2021-11-22,401.81494140625,429.9100036621094,435.4100036621094,429.7200012207031,432.92999267578125,4868300
2021-11-23,402.33843994140625,430.4700012207031,431.2900085449219,427.0400085449219,429.57000732421875,6795200
2021-11-24,403.3291320800781,431.5299987792969,431.75,427.7099914550781,428.55999755859375,4569600
2021-11-26,394.5527648925781,422.1400146484375,426.5199890136719,420.8999938964844,425.19000244140625,7702500
2021-11-29,399.3194580078125,427.239990234375,428.9800109863281,424.54998779296875,426.7099914550781,6300800
2021-11-30,391.674072265625,419.05999755859375,426.6300048828125,418.6300048828125,424.79998779296875,8657600
2021-12-01,387.1689147949219,414.239990234375,427.2200012207031,413.9700012207031,424.4700012207031,8337000
2021-12-02,393.0759582519531,420.55999755859375,422.05999755859375,414.0299987792969,414.4200134277344,10417700
2021-12-03,389.5990905761719,416.8399963378906,423.19000244140625,412.7699890136719,422.1199951171875,10228900
2021-12-06,394.2536926269531,421.82000732421875,423.6600036621094,417.0,419.4100036621094,7289500
2021-12-07,402.3570556640625,430.489990234375,431.1000061035156,426.94000244140625,426.9800109863281,4731900
2021-12-08,403.4879455566406,431.70001220703125,432.1400146484375,429.239990234375,430.95001220703125,4476500
2021-12-09,400.7401428222656,428.760009765625,431.32000732421875,428.6099853515625,430.4599914550781,5035400
2021-12-10,404.5628356933594,432.8500061035156,432.9599914550781,428.95001220703125,431.44000244140625,6238300
2021-12-13,400.97381591796875,429.010009765625,432.6600036621094,428.75,432.3599853515625,5923900
2021-12-14,398.2445983886719,426.0899963378906,428.239990234375,423.20001220703125,425.79998779296875,6522900
2021-12-15,404.4694519042969,432.75,432.9800109863281,423.6700134277344,426.1099853515625,6871300
2021-12-16,400.81488037109375,428.8399963378906,434.79998779296875,427.3500061035156,434.55999755859375,7159500
2021-12-17,396.6557312011719,424.3900146484375,428.7900085449219,422.6700134277344,425.8500061035156,8882700
2021-12-20,392.36566162109375,419.79998779296875,420.2200012207031,416.29998779296875,419.3900146484375,9903400
2021-12-21,399.3290100097656,425.69000244140625,425.8500061035156,419.5199890136719,421.6499938964844,6916700
2021-12-22,403.3627014160156,429.989990234375,430.0899963378906,425.32000732421875,425.45001220703125,4992200
2021-12-23,405.8486328125,432.6400146484375,434.1000061035156,430.8699951171875,430.9100036621094,5032700
2021-12-27,411.63653564453125,438.80999755859375,438.82000732421875,433.95001220703125,433.9800109863281,4986300
2021-12-28,411.3269958496094,438.4800109863281,440.19000244140625,437.6600036621094,439.2799987792969,4865800
2021-12-29,411.8241882324219,439.010009765625,439.95001220703125,437.5400085449219,438.5,4596700
2021-12-30,410.6609191894531,437.7699890136719,440.3599853515625,437.32000732421875,439.3900146484375,3751800
2021-12-31,409.5352478027344,436.57000732421875,438.3800048828125,436.3900146484375,437.2300109863281,5185600
2022-01-03,412.04931640625,439.25,439.2699890136719,435.6400146484375,437.92999267578125,6017300
2022-01-04,411.8804626464844,439.07000732421875,441.260009765625,437.2200012207031,440.5799865722656,6262200
2022-01-05,403.9912414550781,430.6600036621094,439.4100036621094,430.5299987792969,438.7799987792969,7539600
2022-01-06,403.4471130371094,430.0799865722656,432.8299865722656,427.8999938964844,430.20001220703125,7971500
2022-01-07,402.04937744140625,428.5899963378906,431.3599853515625,427.20001220703125,430.2099914550781,6157500
2022-01-10,401.52410888671875,428.0299987792969,428.19000244140625,419.7699890136719,425.3800048828125,10481500
2022-01-11,405.0418395996094,431.7799987792969,431.95001220703125,424.7799987792969,427.67999267578125,7282400
2022-01-12,406.25201416015625,433.07000732421875,435.0400085449219,431.1400146484375,433.55999755859375,8270300
2022-01-13,400.6517333984375,427.1000061035156,434.7200012207031,426.0899963378906,434.0899963378906,7521300
2022-01-14,400.7736511230469,427.2300109863281,427.5799865722656,422.80999755859375,423.95001220703125,9960800
2022-01-18,393.7474365234375,419.739990234375,424.9800109863281,417.3299865722656,422.6199951171875,10681500
2022-01-19,389.61053466796875,415.3299865722656,422.5400085449219,415.07000732421875,421.1700134277344,8184100
2022-01-20,385.32354736328125,410.760009765625,421.75,410.2900085449219,417.1700134277344,8907600
2022-01-21,377.7532653808594,402.69000244140625,411.92999267578125,402.6600036621094,409.7099914550781,16225900
2022-01-24,379.3292541503906,404.3699951171875,404.8800048828125,386.8399963378906,397.260009765625,22970700
2022-01-25,374.72332763671875,399.4599914550781,404.260009765625,392.7300109863281,398.1700134277344,16836300
2022-01-26,373.8790588378906,398.55999755859375,408.20001220703125,394.3399963378906,405.6600036621094,14377300
2022-01-27,371.984130859375,396.5400085449219,405.9700012207031,394.82000732421875,402.92999267578125,12455200
2022-01-28,381.10223388671875,406.260009765625,406.3299865722656,393.29998779296875,397.82000732421875,12096800
2022-01-31,388.0721740722656,413.69000244140625,413.9700012207031,404.3500061035156,405.6700134277344,9200400
2022-02-01,390.6048278808594,416.3900146484375,417.0400085449219,410.8999938964844,414.3399963378906,8154900
2022-02-02,394.3289794921875,420.3599853515625,421.17999267578125,416.5400085449219,418.9800109863281,6726500
2022-02-03,385.1640319824219,410.5899963378906,416.42999267578125,409.7900085449219,414.5899963378906,7658300
2022-02-04,386.97454833984375,412.5199890136719,416.239990234375,408.05999755859375,410.3399963378906,8210000
2022-02-07,385.6988525390625,411.1600036621094,414.6199951171875,409.8999938964844,413.2300109863281,5620900
2022-02-08,388.8226013183594,414.489990234375,415.4599914550781,409.3500061035156,410.7200012207031,5565700
2022-02-09,394.52606201171875,420.57000732421875,420.8699951171875,418.3500061035156,418.54998779296875,6284500
2022-02-10,387.5937194824219,413.17999267578125,420.79998779296875,411.1400146484375,414.92999267578125,9260500
2022-02-11,379.8639831542969,404.94000244140625,415.20001220703125,403.57000732421875,413.1499938964844,10458600
2022-02-14,378.6256408691406,403.6199951171875,405.989990234375,400.239990234375,404.42999267578125,10167600
2022-02-15,384.70440673828125,410.1000061035156,410.2900085449219,407.4599914550781,408.17999267578125,6815000
2022-02-16,385.1640319824219,410.5899963378906,411.8900146484375,406.32000732421875,408.20001220703125,7743800
2022-02-17,376.9747009277344,401.8599853515625,407.9800109863281,401.2300109863281,407.489990234375,7541000
2022-02-18,374.5638427734375,399.2900085449219,403.30999755859375,397.0,402.1499938964844,10570800
2022-02-22,370.46441650390625,394.9200134277344,400.3699951171875,391.510009765625,397.04998779296875,10414700
2022-02-23,363.7947692871094,387.80999755859375,398.32000732421875,387.3800048828125,397.739990234375,12154900
2022-02-24,369.3856506347656,393.7699890136719,394.1700134277344,377.5,377.760009765625,21277200
2022-02-25,377.4530944824219,402.3699951171875,402.5199890136719,393.3999938964844,394.95001220703125,11665200
2022-02-28,376.50567626953125,401.3599853515625,402.8500061035156,396.0,397.17999267578125,11855900
2022-03-01,370.8584899902344,395.3399963378906,401.9200134277344,392.7900085449219,400.010009765625,9124400
2022-03-02,377.6688537597656,402.6000061035156,404.1000061035156,396.7799987792969,397.7200012207031,8185200
2022-03-03,375.7738952636719,400.5799865722656,405.5400085449219,398.8800048828125,405.0199890136719,8745300
2022-03-04,372.73455810546875,397.3399963378906,398.42999267578125,393.3699951171875,396.92999267578125,6317700
2022-03-07,361.73095703125,385.6099853515625,397.0,385.55999755859375,396.7300109863281,8411500
2022-03-08,359.0011291503906,382.70001220703125,392.739990234375,381.6400146484375,385.760009765625,9356100
2022-03-09,368.5695495605469,392.8999938964844,394.8500061035156,388.7200012207031,390.8800048828125,5812600
2022-03-10,366.92791748046875,391.1499938964844,392.010009765625,386.5299987792969,388.44000244140625,6394800
2022-03-11,362.2467956542969,386.1600036621094,394.19000244140625,385.67999267578125,393.6199951171875,5872800
2022-03-14,359.60150146484375,383.3399963378906,390.2699890136719,382.25,387.07000732421875,6455000
2022-03-15,367.49072265625,391.75,392.3699951171875,384.6300048828125,385.8599853515625,5739400
2022-03-16,375.7082824707031,400.510009765625,400.54998779296875,390.54998779296875,395.5,7407300
2022-03-17,380.3047790527344,405.4100036621094,405.55999755859375,398.29998779296875,398.6400146484375,5177500
2022-03-18,384.5074157714844,409.8900146484375,410.2799987792969,403.239990234375,403.9800109863281,5875000
2022-03-21,384.5261535644531,409.9100036621094,411.75,406.42999267578125,409.8399963378906,4159500
2022-03-22,388.9914245605469,414.6700134277344,415.5199890136719,411.20001220703125,411.20001220703125,4231700
2022-03-23,383.9821472167969,409.3299865722656,413.6199951171875,409.2900085449219,412.1600036621094,3742600
2022-03-24,389.689697265625,414.0199890136719,414.1000061035156,408.80999755859375,409.8900146484375,2977300
2022-03-25,391.6663513183594,416.1199951171875,416.3599853515625,412.2099914550781,414.7900085449219,3638000
2022-03-28,394.3675537109375,418.989990234375,419.04998779296875,413.69000244140625,415.5,3395300
2022-03-29,399.35614013671875,424.2900085449219,424.7200012207031,420.25,422.9599914550781,5510600
2022-03-30,396.8713684082031,421.6499938964844,424.010009765625,419.5899963378906,423.260009765625,4794300
2022-03-31,390.77215576171875,415.1700134277344,421.6700134277344,415.04998779296875,420.9700012207031,5876600
2022-04-01,391.85455322265625,416.32000732421875,416.82000732421875,412.8699951171875,416.67999267578125,4663100
2022-04-04,395.1771545410156,419.8500061035156,419.9599914550781,415.7200012207031,416.45001220703125,5117200
2022-04-05,390.29217529296875,414.6600036621094,420.82000732421875,413.5,418.55999755859375,4112000
2022-04-06,386.33892822265625,410.4599914550781,412.6600036621094,407.6400146484375,410.760009765625,5540700
2022-04-07,388.28729248046875,412.5299987792969,414.29998779296875,407.739990234375,409.6000061035156,4954100
2022-04-08,387.3460693359375,411.5299987792969,414.2200012207031,409.9800109863281,411.8500061035156,4752800
2022-04-11,380.6350402832031,404.3999938964844,409.05999755859375,403.92999267578125,408.5,3342800
2022-04-12,379.2420959472656,402.9200134277344,409.7099914550781,401.3699951171875,407.3299865722656,6615800
2022-04-13,383.5246276855469,407.4700012207031,408.20001220703125,402.4800109863281,402.57000732421875,4358700
2022-04-14,378.8655700683594,402.5199890136719,408.7799987792969,402.3399963378906,407.7200012207031,3735700
2022-04-18,378.9314880371094,402.5899963378906,404.2200012207031,400.44000244140625,401.54998779296875,4305900
2022-04-19,384.98358154296875,409.0199890136719,409.7699890136719,402.3599853515625,402.5799865722656,3841500
2022-04-20,384.6917419433594,408.7099914550781,411.3900146484375,407.6700134277344,410.82000732421875,5067100
2022-04-21,378.9878845214844,402.6499938964844,413.67999267578125,401.79998779296875,412.3800048828125,4670200
2022-04-22,368.64373779296875,391.6600036621094,401.8900146484375,391.1000061035156,401.6700134277344,6326400
2022-04-25,370.65802001953125,393.79998779296875,394.05999755859375,385.0,389.4200134277344,8141200
2022-04-26,360.05963134765625,382.5400085449219,391.5899963378906,382.44000244140625,391.3999938964844,8493000
2022-04-27,360.99151611328125,383.5299987792969,388.75,381.5,383.5,6415700
2022-04-28,370.0368347167969,393.1400146484375,394.8999938964844,383.8699951171875,388.2300109863281,7030200
2022-04-29,356.4453430175781,378.70001220703125,391.45001220703125,378.0,389.4200134277344,8221900
2022-05-02,358.68548583984375,381.0799865722656,382.2699890136719,372.3299865722656,378.7900085449219,10737000
2022-05-03,360.2385559082031,382.7300109863281,385.05999755859375,380.0,381.6199951171875,5607700
2022-05-04,371.1662902832031,394.3399963378906,394.92999267578125,380.2799987792969,383.3500061035156,7367500
2022-05-05,358.1301574707031,380.489990234375,390.30999755859375,376.3500061035156,390.2200012207031,10477300
2022-05-06,355.880615234375,378.1000061035156,381.2799987792969,372.95001220703125,378.010009765625,7959600
2022-05-09,344.3975524902344,365.8999938964844,373.55999755859375,364.5,372.3599853515625,10793200
2022-05-10,345.28228759765625,366.8399963378906,373.2200012207031,362.9100036621094,371.8999938964844,7870800
2022-05-11,339.7196350097656,360.92999267578125,371.3599853515625,360.2699890136719,365.9700012207031,8026900
2022-05-12,339.4560241699219,360.6499938964844,363.75,354.0199890136719,357.8399963378906,7679200
2022-05-13,347.4659423828125,369.1600036621094,370.5799865722656,363.6400146484375,364.7300109863281,5377400
2022-05-16,346.2235412597656,367.8399963378906,371.3500061035156,365.45001220703125,367.7099914550781,4719800
2022-05-17,353.1510314941406,375.20001220703125,375.55999755859375,370.0799865722656,373.6600036621094,4513300
2022-05-18,339.164306640625,360.3399963378906,371.1600036621094,359.0,370.9800109863281,6883600
2022-05-19,336.8958740234375,357.92999267578125,362.2300109863281,355.8500061035156,357.1700134277344,6359500
2022-05-20,336.9805908203125,358.0199890136719,361.95001220703125,349.760009765625,361.4100036621094,8755900
2022-05-23,343.37158203125,364.80999755859375,365.57000732421875,358.8500061035156,361.0899963378906,5254900
2022-05-24,340.89617919921875,362.17999267578125,363.2099914550781,355.70001220703125,360.8500061035156,5567300
2022-05-25,343.7386779785156,365.20001220703125,367.1600036621094,360.2699890136719,360.5400085449219,5704600
2022-05-26,350.572021484375,372.4599914550781,374.1300048828125,366.2699890136719,366.45001220703125,4248300
2022-05-27,359.3631591796875,381.79998779296875,381.8599853515625,374.79998779296875,374.94000244140625,3911800
2022-05-31,357.36767578125,379.67999267578125,382.8500061035156,376.9200134277344,380.2300109863281,5016500
2022-06-01,354.3746337890625,376.5,382.6400146484375,374.1000061035156,381.6099853515625,4245800
2022-06-02,361.1044921875,383.6499938964844,383.739990234375,374.20001220703125,376.4100036621094,3273700
2022-06-03,355.2593688964844,377.44000244140625,380.6000061035156,376.4800109863281,379.1099853515625,2749500
2022-06-06,356.2288513183594,378.4700012207031,382.9599914550781,377.4100036621094,381.3299865722656,2659500
2022-06-07,359.7113952636719,382.1700134277344,382.6099853515625,374.7099914550781,375.1600036621094,2649900
2022-06-08,355.777099609375,377.989990234375,382.2300109863281,377.260009765625,380.5,3436400
2022-06-09,347.4094543457031,369.1000061035156,378.44000244140625,369.0199890136719,376.239990234375,3022000
2022-06-10,337.2159118652344,358.2699890136719,363.69000244140625,358.2300109863281,362.92999267578125,7629700
2022-06-13,324.2174987792969,344.4599914550781,350.8399963378906,343.05999755859375,349.1099853515625,10399700
2022-06-14,323.4081115722656,343.6000061035156,347.32000732421875,340.57000732421875,346.3699951171875,7584200
2022-06-15,328.0389099121094,348.5199890136719,352.8399963378906,341.9700012207031,346.82000732421875,7887600
2022-06-16,317.26177978515625,337.07000732421875,340.8399963378906,334.57000732421875,340.4800109863281,8821900
2022-06-17,318.0900573730469,337.95001220703125,340.8699951171875,334.239990234375,337.30999755859375,7084000
2022-06-21,325.8834228515625,346.2300109863281,347.5,343.1099853515625,343.19000244140625,5628300
2022-06-22,325.1963195800781,345.5,349.510009765625,341.6300048828125,342.0799865722656,4876100
2022-06-23,328.61309814453125,349.1300048828125,349.6099853515625,344.1400146484375,347.6300048828125,6708800
2022-06-24,338.8442687988281,360.0,360.0199890136719,351.9700012207031,352.0299987792969,5458600
2022-06-27,337.5735778808594,358.6499938964844,361.1499938964844,357.57000732421875,361.0,4608600
2022-06-28,330.27899169921875,350.8999938964844,362.8399963378906,350.8999938964844,360.0799865722656,8797800
2022-06-29,330.4416198730469,349.6400146484375,351.3599853515625,347.80999755859375,350.42999267578125,3775900
2022-06-30,327.8331298828125,346.8800048828125,349.8399963378906,342.45001220703125,345.8800048828125,7159600
2022-07-01,331.19769287109375,350.44000244140625,350.8299865722656,343.5899963378906,346.1600036621094,7481500
2022-07-05,331.7835998535156,351.05999755859375,351.1000061035156,342.7799987792969,345.4800109863281,6180600
2022-07-06,332.9839172363281,352.3299865722656,354.67999267578125,348.92999267578125,351.2300109863281,5450900
2022-07-07,337.8699951171875,357.5,358.29998779296875,354.0,354.010009765625,3737500
2022-07-08,337.67156982421875,357.2900085449219,359.04998779296875,354.4700012207031,355.9100036621094,4791300
2022-07-11,333.8533630371094,353.25,355.57000732421875,352.510009765625,354.8399963378906,3491700
2022-07-12,330.77239990234375,349.989990234375,354.8999938964844,348.3800048828125,352.6000061035156,4080300
2022-07-13,329.23187255859375,348.3599853515625,351.0,344.3699951171875,344.739990234375,5603500
2022-07-14,328.3623962402344,347.44000244140625,347.95001220703125,341.04998779296875,343.4100036621094,4624800
2022-07-15,334.5716247558594,354.010009765625,354.1099853515625,349.79998779296875,351.7300109863281,4520500
2022-07-18,331.802490234375,351.0799865722656,357.6199951171875,349.9200134277344,356.9700012207031,3544900
2022-07-19,340.80926513671875,360.6099853515625,361.0899963378906,354.25,354.95001220703125,3620200
2022-07-20,342.9924621582031,362.9200134277344,364.239990234375,359.45001220703125,360.70001220703125,4270600
2022-07-21,346.46087646484375,366.5899963378906,366.6199951171875,360.010009765625,362.3599853515625,4604000
2022-07-22,343.3043212890625,363.25,367.8399963378906,361.010009765625,366.69000244140625,4533900
2022-07-25,343.64453125,363.6099853515625,364.44000244140625,361.45001220703125,363.8399963378906,3902200
2022-07-26,339.52392578125,359.25,362.2099914550781,358.45001220703125,362.1199951171875,2987200
2022-07-27,348.4172668457031,368.6600036621094,370.3299865722656,362.2200012207031,362.489990234375,4500300
2022-07-28,352.8213806152344,373.32000732421875,373.9100036621094,365.9800109863281,369.4200134277344,4345300
2022-07-29,357.990966796875,378.7900085449219,379.6600036621094,373.92999267578125,374.7300109863281,5246400
2022-08-01,356.9136047363281,377.6499938964844,380.010009765625,375.44000244140625,376.1199951171875,4421400
2022-08-02,354.6075134277344,375.2099914550781,379.6300048828125,373.95001220703125,376.1099853515625,4132600
2022-08-03,360.14581298828125,381.07000732421875,382.1000061035156,376.9100036621094,377.19000244140625,3854800
2022-08-04,359.86236572265625,380.7699890136719,381.5299987792969,379.19000244140625,380.8800048828125,3410600
2022-08-05,359.11566162109375,379.9800109863281,380.70001220703125,376.5400085449219,376.6499938964844,2852100
2022-08-08,358.7943420410156,379.6400146484375,383.9100036621094,378.57000732421875,381.7799987792969,3450800
2022-08-09,357.376708984375,378.1400146484375,379.4100036621094,377.1000061035156,379.0199890136719,2360500
2022-08-10,364.8617858886719,386.05999755859375,386.2300109863281,383.1000061035156,384.989990234375,3651000
2022-08-11,364.8617858886719,386.05999755859375,390.6499938964844,385.3999938964844,388.8699951171875,3575400
2022-08-12,371.10888671875,392.6700134277344,392.7200012207031,387.0899963378906,387.95001220703125,3664400
2022-08-15,372.6966247558594,394.3500061035156,394.760009765625,390.4599914550781,390.489990234375,3203900
2022-08-16,373.3487854003906,395.0400085449219,396.8900146484375,392.44000244140625,393.239990234375,3864800
2022-08-17,370.7970275878906,392.3399963378906,394.8500061035156,390.2900085449219,391.55999755859375,3222300
2022-08-18,371.9405212402344,393.54998779296875,394.0199890136719,391.1700134277344,392.4200134277344,3258100
2022-08-19,366.8087158203125,388.1199951171875,390.95001220703125,387.25,390.70001220703125,2899000
2022-08-22,359.077880859375,379.94000244140625,383.5400085449219,379.0899963378906,383.42999267578125,4153700
2022-08-23,358.2272033691406,379.0400085449219,381.8699951171875,378.5199890136719,379.55999755859375,2869200
2022-08-24,359.31414794921875,380.19000244140625,381.5799865722656,378.17999267578125,378.8999938964844,2241200
2022-08-25,364.5499572753906,385.7300109863281,385.7300109863281,380.70001220703125,381.760009765625,2631300
2022-08-26,352.05584716796875,372.510009765625,386.04998779296875,372.510009765625,385.54998779296875,5153200
2022-08-29,349.73095703125,370.04998779296875,373.04998779296875,368.7799987792969,369.7699890136719,4953200
2022-08-30,345.931640625,366.0299987792969,371.45001220703125,364.0199890136719,371.29998779296875,5044500
2022-08-31,343.20977783203125,363.1499938964844,368.7900085449219,363.1099853515625,367.6099853515625,4062500
2022-09-01,344.26824951171875,364.2699890136719,364.70001220703125,358.510009765625,361.1000061035156,6126800
2022-09-02,340.6579895019531,360.45001220703125,369.1300048828125,358.7799987792969,367.95001220703125,4544200
2022-09-06,339.51446533203125,359.239990234375,362.2799987792969,357.0,361.3599853515625,5680300
2022-09-07,345.600830078125,365.67999267578125,366.3800048828125,358.69000244140625,358.8599853515625,4137000
2022-09-08,347.8596496582031,368.07000732421875,368.4800109863281,362.2699890136719,363.3800048828125,3692000
2022-09-09,353.227783203125,373.75,374.6099853515625,369.9800109863281,370.239990234375,2621600
2022-09-12,357.1120300292969,377.8599853515625,378.510009765625,375.510009765625,375.82000732421875,2961400
2022-09-13,341.5369873046875,361.3800048828125,370.5299987792969,360.2799987792969,369.3399963378906,5549200
2022-09-14,342.8128967285156,362.7300109863281,364.1700134277344,359.5299987792969,362.5799865722656,3555500
2022-09-15,338.9852600097656,358.67999267578125,363.9700012207031,357.3999938964844,361.1600036621094,3807500
2022-09-16,336.3200988769531,355.8599853515625,356.4800109863281,352.69000244140625,354.55999755859375,4452300
2022-09-19,338.9001770019531,358.5899963378906,358.5899963378906,352.75,352.79998779296875,3412600
2022-09-20,335.0820007324219,354.54998779296875,356.3800048828125,351.8299865722656,355.3800048828125,3624000
2022-09-21,329.18463134765625,348.30999755859375,359.29998779296875,348.30999755859375,356.3800048828125,5102400
2022-09-22,326.40606689453125,345.3699951171875,348.5400085449219,344.6700134277344,347.54998779296875,5555600
2022-09-23,320.981201171875,339.6300048828125,342.0799865722656,335.30999755859375,342.0799865722656,10491500
2022-09-26,317.87188720703125,336.3399963378906,341.6600036621094,335.07000732421875,338.2300109863281,5405700
2022-09-27,316.97406005859375,335.3900146484375,341.8399963378906,333.0799865722656,339.7900085449219,5795700
2022-09-28,323.2001953125,340.4800109863281,342.1000061035156,333.17999267578125,334.79998779296875,8683900
2022-09-29,316.4604797363281,333.3800048828125,337.29998779296875,330.5299987792969,337.1499938964844,7230100
2022-09-30,311.6383056640625,328.29998779296875,336.19000244140625,328.1199951171875,332.57000732421875,7736600
2022-10-03,319.8778076171875,336.9800109863281,338.6600036621094,330.1000061035156,331.7900085449219,5739000
2022-10-04,329.5885925292969,347.2099914550781,347.3299865722656,342.1300048828125,342.1400146484375,5110000
2022-10-05,329.01904296875,346.6099853515625,348.6400146484375,340.8599853515625,343.1199951171875,4755800
2022-10-06,325.5542907714844,342.9599914550781,347.9800109863281,342.489990234375,345.17999267578125,3879600
2022-10-07,316.4130859375,333.3299865722656,339.3399963378906,331.6499938964844,339.0799865722656,5168100
2022-10-10,314.0494384765625,330.8399963378906,334.6700134277344,328.6600036621094,334.4700012207031,3933900
2022-10-11,311.9801025390625,328.6600036621094,333.55999755859375,326.8500061035156,329.20001220703125,4968100
2022-10-12,311.0118713378906,327.6400146484375,330.5799865722656,327.44000244140625,329.1499938964844,3235100
2022-10-13,319.1564636230469,336.2200012207031,337.67999267578125,319.8699951171875,320.8399963378906,6396900
2022-10-14,311.9705810546875,328.6499938964844,340.19000244140625,328.0299987792969,338.6199951171875,4879400
2022-10-17,319.8968200683594,337.0,338.1000061035156,334.4599914550781,334.57000732421875,3889500
2022-10-18,323.66534423828125,340.9700012207031,345.0,337.7699890136719,344.67999267578125,4903300
2022-10-19,321.4250793457031,338.6099853515625,341.6700134277344,335.8999938964844,339.0400085449219,4403200
2022-10-20,318.7861633300781,335.8299865722656,342.4200134277344,335.04998779296875,338.1700134277344,3459100
2022-10-21,326.4465637207031,343.8999938964844,344.3900146484375,334.1300048828125,335.5,4362400
2022-10-24,330.4239807128906,348.0899963378906,349.2300109863281,342.8699951171875,345.45001220703125,5639400
2022-10-25,335.7966613769531,353.75,354.0299987792969,348.0299987792969,348.04998779296875,5203400
2022-10-26,333.2906494140625,351.1099853515625,356.1700134277344,350.44000244140625,350.70001220703125,4277700
2022-10-27,331.5061950683594,349.2300109863281,353.7900085449219,348.6000061035156,352.04998779296875,4145300
2022-10-28,339.2425231933594,357.3800048828125,357.9800109863281,348.95001220703125,349.0400085449219,4388100
2022-10-31,336.935791015625,354.95001220703125,356.9200134277344,354.04998779296875,355.1600036621094,6431000
2022-11-01,335.5783386230469,353.5199890136719,358.7699890136719,352.2900085449219,358.5299987792969,8014300
2022-11-02,327.0162048339844,344.5,357.1300048828125,344.4100036621094,352.7799987792969,5022500
2022-11-03,323.53240966796875,340.8299865722656,343.80999755859375,338.8999938964844,341.3399963378906,4534800
2022-11-04,328.2692565917969,345.82000732421875,348.0199890136719,340.0,346.4100036621094,3655400
2022-11-07,331.420654296875,349.1400146484375,349.7099914550781,345.1000061035156,347.05999755859375,3316600
2022-11-08,333.22418212890625,351.0400085449219,353.8699951171875,347.0799865722656,350.2099914550781,3237200
2022-11-09,326.418212890625,343.8699951171875,350.2200012207031,343.3599853515625,349.0799865722656,3570800
2022-11-10,344.28302001953125,362.69000244140625,363.010009765625,354.4100036621094,356.5199890136719,4603600
2022-11-11,347.5768737792969,366.1600036621094,367.0199890136719,361.739990234375,363.69000244140625,4877400
2022-11-14,344.7861328125,363.2200012207031,367.7900085449219,362.8900146484375,364.57000732421875,5274300
2022-11-15,347.63385009765625,366.2200012207031,369.739990234375,362.5899963378906,368.6499938964844,4597800
2022-11-16,344.99493408203125,363.44000244140625,365.5199890136719,362.8500061035156,364.70001220703125,2755100
2022-11-17,343.99822998046875,362.3900146484375,362.989990234375,358.57000732421875,358.79998779296875,3278500
2022-11-18,345.51702880859375,363.989990234375,365.5899963378906,361.2300109863281,365.4599914550781,2574400
2022-11-21,344.302001953125,362.7099914550781,363.739990234375,360.8699951171875,362.7699890136719,2397900
2022-11-22,348.8868408203125,367.5400085449219,367.67999267578125,363.2099914550781,364.510009765625,2316000
2022-11-23,351.0701599121094,369.8399963378906,370.3599853515625,367.0199890136719,367.2099914550781,2590900
2022-11-25,351.03216552734375,369.79998779296875,370.3399963378906,369.05999755859375,369.3900146484375,1423400
2022-11-28,345.47900390625,363.95001220703125,368.3800048828125,363.1499938964844,366.8599853515625,3553600
2022-11-29,344.8715515136719,363.30999755859375,365.17999267578125,361.4800109863281,363.92999267578125,2507800
2022-11-30,355.4841613769531,374.489990234375,374.5899963378906,361.6499938964844,363.45001220703125,4748800
2022-12-01,355.5315856933594,374.5400085449219,377.0,372.04998779296875,375.8699951171875,4608600
2022-12-02,355.01898193359375,374.0,374.8800048828125,369.6600036621094,369.6600036621094,3596000
2022-12-05,348.697021484375,367.3399963378906,372.19000244140625,365.989990234375,371.2799987792969,3707000
2022-12-06,343.6565246582031,362.0299987792969,367.6099853515625,359.92999267578125,367.0899963378906,3911000
2022-12-07,342.9919738769531,361.3299865722656,363.6099853515625,360.30999755859375,361.04998779296875,3338000
2022-12-08,345.6973571777344,364.17999267578125,365.1499938964844,361.6000061035156,363.1300048828125,3604500
2022-12-09,343.17236328125,361.5199890136719,365.44000244140625,361.3399963378906,363.0,4271400
2022-12-12,348.07049560546875,366.67999267578125,366.67999267578125,361.5799865722656,362.2799987792969,2946200
2022-12-13,350.6429748535156,369.3900146484375,377.19000244140625,366.79998779296875,377.1099853515625,6161800
2022-12-14,348.526123046875,367.1600036621094,372.79998779296875,364.25,369.1000061035156,4707100
2022-12-15,339.954345703125,358.1300048828125,363.239990234375,356.4599914550781,362.4700012207031,5126800
2022-12-16,335.9010925292969,353.8599853515625,356.8299865722656,351.7900085449219,355.6499938964844,4533100
2022-12-19,333.00592041015625,350.80999755859375,354.3399963378906,349.25,354.1300048828125,5538500
2022-12-20,333.51336669921875,349.6700134277344,351.1700134277344,347.2099914550781,348.45001220703125,5068200
2022-12-21,338.5016784667969,354.8999938964844,355.95001220703125,351.70001220703125,352.20001220703125,3832400
2022-12-22,333.74224853515625,349.9100036621094,352.25,344.3399963378906,351.9800109863281,6458200
2022-12-23,335.6116943359375,351.8699951171875,351.95001220703125,347.3500061035156,348.92999267578125,4572000
2022-12-27,334.27642822265625,350.4700012207031,352.0400085449219,348.8500061035156,351.760009765625,4303200
2022-12-28,330.1750793457031,346.1700134277344,352.20001220703125,345.8999938964844,350.4200134277344,4464600
2022-12-29,336.0313720703125,352.30999755859375,353.1300048828125,348.4700012207031,348.9100036621094,4086600
2022-12-30,335.1061706542969,351.3399963378906,351.489990234375,347.760009765625,349.7900085449219,5325400
2023-01-03,333.81854248046875,349.989990234375,355.0400085449219,347.19000244140625,353.17999267578125,4957300
2023-01-04,336.22210693359375,352.510009765625,354.55999755859375,349.20001220703125,352.1000061035156,3119100
2023-01-05,332.54998779296875,348.6600036621094,350.79998779296875,348.05999755859375,350.7300109863281,3216500
2023-01-06,340.1136169433594,356.5899963378906,357.6700134277344,348.739990234375,351.5899963378906,3464800
2023-01-09,339.8656005859375,356.3299865722656,361.7300109863281,356.2200012207031,358.7300109863281,3775300
2023-01-10,342.28826904296875,358.8699951171875,358.95001220703125,354.9599914550781,355.8399963378906,3495700
2023-01-11,346.6566467285156,363.45001220703125,363.510009765625,359.6600036621094,360.4100036621094,5710500
2023-01-12,347.9537658691406,364.80999755859375,366.1499938964844,360.6000061035156,364.4800109863281,4743500
2023-01-13,349.3082275390625,366.2300109863281,366.7300109863281,361.4700012207031,361.67999267578125,3015200
2023-01-17,348.7740478515625,365.6700134277344,367.7200012207031,364.8699951171875,366.19000244140625,4942000
2023-01-18,343.1085510253906,359.7300109863281,367.6600036621094,359.5799865722656,366.6700134277344,3931800
2023-01-19,340.63824462890625,357.1400146484375,359.3599853515625,355.8500061035156,357.760009765625,3569900
2023-01-20,346.90460205078125,363.7099914550781,363.9100036621094,356.8800048828125,358.45001220703125,3265100
2023-01-23,351.1299133300781,368.1400146484375,370.0,363.6499938964844,364.510009765625,3243300
2023-01-24,350.7579650878906,367.75,368.6099853515625,365.4200134277344,366.57000732421875,2702400
2023-01-25,350.8819580078125,367.8800048828125,368.1600036621094,361.6600036621094,363.7799987792969,3061700
2023-01-26,354.6302795410156,371.80999755859375,372.05999755859375,367.6099853515625,370.4599914550781,3460900
2023-01-27,355.64141845703125,372.8699951171875,375.0799865722656,370.760009765625,370.8900146484375,5549500
2023-01-30,351.1966552734375,368.2099914550781,372.2900085449219,367.8599853515625,370.1499938964844,3280600
2023-01-31,356.18505859375,373.44000244140625,373.5400085449219,368.3299865722656,368.6099853515625,4181700
2023-02-01,360.0860900878906,377.5299987792969,380.1600036621094,369.760009765625,372.44000244140625,4941700
2023-02-02,365.2460632324219,382.94000244140625,384.4100036621094,379.3999938964844,381.25,5207900
2023-02-03,361.3450012207031,378.8500061035156,383.20001220703125,377.7900085449219,378.2300109863281,6472500
2023-02-06,359.25628662109375,376.6600036621094,377.92999267578125,375.0199890136719,376.5799865722656,2880100
2023-02-07,363.8917541503906,381.5199890136719,382.75,374.6199951171875,375.7900085449219,4504600
2023-02-08,359.90484619140625,377.3399963378906,380.92999267578125,376.7300109863281,379.69000244140625,2921500
2023-02-09,356.8240966796875,374.1099853515625,381.0,372.95001220703125,380.9700012207031,3327700
2023-02-10,357.6920166015625,375.0199890136719,375.3900146484375,372.20001220703125,373.0,3256700
2023-02-13,361.8219299316406,379.3500061035156,379.44000244140625,375.20001220703125,375.6499938964844,2980600
2023-02-14,361.6884460449219,379.2099914550781,381.4200134277344,375.45001220703125,377.9599914550781,4718000
2023-02-15,362.8997802734375,380.4800109863281,380.5299987792969,376.3299865722656,377.1499938964844,2820200
2023-02-16,357.8541564941406,375.19000244140625,379.42999267578125,375.0899963378906,375.6600036621094,3077500
2023-02-17,356.9289855957031,374.2200012207031,374.45001220703125,371.32000732421875,373.17999267578125,3285300
2023-02-21,349.8423156738281,366.7900085449219,371.3399963378906,366.4800109863281,370.3999938964844,3109200
2023-02-22,349.4035339355469,366.3299865722656,368.6000061035156,364.8399963378906,367.17999267578125,3872000
2023-02-23,351.1585388183594,368.1700134277344,369.57000732421875,364.1300048828125,369.07000732421875,2867200
2023-02-24,347.4005432128906,364.2300109863281,365.0299987792969,361.7300109863281,363.30999755859375,4055000
2023-02-27,348.6023864746094,365.489990234375,368.7699890136719,364.5899963378906,367.489990234375,3300100
2023-02-28,347.2861328125,364.1099853515625,366.8599853515625,364.04998779296875,365.010009765625,3022200
2023-03-01,346.0175476074219,362.7799987792969,364.510009765625,361.45001220703125,363.3399963378906,3764700
2023-03-02,348.6023864746094,365.489990234375,366.3599853515625,360.5299987792969,360.80999755859375,2727200
2023-03-03,354.1248474121094,371.2799987792969,371.6700134277344,366.70001220703125,367.2900085449219,4913600
2023-03-06,354.55401611328125,371.7300109863281,374.44000244140625,371.29998779296875,372.260009765625,2638300
2023-03-07,349.0697326660156,365.9800109863281,371.8900146484375,365.3900146484375,371.6300048828125,3546100
2023-03-08,349.6133728027344,366.54998779296875,367.29998779296875,364.44000244140625,366.1099853515625,2906300
2023-03-09,343.2134094238281,359.8399963378906,368.8800048828125,358.8500061035156,367.3500061035156,4409600
2023-03-10,338.29180908203125,354.67999267578125,361.239990234375,353.1400146484375,359.3299865722656,8360400
2023-03-13,337.7195129394531,354.0799865722656,358.6700134277344,349.760009765625,350.760009765625,6478700
2023-03-14,343.3279113769531,359.9599914550781,361.510009765625,355.6300048828125,358.8800048828125,4798800
2023-03-15,341.21044921875,357.739990234375,357.8800048828125,352.57000732421875,354.4599914550781,6610400
2023-03-16,347.04766845703125,363.8599853515625,364.260009765625,354.989990234375,355.5400085449219,5016700
2023-03-17,343.2515869140625,359.8800048828125,363.7900085449219,358.4200134277344,362.760009765625,5189900
2023-03-20,346.3514099121094,363.1300048828125,363.5799865722656,359.82000732421875,360.4700012207031,3099800
2023-03-21,350.8819580078125,367.8800048828125,368.4100036621094,364.8800048828125,366.4200134277344,4117600
2023-03-22,345.0638122558594,361.7799987792969,371.2200012207031,361.6600036621094,367.7799987792969,4094800
2023-03-23,345.88409423828125,362.6400146484375,368.2900085449219,360.1199951171875,364.4800109863281,4787200
2023-03-24,348.1892395019531,363.55999755859375,363.6300048828125,357.7200012207031,359.9800109863281,3740400
2023-03-27,348.7639465332031,364.1600036621094,366.42999267578125,363.3999938964844,365.7300109863281,4144800
2023-03-28,348.1510314941406,363.5199890136719,364.20001220703125,361.67999267578125,363.5400085449219,2413700
2023-03-29,353.1024475097656,368.69000244140625,368.94000244140625,366.2900085449219,367.3999938964844,3636100
2023-03-30,355.2094421386719,370.8900146484375,371.4800109863281,369.1000061035156,371.2300109863281,3316700
2023-03-31,360.17041015625,376.07000732421875,376.3399963378906,371.6499938964844,371.7799987792969,4159800
2023-04-03,361.5973815917969,377.55999755859375,377.9100036621094,375.2200012207031,375.6000061035156,3525300
2023-04-04,359.55743408203125,375.42999267578125,378.3999938964844,374.1300048828125,378.19000244140625,2713300
2023-04-05,358.6858825683594,374.5199890136719,375.4200134277344,372.8900146484375,374.7099914550781,3227700
2023-04-06,360.0554504394531,375.95001220703125,376.19000244140625,372.7200012207031,373.6700134277344,3076200
2023-04-10,360.4480895996094,376.3599853515625,376.3900146484375,372.9599914550781,373.54998779296875,2671100
2023-04-11,360.4960021972656,376.4100036621094,377.760009765625,375.69000244140625,376.8999938964844,3069000
2023-04-12,359.0594177246094,374.9100036621094,378.6199951171875,374.32000732421875,378.3999938964844,3624200
2023-04-13,363.7140197753906,379.7699890136719,380.1700134277344,375.44000244140625,375.9100036621094,2680900
2023-04-14,362.9669494628906,378.989990234375,381.3299865722656,376.7200012207031,379.2699890136719,2981700
2023-04-17,364.2024230957031,380.2799987792969,380.32000732421875,377.67999267578125,378.8399963378906,2721000
2023-04-18,364.45135498046875,380.5400085449219,381.9200134277344,379.239990234375,381.8399963378906,3019300
2023-04-19,364.4322204589844,380.5199890136719,381.3299865722656,378.6700134277344,378.7300109863281,2671300
2023-04-20,362.3731384277344,378.3699951171875,380.07000732421875,376.94000244140625,377.7799987792969,2953200
2023-04-21,362.5838928222656,378.5899963378906,379.1000061035156,376.82000732421875,378.67999267578125,2762300
2023-04-24,363.0626525878906,379.0899963378906,379.4700012207031,377.2300109863281,378.4800109863281,2310400
2023-04-25,357.3259582519531,373.1000061035156,377.70001220703125,373.0199890136719,377.17999267578125,3795400
2023-04-26,355.73614501953125,371.44000244140625,374.67999267578125,370.9800109863281,373.6600036621094,3766900
2023-04-27,362.7945556640625,378.80999755859375,379.1300048828125,373.6700134277344,373.8900146484375,4302400
2023-04-28,365.8975524902344,382.04998779296875,382.1199951171875,378.0,378.0400085449219,3386900
2023-05-01,365.6485900878906,381.7900085449219,383.6400146484375,381.5199890136719,381.7300109863281,3069300
2023-05-02,361.549560546875,377.510009765625,381.1099853515625,374.6700134277344,381.05999755859375,4311600
2023-05-03,359.0306701660156,374.8800048828125,380.20001220703125,374.6000061035156,377.9100036621094,5513000
2023-05-04,356.4065856933594,372.1400146484375,374.1099853515625,370.9200134277344,373.8399963378906,4421500
2023-05-05,362.94781494140625,378.9700012207031,380.0899963378906,375.42999267578125,375.739990234375,3139400
2023-05-08,363.14892578125,379.17999267578125,379.6199951171875,377.8800048828125,379.4100036621094,2957600
2023-05-09,361.5782165527344,377.5400085449219,378.5799865722656,377.3299865722656,377.7099914550781,2271000
2023-05-10,363.1585388183594,379.19000244140625,380.8299865722656,375.6400146484375,380.2799987792969,3512900
2023-05-11,362.65087890625,378.6600036621094,378.8800048828125,376.6700134277344,378.4700012207031,2676600
2023-05-12,362.1624755859375,378.1499938964844,380.010009765625,375.8399963378906,379.8500061035156,2531000
2023-05-15,363.41705322265625,379.4599914550781,379.8399963378906,376.9100036621094,378.739990234375,3882600
2023-05-16,361.01318359375,376.95001220703125,379.2799987792969,376.9100036621094,378.3900146484375,2275300
2023-05-17,365.3229064941406,381.45001220703125,382.0899963378906,377.2799987792969,378.8500061035156,3222600
2023-05-18,368.89520263671875,385.17999267578125,385.57000732421875,381.0,381.260009765625,3340600
2023-05-19,368.3110046386719,384.57000732421875,386.5400085449219,383.44000244140625,386.0199890136719,3649000
2023-05-22,368.5121765136719,384.7799987792969,386.2300109863281,383.4700012207031,384.6600036621094,2784000
2023-05-23,364.3939208984375,380.4800109863281,384.1099853515625,380.0799865722656,383.19000244140625,2887300
2023-05-24,361.66448974609375,377.6300048828125,379.25,376.57000732421875,378.9100036621094,3611600
2023-05-25,364.8153076171875,380.9200134277344,382.2799987792969,378.9200134277344,380.989990234375,3315900
2023-05-26,369.5560607910156,385.8699951171875,386.57000732421875,381.5400085449219,381.6400146484375,3042800
2023-05-30,369.6710205078125,385.989990234375,388.260009765625,384.760009765625,387.760009765625,3968500
2023-05-31,367.65972900390625,383.8900146484375,385.1600036621094,382.4200134277344,384.30999755859375,4205300
2023-06-01,371.1842041015625,387.57000732421875,388.57000732421875,382.9700012207031,384.20001220703125,3563600
2023-06-02,376.6336364746094,393.260009765625,393.9599914550781,389.5400085449219,390.0799865722656,7368900
2023-06-05,375.9057312011719,392.5,394.7699890136719,391.7900085449219,393.5400085449219,3481200
2023-06-06,376.6814880371094,393.30999755859375,393.7900085449219,391.4100036621094,392.04998779296875,2894700
2023-06-07,375.446044921875,392.0199890136719,394.760009765625,391.5400085449219,393.6700134277344,3942900
2023-06-08,377.6966857910156,394.3699951171875,394.7300109863281,391.2900085449219,391.9599914550781,3455400
2023-06-09,378.328857421875,395.0299987792969,396.92999267578125,394.0799865722656,395.04998779296875,3060100
2023-06-12,381.8052978515625,398.6600036621094,398.69000244140625,395.29998779296875,395.9800109863281,3792700
2023-06-13,384.32415771484375,401.2900085449219,401.8500061035156,399.3999938964844,400.0199890136719,3913100
2023-06-14,384.62103271484375,401.6000061035156,403.44000244140625,398.4599914550781,401.6099853515625,5161300
2023-06-15,389.5533142089844,406.75,407.92999267578125,400.8900146484375,401.0,5285000
2023-06-16,388.11669921875,405.25,408.760009765625,404.8900146484375,408.69000244140625,5141900
2023-06-20,386.32574462890625,403.3800048828125,404.32000732421875,401.260009765625,403.489990234375,4242900
2023-06-21,384.209228515625,401.1700134277344,403.05999755859375,400.6700134277344,402.30999755859375,3423500
2023-06-22,385.6074523925781,402.6300048828125,402.7200012207031,399.95001220703125,400.2799987792969,3141000
2023-06-23,382.7151184082031,399.6099853515625,401.2799987792969,398.92999267578125,399.3299865722656,4215300
2023-06-26,381.1349182128906,397.9599914550781,400.8599853515625,397.7300109863281,399.0400085449219,3250700
2023-06-27,385.3584899902344,402.3699951171875,402.92999267578125,398.3900146484375,398.79998779296875,4302400
2023-06-28,385.5308532714844,402.54998779296875,403.489990234375,400.7099914550781,401.3500061035156,4320700
2023-06-29,387.0077209472656,402.510009765625,402.6700134277344,400.19000244140625,400.6000061035156,3914800
2023-06-30,391.593994140625,407.2799987792969,408.2200012207031,405.2900085449219,405.3999938964844,5173700
2023-07-03,392.34393310546875,408.05999755859375,408.05999755859375,406.67999267578125,406.9200134277344,2372000
2023-07-05,391.4689636230469,407.1499938964844,407.8399963378906,406.010009765625,406.010009765625,4230100
2023-07-06,388.27685546875,403.8299865722656,404.3500061035156,401.55999755859375,403.7799987792969,6040300
2023-07-07,387.373046875,402.8900146484375,406.67999267578125,402.7099914550781,403.0299987792969,3673200
2023-07-10,388.4114990234375,403.9700012207031,404.1099853515625,402.05999755859375,402.6300048828125,3362300
2023-07-11,390.9017333984375,406.55999755859375,407.0,403.7699890136719,404.7699890136719,3177800
2023-07-12,393.9784851074219,409.760009765625,411.1300048828125,408.7900085449219,410.19000244140625,4246400
2023-07-13,397.18988037109375,413.1000061035156,413.80999755859375,411.1300048828125,411.5400085449219,3273400
2023-07-14,396.8725280761719,412.7699890136719,414.7099914550781,412.0799865722656,413.94000244140625,3680900
2023-07-17,398.2570495605469,414.2099914550781,415.25,412.6300048828125,412.6499938964844,2963700
2023-07-18,401.2761535644531,417.3500061035156,417.92999267578125,413.5400085449219,413.9100036621094,3594000
2023-07-19,402.1415100097656,418.25,419.3699951171875,417.489990234375,418.07000732421875,3494900
2023-07-20,399.5166320800781,415.5199890136719,418.1600036621094,414.82000732421875,417.29998779296875,4085000
2023-07-21,399.5647277832031,415.57000732421875,417.29998779296875,415.4800109863281,417.1099853515625,3176700
2023-07-24,401.2568664550781,417.3299865722656,418.1000061035156,416.0199890136719,416.5799865722656,3471100
2023-07-25,402.4395751953125,418.55999755859375,419.6499938964844,417.07000732421875,417.0799865722656,3949300
2023-07-26,402.5356750488281,418.6600036621094,419.8900146484375,416.5799865722656,417.6199951171875,6138800
2023-07-27,399.80511474609375,415.82000732421875,422.1499938964844,414.9200134277344,421.7900085449219,4149400
2023-07-28,403.6991271972656,419.8699951171875,420.6199951171875,418.1600036621094,418.92999267578125,2701200
2023-07-31,404.4778747558594,420.67999267578125,420.9700012207031,419.04998779296875,420.32000732421875,3452100
2023-08-01,403.2279968261719,419.3800048828125,420.0799865722656,418.54998779296875,419.260009765625,3118000
2023-08-02,397.6417541503906,413.57000732421875,416.70001220703125,412.8800048828125,416.4599914550781,4973700
2023-08-03,396.516845703125,412.3999938964844,414.19000244140625,411.0899963378906,411.67999267578125,3022300
2023-08-04,394.5745849609375,410.3800048828125,416.1300048828125,410.0299987792969,414.1499938964844,5717300
2023-08-07,398.1320495605469,414.0799865722656,414.239990234375,411.6400146484375,412.2900085449219,2598000
2023-08-08,396.4110412597656,412.2900085449219,412.739990234375,409.1300048828125,411.760009765625,3780100
2023-08-09,393.7765808105469,409.54998779296875,412.7300109863281,408.8500061035156,412.6600036621094,3145900
2023-08-10,394.0073547363281,409.7900085449219,415.04998779296875,408.6199951171875,411.79998779296875,4588300
2023-08-11,393.6419677734375,409.4100036621094,410.4100036621094,407.3399963378906,407.95001220703125,2918900
2023-08-14,395.8630065917969,411.7200012207031,411.739990234375,408.30999755859375,408.55999755859375,2772900
2023-08-15,391.32476806640625,407.0,411.7099914550781,406.4100036621094,410.0899963378906,4686100
2023-08-16,388.43072509765625,403.989990234375,408.1099853515625,403.8699951171875,406.5899963378906,3353700
2023-08-17,385.2867126464844,400.7200012207031,405.5799865722656,400.3699951171875,405.3299865722656,7102500
2023-08-18,385.6424255371094,401.0899963378906,402.0199890136719,397.8500061035156,398.1700134277344,4157700
2023-08-21,388.1903381347656,403.739990234375,404.3900146484375,399.989990234375,402.1400146484375,3292400
2023-08-22,387.1038513183594,402.6099853515625,405.3999938964844,402.05999755859375,405.3500061035156,2646100
2023-08-23,391.2767333984375,406.95001220703125,407.6700134277344,403.4700012207031,403.55999755859375,3250000
2023-08-24,386.0750732421875,401.5400085449219,409.0799865722656,401.3999938964844,408.6000061035156,3458800
2023-08-25,388.63262939453125,404.20001220703125,405.79998779296875,399.7099914550781,403.0799865722656,4417800
2023-08-28,391.1901550292969,406.8599853515625,407.44000244140625,405.1000061035156,406.3599853515625,3236700
2023-08-29,396.7475280761719,412.6400146484375,412.9800109863281,406.57000732421875,406.7799987792969,3482700
2023-08-30,398.40130615234375,414.3599853515625,415.0299987792969,412.3999938964844,413.0299987792969,3004500
2023-08-31,397.8916931152344,413.8299865722656,416.1199951171875,413.6600036621094,414.9800109863281,4751100
2023-09-01,398.73785400390625,414.7099914550781,416.8800048828125,413.2099914550781,416.4599914550781,3588000
2023-09-05,396.99755859375,412.8999938964844,414.4700012207031,412.7699890136719,414.20001220703125,4426700
2023-09-06,394.25732421875,410.04998779296875,412.1300048828125,407.8299865722656,412.1000061035156,3744100
2023-09-07,393.0843200683594,408.8299865722656,409.42999267578125,406.8599853515625,407.1700134277344,2245800
2023-09-08,393.62274169921875,409.3900146484375,410.8399963378906,408.489990234375,408.82000732421875,4124400
2023-09-11,396.2090759277344,412.0799865722656,412.3800048828125,410.2900085449219,411.8800048828125,3346600
2023-09-12,394.08428955078125,409.8699951171875,412.1499938964844,409.2900085449219,410.70001220703125,7595300
2023-09-13,394.5456848144531,410.3500061035156,411.3999938964844,408.989990234375,410.0299987792969,2529700
2023-09-14,397.95904541015625,413.8999938964844,414.510009765625,411.4200134277344,412.6700134277344,3660900
2023-09-15,392.9977722167969,408.739990234375,412.6700134277344,408.4800109863281,412.3399963378906,4004000
2023-09-18,393.4304504394531,409.19000244140625,410.3399963378906,408.1600036621094,408.5799865722656,3014600
2023-09-19,392.64202880859375,408.3699951171875,408.80999755859375,405.7099914550781,408.2200012207031,3623300
2023-09-20,388.9691467285156,404.54998779296875,409.8399963378906,404.3299865722656,409.4599914550781,4009400
2023-09-21,382.5945129394531,397.9200134277344,402.04998779296875,397.69000244140625,401.79998779296875,4633100
2023-09-22,381.6714782714844,396.9599914550781,400.3299865722656,396.55999755859375,398.79998779296875,7204200
2023-09-25,383.2579345703125,398.6099853515625,398.6400146484375,395.3699951171875,395.760009765625,3227900
2023-09-26,377.6332702636719,392.760009765625,396.3599853515625,391.9599914550781,395.7200012207031,5734700
2023-09-27,377.7197570800781,392.8500061035156,394.3900146484375,389.45001220703125,393.8399963378906,4837700
2023-09-28,379.9232177734375,393.6400146484375,395.2699890136719,390.3299865722656,390.8699951171875,4065800
2023-09-29,379.0160217285156,392.70001220703125,396.739990234375,391.29998779296875,396.6199951171875,5766600
2023-10-02,378.98699951171875,392.6700134277344,393.760009765625,389.9700012207031,391.8999938964844,5886200
2023-10-03,373.8910217285156,387.3900146484375,391.92999267578125,386.0299987792969,390.5799865722656,6886700
2023-10-04,376.6417236328125,390.239990234375,390.8500061035156,386.3999938964844,387.7300109863281,4333700
2023-10-05,376.3232421875,389.9100036621094,390.7900085449219,386.95001220703125,389.8900146484375,3329100
2023-10-06,380.8111572265625,394.55999755859375,396.0899963378906,386.4100036621094,387.69000244140625,4897200
2023-10-09,383.3494873046875,397.19000244140625,397.69000244140625,392.30999755859375,392.7699890136719,2959500
2023-10-10,385.3280944824219,399.239990234375,401.67999267578125,397.3900146484375,397.7699890136719,3289600
2023-10-11,386.9591979980469,400.92999267578125,401.0899963378906,397.989990234375,400.2699890136719,4181800
2023-10-12,384.6331787109375,398.5199890136719,401.79998779296875,396.20001220703125,401.4800109863281,3872900
2023-10-13,382.6063537597656,396.4200134277344,400.9599914550781,394.9599914550781,399.80999755859375,3769800
2023-10-16,386.6116943359375,400.57000732421875,401.6000061035156,398.3399963378906,398.57000732421875,5150900
2023-10-17,386.6213684082031,400.5799865722656,402.5,397.30999755859375,397.6300048828125,4214600
2023-10-18,381.44818115234375,395.2200012207031,399.80999755859375,394.2200012207031,398.8900146484375,7329300
2023-10-19,378.21490478515625,391.8699951171875,397.6000061035156,391.1400146484375,395.9700012207031,6708900
2023-10-20,373.5049133300781,386.989990234375,391.82000732421875,386.8399963378906,391.3800048828125,7549600
2023-10-23,372.8486633300781,386.30999755859375,389.94000244140625,383.8500061035156,385.4800109863281,5537100
2023-10-24,375.637939453125,389.20001220703125,390.260009765625,386.54998779296875,388.2799987792969,4451500
2023-10-25,370.3392333984375,383.7099914550781,387.67999267578125,383.1199951171875,387.6000061035156,5471200
2023-10-26,365.7934265136719,379.0,383.3999938964844,378.1499938964844,382.6300048828125,6959400
2023-10-27,364.1719055175781,377.32000732421875,380.8900146484375,375.95001220703125,380.5299987792969,5638800
2023-10-30,368.5536804199219,381.8599853515625,382.79998779296875,378.7099914550781,379.9100036621094,5795800
2023-10-31,370.7832336425781,384.1700134277344,384.4800109863281,380.55999755859375,382.3500061035156,4523200
2023-11-01,374.8658142089844,388.3999938964844,389.0799865722656,384.6199951171875,385.0899963378906,5549200
2023-11-02,381.9886169433594,395.7799987792969,395.9100036621094,391.9200134277344,391.92999267578125,4752200
2023-11-03,385.5210876464844,399.44000244140625,400.8500061035156,397.8399963378906,397.9200134277344,5981400
2023-11-06,386.2642517089844,400.2099914550781,400.7300109863281,398.4599914550781,400.1199951171875,4007100
2023-11-07,387.3548583984375,401.3399963378906,402.0400085449219,399.2300109863281,400.260009765625,3358600
2023-11-08,387.6734313964844,401.6700134277344,402.5,399.55999755859375,401.989990234375,3731900
2023-11-09,384.7489929199219,398.6400146484375,402.8800048828125,398.2099914550781,402.80999755859375,4145600
2023-11-10,390.7522277832031,404.8599853515625,405.1099853515625,399.1400146484375,400.5899963378906,3992800
2023-11-13,390.3565368652344,404.45001220703125,405.489990234375,402.82000732421875,403.5899963378906,2872900
2023-11-14,397.85577392578125,412.2200012207031,413.510009765625,409.8900146484375,410.0400085449219,6973100
2023-11-15,398.7243957519531,413.1199951171875,414.7200012207031,412.3699951171875,413.5400085449219,4414800
2023-11-16,399.28424072265625,413.70001220703125,413.95001220703125,411.75,412.739990234375,3798900
2023-11-17,399.8730163574219,414.30999755859375,414.7900085449219,412.8699951171875,413.94000244140625,4696200
2023-11-20,402.8842468261719,417.42999267578125,418.20001220703125,413.9800109863281,413.989990234375,3517600
2023-11-21,401.8321838378906,416.3399963378906,416.8399963378906,415.29998779296875,416.3999938964844,5248200
2023-11-22,403.56951904296875,418.1400146484375,419.30999755859375,417.05999755859375,418.07000732421875,3692800
2023-11-24,403.79150390625,418.3699951171875,418.489990234375,417.8399963378906,418.19000244140625,1351300
2023-11-27,403.0869140625,417.6400146484375,418.5299987792969,417.2300109863281,417.7900085449219,3632600
2023-11-28,403.48260498046875,418.04998779296875,419.25,416.7099914550781,417.25,3382400
2023-11-29,403.2220458984375,417.7799987792969,421.1199951171875,417.3699951171875,420.05999755859375,4092600
2023-11-30,404.78558349609375,419.3999938964844,419.70001220703125,416.57000732421875,418.5400085449219,4405700
2023-12-01,407.1598815917969,421.8599853515625,422.3699951171875,418.25,418.8299865722656,4973600
2023-12-04,405.11370849609375,419.739990234375,419.8699951171875,417.5,418.6499938964844,5806100
2023-12-05,404.98822021484375,419.6099853515625,420.4700012207031,418.0,418.3399963378906,3419300
2023-12-06,403.2991943359375,417.8599853515625,421.6700134277344,417.4599914550781,421.6099853515625,4201800
2023-12-07,406.455322265625,421.1300048828125,421.6700134277344,419.2799987792969,419.80999755859375,3248300
2023-12-08,408.18292236328125,422.9200134277344,423.3699951171875,420.1499938964844,420.3699951171875,5125300
2023-12-11,409.7657775878906,424.55999755859375,424.7099914550781,422.2200012207031,422.4100036621094,5247100
2023-12-12,411.80224609375,426.6700134277344,426.6700134277344,423.2699890136719,424.2200012207031,5982600
2023-12-13,417.40972900390625,432.4800109863281,432.6099853515625,426.510009765625,426.8800048828125,8659100
2023-12-14,418.6355285644531,433.75,435.3599853515625,431.239990234375,434.2200012207031,8349100
2023-12-15,417.9985656738281,433.0899963378906,434.25,432.239990234375,433.19000244140625,5326000
2023-12-18,420.3631591796875,435.5400085449219,436.3999938964844,434.45001220703125,434.6400146484375,4280500
2023-12-19,422.9208679199219,438.19000244140625,438.2200012207031,435.95001220703125,436.0400085449219,4061500
2023-12-20,416.81622314453125,430.0899963378906,437.30999755859375,429.8999938964844,435.510009765625,5783200
2023-12-21,420.8769226074219,434.2799987792969,434.6400146484375,430.8599853515625,433.1300048828125,4621600
2023-12-22,421.85577392578125,435.2900085449219,436.8399963378906,433.4800109863281,435.4599914550781,4037800
2023-12-26,423.60992431640625,437.1000061035156,437.9200134277344,435.5799865722656,435.6700134277344,3835800
2023-12-27,424.38519287109375,437.8999938964844,438.0199890136719,436.4200134277344,436.8999938964844,4271000
2023-12-28,424.4530029296875,437.9700012207031,438.8399963378906,437.6600036621094,438.25,4703700
2023-12-29,423.3191223144531,436.79998779296875,438.3399963378906,434.94000244140625,437.8699951171875,4376900
2024-01-02,420.6152648925781,434.010009765625,435.2699890136719,432.3599853515625,433.9100036621094,9076000
2024-01-03,417.4946594238281,430.7900085449219,433.0,430.25,432.32000732421875,4805000
2024-01-04,416.17657470703125,429.42999267578125,432.7799987792969,429.2099914550781,430.3299865722656,3945300
2024-01-05,416.70965576171875,429.9800109863281,432.29998779296875,428.6400146484375,429.5899963378906,5724600
2024-01-08,422.6697692871094,436.1300048828125,436.2699890136719,430.3699951171875,430.45001220703125,7222400
2024-01-09,421.6425476074219,435.07000732421875,436.42999267578125,433.1600036621094,433.6199951171875,7939600
2024-01-10,424.4239807128906,437.94000244140625,438.739990234375,435.4800109863281,435.7699890136719,4278800
2024-01-11,424.27862548828125,437.7900085449219,439.3599853515625,434.0,438.94000244140625,4796600
2024-01-12,424.4723815917969,437.989990234375,439.79998779296875,436.7300109863281,439.1099853515625,5182700
2024-01-16,423.02838134765625,436.5,437.9800109863281,434.739990234375,436.7900085449219,5730800
2024-01-17,420.6734313964844,434.07000732421875,434.4800109863281,431.80999755859375,433.6000061035156,6044600
2024-01-18,424.414306640625,437.92999267578125,438.3900146484375,434.1600036621094,435.5799865722656,4331300
2024-01-19,429.60888671875,443.2900085449219,443.6099853515625,438.30999755859375,439.0,4836800
2024-01-22,430.587646484375,444.29998779296875,445.9200134277344,443.67999267578125,444.7699890136719,5870400
2024-01-23,431.8669128417969,445.6199951171875,445.82000732421875,443.7799987792969,444.8299865722656,3251600
2024-01-24,432.2254333496094,445.989990234375,449.19000244140625,445.75,448.32000732421875,4568200
2024-01-25,434.6580505371094,448.5,448.760009765625,446.1099853515625,448.1400146484375,4167100
2024-01-26,434.3963623046875,448.2300109863281,449.510009765625,447.1600036621094,448.1000061035156,6404000
2024-01-29,437.5557861328125,451.489990234375,451.6099853515625,447.7099914550781,448.2300109863281,4543300
2024-01-30,437.24566650390625,451.1700134277344,451.80999755859375,450.44000244140625,450.8399963378906,3410000
2024-01-31,430.12249755859375,443.82000732421875,449.4700012207031,443.75,449.0400085449219,7108000
2024-02-01,435.7822570800781,449.6600036621094,449.6600036621094,444.6499938964844,445.3500061035156,6138400
2024-02-02,440.2596740722656,454.2799987792969,455.8800048828125,449.69000244140625,450.010009765625,6253500
2024-02-05,438.65087890625,452.6199951171875,454.1499938964844,450.5400085449219,453.7300109863281,7101900
2024-02-06,440.0173645019531,454.0299987792969,454.2900085449219,452.2099914550781,453.5799865722656,4383600
2024-02-07,443.63226318359375,457.760009765625,458.17999267578125,455.2699890136719,456.1499938964844,6763400
2024-02-08,443.9327087402344,458.07000732421875,458.3299865722656,457.0299987792969,457.80999755859375,4184600
2024-02-09,446.4524841308594,460.6700134277344,461.0299987792969,458.1700134277344,458.5400085449219,4002600
2024-02-12,446.2489318847656,460.4599914550781,462.739990234375,459.75,460.6099853515625,4564200
2024-02-13,439.9591979980469,453.9700012207031,455.70001220703125,451.0,454.4800109863281,8152200
2024-02-14,444.14593505859375,458.2900085449219,458.6700134277344,454.3999938964844,456.5799865722656,5624000
2024-02-15,447.1501770019531,461.3900146484375,461.5400085449219,458.42999267578125,458.8999938964844,5695700
2024-02-16,444.86309814453125,459.0299987792969,462.1499938964844,458.3999938964844,461.0799865722656,5527900
2024-02-20,442.42083740234375,456.510009765625,458.05999755859375,454.42999267578125,457.44000244140625,5306800
2024-02-21,442.86663818359375,456.9700012207031,457.1199951171875,453.6000061035156,455.32000732421875,4208600
2024-02-22,452.17034912109375,466.57000732421875,467.3299865722656,462.32000732421875,463.2200012207031,4328500
2024-02-23,452.3739318847656,466.7799987792969,468.8699951171875,466.0899963378906,468.0899963378906,4050600
2024-02-26,450.7166748046875,465.07000732421875,467.5899963378906,464.94000244140625,467.19000244140625,3450800
2024-02-27,451.5500793457031,465.92999267578125,466.1199951171875,463.9100036621094,465.7099914550781,3586900
2024-02-28,450.8523254394531,465.2099914550781,465.8299865722656,464.1099853515625,464.489990234375,2800600
2024-02-29,452.5192565917969,466.92999267578125,468.489990234375,464.4700012207031,466.9700012207031,7332900
2024-03-01,456.88031005859375,471.42999267578125,471.7699890136719,467.42999267578125,467.8299865722656,4839400
2024-03-04,456.337646484375,470.8699951171875,472.6000061035156,470.6000061035156,470.6099853515625,3970200
2024-03-05,451.7633361816406,466.1499938964844,469.3800048828125,464.05999755859375,468.95001220703125,4616500
2024-03-06,454.1571044921875,468.6199951171875,470.6600036621094,467.32000732421875,469.25,5325100
2024-03-07,458.65386962890625,473.260009765625,474.19000244140625,470.7799987792969,471.6300048828125,7149800
2024-03-08,455.87249755859375,470.3900146484375,476.29998779296875,469.82000732421875,473.7699890136719,6285600
2024-03-11,455.4945068359375,470.0,470.4599914550781,467.3900146484375,469.20001220703125,5323900
2024-03-12,460.3692321777344,475.0299987792969,475.54998779296875,469.57000732421875,471.9200134277344,4811000
2024-03-13,459.6714782714844,474.30999755859375,475.4700012207031,472.8999938964844,475.30999755859375,3544500
2024-03-14,458.6635437011719,473.2699890136719,475.3299865722656,470.45001220703125,475.1600036621094,5153000
2024-03-15,455.5042419433594,470.010009765625,471.7799987792969,468.7200012207031,470.4100036621094,6807100
2024-03-18,458.35345458984375,472.95001220703125,475.2799987792969,472.5,473.95001220703125,3939100
2024-03-19,460.9217224121094,475.6000061035156,475.739990234375,471.2900085449219,472.20001220703125,4550200
2024-03-20,464.9435729980469,479.75,480.0199890136719,474.92999267578125,475.5400085449219,6179400
2024-03-21,466.4941711425781,481.3500061035156,483.239990234375,481.2099914550781,482.6199951171875,5044700
2024-03-22,465.8846130371094,479.17999267578125,480.32000732421875,478.82000732421875,479.8699951171875,5881500
2024-03-25,464.67901611328125,477.94000244140625,478.7900085449219,477.54998779296875,477.7300109863281,6081300
2024-03-26,463.3761901855469,476.6000061035156,479.3699951171875,476.42999267578125,479.05999755859375,8073500
2024-03-27,467.4207763671875,480.760009765625,480.8699951171875,477.45001220703125,479.510009765625,4951400
2024-03-28,467.36236572265625,480.70001220703125,482.1600036621094,480.5,480.8699951171875,4065000
2024-04-01,466.74993896484375,480.07000732421875,481.9599914550781,478.8299865722656,481.44000244140625,5734000
2024-04-02,463.697021484375,476.92999267578125,476.989990234375,474.7099914550781,476.3299865722656,4817800
2024-04-03,464.1150817871094,477.3599853515625,478.79998779296875,475.7900085449219,475.8399963378906,6224800
2024-04-04,458.39825439453125,471.4800109863281,481.4800109863281,471.2699890136719,481.20001220703125,6871200
2024-04-05,463.2692565917969,476.489990234375,478.3299865722656,472.4200134277344,472.8500061035156,5588200
2024-04-08,463.4539489746094,476.67999267578125,478.07000732421875,475.9700012207031,477.1499938964844,4736800
2024-04-09,464.027587890625,477.2699890136719,478.6000061035156,472.739990234375,478.3800048828125,5250400
2024-04-10,459.5357360839844,472.6499938964844,474.3900146484375,470.6700134277344,471.9100036621094,6933400
2024-04-11,462.8511962890625,476.05999755859375,477.42999267578125,470.6700134277344,473.9800109863281,5109900
2024-04-12,456.541259765625,469.57000732421875,474.04998779296875,467.9100036621094,472.7699890136719,6959700
2024-04-15,450.74652099609375,463.6099853515625,473.5899963378906,462.8500061035156,473.4700012207031,9530000
2024-04-16,449.93963623046875,462.7799987792969,465.510009765625,461.5899963378906,464.04998779296875,6761400
2024-04-17,447.2270202636719,459.989990234375,465.239990234375,458.7300109863281,465.1099853515625,7156200
2024-04-18,446.2061767578125,458.94000244140625,463.29998779296875,458.2099914550781,461.3599853515625,5637300
2024-04-19,442.4727478027344,455.1000061035156,459.94000244140625,453.8999938964844,458.989990234375,9787500
2024-04-22,446.3131103515625,459.04998779296875,461.7300109863281,455.3500061035156,457.54998779296875,5818100
2024-04-23,451.94244384765625,464.8399963378906,465.1300048828125,460.6700134277344,461.17999267578125,4257400
2024-04-24,451.6119384765625,464.5,466.30999755859375,462.44000244140625,465.57000732421875,7687800
2024-04-25,449.7452087402344,462.5799865722656,463.4599914550781,457.260009765625,458.7699890136719,4876200
2024-04-26,454.24664306640625,467.2099914550781,468.6300048828125,464.80999755859375,465.3299865722656,4907100
2024-04-29,455.83148193359375,468.8399963378906,469.4200134277344,466.2099914550781,468.8399963378906,3253200
2024-04-30,448.6271057128906,461.42999267578125,468.3399963378906,461.3599853515625,467.4200134277344,4364800
2024-05-01,447.168701171875,459.92999267578125,467.07000732421875,459.44000244140625,460.7699890136719,6115400
2024-05-02,451.3396911621094,464.2200012207031,464.95001220703125,459.1600036621094,463.3599853515625,3972400
2024-05-03,456.93988037109375,469.9800109863281,471.0,467.44000244140625,469.760009765625,4586900
2024-05-06,461.5483703613281,474.7200012207031,474.80999755859375,471.82000732421875,472.2200012207031,4782500
2024-05-07,462.2095031738281,475.3999938964844,476.6400146484375,474.7099914550781,475.70001220703125,3451300
2024-05-08,462.22894287109375,475.4200134277344,475.8599853515625,473.5,473.5899963378906,3214900
2024-05-09,464.8831481933594,478.1499938964844,478.1499938964844,474.94000244140625,475.5899963378906,3486000
2024-05-10,465.456787109375,478.739990234375,480.3900146484375,477.5899963378906,479.69000244140625,3347200
2024-05-13,465.48590087890625,478.7699890136719,480.4200134277344,477.7300109863281,480.3500061035156,3108400
2024-05-14,467.6929626464844,481.0400085449219,481.4700012207031,478.4800109863281,478.9800109863281,3257700
2024-05-15,473.390380859375,486.8999938964844,487.2300109863281,482.739990234375,483.3399963378906,4399500
2024-05-16,472.4862060546875,485.9700012207031,488.57000732421875,485.8299865722656,487.04998779296875,3347400
2024-05-17,473.18621826171875,486.69000244140625,486.7300109863281,484.70001220703125,486.0899963378906,3274000
2024-05-20,473.6528625488281,487.1700134277344,488.6099853515625,486.45001220703125,486.7799987792969,2599600
2024-05-21,474.926513671875,488.4800109863281,488.5799865722656,486.3500061035156,486.5299987792969,2453600
2024-05-22,473.5459899902344,487.05999755859375,488.42999267578125,484.94000244140625,487.7900085449219,3250600
2024-05-23,470.0263977050781,483.44000244140625,489.989990234375,482.2900085449219,489.9100036621094,3811300
2024-05-24,473.2250671386719,486.7300109863281,487.3999938964844,484.3299865722656,485.17999267578125,2555200
2024-05-28,473.604248046875,487.1199951171875,487.6499938964844,484.5299987792969,487.3999938964844,4034700
2024-05-29,470.2694396972656,483.69000244140625,484.67999267578125,482.9599914550781,483.19000244140625,5605000
2024-05-30,467.1096496582031,480.44000244140625,482.75,479.20001220703125,482.1199951171875,3386800
2024-05-31,471.173583984375,484.6199951171875,484.9100036621094,476.4800109863281,481.239990234375,5334000
2024-06-03,471.68890380859375,485.1499938964844,486.4100036621094,480.3999938964844,486.29998779296875,4211300
2024-06-04,472.2626037597656,485.739990234375,486.4100036621094,482.55999755859375,484.0,2560300
2024-06-05,477.9113464355469,491.54998779296875,491.54998779296875,486.05999755859375,487.8699951171875,3026100
2024-06-06,477.80438232421875,491.44000244140625,492.17999267578125,489.6400146484375,491.8399963378906,21344000
2024-06-07,477.18218994140625,490.79998779296875,493.5299987792969,489.5400085449219,490.54998779296875,3063600
2024-06-10,478.74749755859375,492.4100036621094,492.69000244140625,489.55999755859375,490.1700134277344,3461900
2024-06-11,479.83642578125,493.5299987792969,493.6600036621094,489.1099853515625,490.989990234375,4028400
2024-06-12,483.8323974609375,497.6400146484375,500.1499938964844,496.7099914550781,497.92999267578125,3698800
2024-06-13,484.7462463378906,498.5799865722656,499.45001220703125,496.05999755859375,499.29998779296875,8808900
2024-06-14,485.1351623535156,498.9800109863281,499.0400085449219,496.2900085449219,497.260009765625,5812000
2024-06-17,488.9853515625,502.94000244140625,504.17999267578125,497.9100036621094,498.4800109863281,4609500
2024-06-18,490.28814697265625,504.2799987792969,504.3599853515625,502.6300048828125,503.04998779296875,3431700
2024-06-20,488.9269714355469,502.8800048828125,505.739990234375,501.19000244140625,505.1400146484375,4810900
2024-06-21,487.8575439453125,501.7799987792969,503.2200012207031,500.8500061035156,502.1000061035156,4338100
2024-06-24,486.54498291015625,500.42999267578125,504.44000244140625,500.42999267578125,502.0299987792969,7022800
2024-06-25,488.5672912597656,502.510009765625,502.8299865722656,500.32000732421875,501.7099914550781,6325200
2024-06-26,489.11175537109375,503.07000732421875,503.7699890136719,500.8900146484375,501.4700012207031,3202700
2024-06-27,489.8701171875,503.8500061035156,504.4800109863281,502.32000732421875,503.0,3619700
2024-06-28,487.9811706542969,500.1300048828125,505.7300109863281,499.010009765625,502.9700012207031,5598600
2024-07-01,489.1031799316406,501.2799987792969,501.67999267578125,498.6000061035156,501.489990234375,4368500
2024-07-02,492.27423095703125,504.5299987792969,504.6099853515625,499.6099853515625,499.69000244140625,4210100
2024-07-03,494.49884033203125,506.80999755859375,507.1400146484375,504.2200012207031,504.2200012207031,2131100
2024-07-05,497.4552307128906,509.8399963378906,510.1000061035156,506.489990234375,507.1300048828125,3156900
2024-07-08,497.9333801269531,510.3299865722656,511.2099914550781,509.32000732421875,510.5,3143400
2024-07-09,498.4797058105469,510.8900146484375,512.010009765625,510.5400085449219,511.2099914550781,3140600
2024-07-10,503.2802429199219,515.8099975585938,516.1799926757812,511.69000244140625,511.9800109863281,3446900
2024-07-11,498.9676513671875,511.3900146484375,516.7899780273438,510.8299865722656,516.0,5537800
2024-07-12,502.05084228515625,514.5499877929688,518.030029296875,512.1699829101562,512.489990234375,5238200
2024-07-15,503.5728759765625,516.1099853515625,519.1199951171875,514.3400268554688,516.5800170898438,7771500
2024-07-16,506.4317932128906,519.0399780273438,519.4000244140625,516.5999755859375,517.3300170898438,4164300
2024-07-17,499.3579406738281,511.7900085449219,515.1099853515625,511.55999755859375,513.5599975585938,4984300
2024-07-18,495.6014099121094,507.94000244140625,514.1900024414062,505.8699951171875,513.25,5055900
2024-07-19,492.29376220703125,504.54998779296875,509.20001220703125,503.55999755859375,507.6400146484375,4039400
2024-07-22,497.4064636230469,509.7900085449219,510.32000732421875,506.44000244140625,508.2699890136719,4342900
2024-07-23,496.5771484375,508.94000244140625,511.6499938964844,508.489990234375,509.6600036621094,3116000
2024-07-24,485.2100830078125,497.2900085449219,504.70001220703125,496.54998779296875,504.42999267578125,6157400
2024-07-25,482.7611083984375,494.7799987792969,503.1400146484375,493.9200134277344,497.54998779296875,5646600
2024-07-26,488.1762390136719,500.3299865722656,502.8900146484375,497.6700134277344,498.3599853515625,3636000
2024-07-29,488.5372619628906,500.70001220703125,502.7699890136719,498.7699890136719,501.82000732421875,3096200
2024-07-30,485.9809265136719,498.0799865722656,503.010009765625,494.9200134277344,502.04998779296875,3817800
2024-07-31,493.6402587890625,505.92999267578125,508.6499938964844,503.30999755859375,504.4800109863281,5367600
2024-08-01,486.9078369140625,499.0299987792969,509.8999938964844,495.75,507.8399963378906,6939200
2024-08-02,478.0093994140625,489.9100036621094,493.5199890136719,485.79998779296875,492.4100036621094,8561200
2024-08-05,463.6567077636719,475.20001220703125,481.17999267578125,468.8900146484375,470.1700134277344,15244300
2024-08-06,468.28155517578125,479.94000244140625,486.8599853515625,475.94000244140625,477.3900146484375,8255000
2024-08-07,465.03240966796875,476.6099853515625,488.54998779296875,476.1099853515625,485.70001220703125,5976400
2024-08-08,475.88232421875,487.7300109863281,488.2699890136719,479.6400146484375,481.489990234375,4177200
2024-08-09,477.92156982421875,489.82000732421875,491.2099914550781,485.82000732421875,486.92999267578125,7661300
2024-08-12,478.16552734375,490.07000732421875,492.3500061035156,487.9800109863281,490.94000244140625,3578100
2024-08-13,486.1077880859375,498.2099914550781,498.3800048828125,492.9200134277344,493.1400146484375,3247900
2024-08-14,487.65911865234375,499.79998779296875,500.8500061035156,496.4800109863281,498.9200134277344,3700500
2024-08-15,496.0307312011719,508.3800048828125,508.5899963378906,504.489990234375,505.0899963378906,4279000
2024-08-16,497.07476806640625,509.45001220703125,510.1099853515625,506.6499938964844,506.8399963378906,3449300
2024-08-19,501.85565185546875,514.3499755859375,514.3499755859375,509.05999755859375,509.8599853515625,3804300
2024-08-20,501.0263366699219,513.5,515.47998046875,512.25,513.9199829101562,3156000
2024-08-21,502.78265380859375,515.2999877929688,516.6599731445312,512.8499755859375,514.469970703125,3344100
2024-08-22,498.7139587402344,511.1300048828125,517.6300048828125,510.1000061035156,517.0499877929688,3677100
2024-08-23,504.10955810546875,516.6599731445312,517.5499877929688,512.25,514.3300170898438,5102800
2024-08-26,502.8703918457031,515.3900146484375,518.2899780273438,513.8800048828125,517.6400146484375,3398600
2024-08-27,503.5437316894531,516.0800170898438,516.5900268554688,513.1599731445312,514.260009765625,3031800
2024-08-28,500.6653137207031,513.1300048828125,516.22998046875,510.1600036621094,515.7999877929688,3940400
2024-08-29,500.743408203125,513.2100219726562,518.0900268554688,512.1300048828125,514.989990234375,3487100
2024-08-30,505.4560852050781,518.0399780273438,518.5800170898438,512.1199951171875,515.4199829101562,5637700
2024-09-03,495.2306213378906,507.55999755859375,515.4299926757812,505.1000061035156,515.1199951171875,5866400
2024-09-04,494.0011901855469,506.29998779296875,509.5299987792969,505.0199890136719,505.67999267578125,3601400
2024-09-05,492.7816467285156,505.04998779296875,508.94000244140625,502.8399963378906,506.3599853515625,3425600
2024-09-06,484.575927734375,496.6400146484375,506.94000244140625,495.79998779296875,505.3399963378906,7411400
2024-09-09,490.03009033203125,502.2300109863281,503.3699951171875,498.75,500.6000061035156,3656800
2024-09-10,492.0498352050781,504.29998779296875,504.7099914550781,499.5,503.95001220703125,2975400
2024-09-11,497.0845031738281,509.4599914550781,510.44000244140625,496.25,504.30999755859375,5956900
2024-09-12,501.35809326171875,513.8400268554688,514.1400146484375,508.05999755859375,510.0899963378906,4092900
2024-09-13,504.0217590332031,516.5700073242188,517.530029296875,514.22998046875,514.4299926757812,4416600
2024-09-16,504.78277587890625,517.3499755859375,517.5900268554688,514.6500244140625,516.3400268554688,4256300
2024-09-17,505.0170593261719,517.5900268554688,520.739990234375,515.5,519.4400024414062,8150000
2024-09-18,503.3777770996094,515.9099731445312,522.72998046875,515.469970703125,518.1799926757812,6921300
2024-09-19,512.1591796875,524.9099731445312,526.5999755859375,522.1900024414062,524.8800048828125,5558400
2024-09-20,511.15423583984375,523.8800048828125,524.9199829101562,521.1199951171875,523.510009765625,5612700
2024-09-23,512.412841796875,525.1699829101562,525.8300170898438,523.8300170898438,525.0,29289200
2024-09-24,513.8861694335938,526.6799926757812,526.8400268554688,523.3800048828125,526.010009765625,4650600
2024-09-25,512.8421630859375,525.6099853515625,527.2999877929688,524.6500244140625,526.6099853515625,35418000
2024-09-26,514.8814697265625,527.7000122070312,529.9199829101562,525.489990234375,529.6699829101562,5273900
2024-09-27,514.21484375,525.3800048828125,527.77001953125,524.3200073242188,527.0900268554688,5598600
2024-09-30,516.4562377929688,527.6699829101562,527.9600219726562,522.1900024414062,524.3200073242188,8013000
2024-10-01,511.6309814453125,522.739990234375,527.0999755859375,520.22998046875,527.0399780273438,9198700
2024-10-02,511.7192077636719,522.8300170898438,523.8499755859375,519.5800170898438,521.8499755859375,3270600
2024-10-03,510.7501525878906,521.8400268554688,523.760009765625,519.8200073242188,521.5599975585938,4008000
2024-10-04,515.4578857421875,526.6500244140625,527.02001953125,522.2999877929688,526.1599731445312,5354400
2024-10-07,510.81854248046875,521.9099731445312,525.719970703125,520.8099975585938,525.1400146484375,3970500
2024-10-08,515.6536254882812,526.8499755859375,527.3800048828125,523.5,524.3200073242188,2626700
2024-10-09,519.1771850585938,530.4500122070312,531.030029296875,526.3099975585938,526.8699951171875,2941800
2024-10-10,518.3059692382812,529.5599975585938,530.9000244140625,528.0900268554688,529.27001953125,3637600
2024-10-11,521.3890991210938,532.7100219726562,533.4299926757812,529.3900146484375,529.5,5429200
2024-10-14,525.6564331054688,537.0700073242188,537.97998046875,533.969970703125,534.25,2638900
2024-10-15,521.6533203125,532.97998046875,537.6099853515625,531.8200073242188,537.3800048828125,4811300
2024-10-16,523.8457641601562,535.219970703125,535.72998046875,532.219970703125,532.9299926757812,3237200
2024-10-17,523.9240112304688,535.2999877929688,538.760009765625,535.1500244140625,538.6199951171875,3225300
2024-10-18,525.9403076171875,537.3599853515625,538.0999755859375,535.5599975585938,536.9000244140625,5070400
2024-10-21,525.1278686523438,536.530029296875,537.6099853515625,533.7100219726562,536.719970703125,3671400
2024-10-22,524.7657470703125,536.1599731445312,537.280029296875,533.469970703125,534.1099853515625,3366600
2024-10-23,519.9797973632812,531.27001953125,534.719970703125,528.02001953125,534.280029296875,5227800
2024-10-24,521.1541748046875,532.469970703125,533.1799926757812,530.0399780273438,533.1699829101562,4477800
2024-10-25,520.94873046875,532.260009765625,537.260009765625,531.4099731445312,534.6500244140625,4327200
2024-10-28,522.5734252929688,533.9199829101562,535.5700073242188,533.6699829101562,535.530029296875,3408000
2024-10-29,523.4053344726562,534.77001953125,535.8200073242188,531.75,533.1199951171875,3027600
2024-10-30,521.8295288085938,533.1599731445312,536.2000122070312,532.5900268554688,534.3499755859375,3067000
2024-10-31,511.5624694824219,522.6699829101562,529.22998046875,522.510009765625,529.0900268554688,7972800
2024-11-01,513.7842407226562,524.9400024414062,529.0800170898438,524.5399780273438,525.1599731445312,6106900
2024-11-04,512.6685180664062,523.7999877929688,526.280029296875,522.030029296875,525.0599975585938,3681500
2024-11-05,518.8345947265625,530.0999755859375,530.1699829101562,524.47998046875,524.719970703125,3300300
2024-11-06,531.7540893554688,543.2999877929688,544.1400146484375,538.1699829101562,541.6500244140625,7483300
2024-11-07,535.8941650390625,547.530029296875,548.47998046875,545.1500244140625,545.219970703125,6051300
2024-11-08,538.2626953125,549.9500122070312,551.239990234375,548.0599975585938,548.0700073242188,6798000
2024-11-11,538.703125,550.4000244140625,551.72998046875,548.8499755859375,551.4299926757812,4893100
2024-11-12,537.0881958007812,548.75,550.9400024414062,546.4299926757812,550.3900146484375,4818600
2024-11-13,537.3623046875,549.030029296875,550.8800048828125,546.969970703125,549.1599731445312,3701600
2024-11-14,533.9464111328125,545.5399780273438,549.5700073242188,544.8800048828125,549.0999755859375,3940300
2024-11-15,527.0560913085938,538.5,542.5700073242188,536.75,542.1300048828125,7360100
2024-11-18,529.2386474609375,540.72998046875,541.9299926757812,538.1500244140625,538.9199829101562,4494500
2024-11-19,531.1668090820312,542.7000122070312,543.3699951171875,536.9000244140625,537.5,6978400
2024-11-20,531.3626098632812,542.9000244140625,543.0700073242188,537.4400024414062,542.780029296875,3949100
2024-11-21,534.0443725585938,545.6400146484375,547.0700073242188,540.0399780273438,545.5800170898438,4530600
2024-11-22,535.8353881835938,547.469970703125,548.0499877929688,545.3699951171875,545.8200073242188,5574600
2024-11-25,537.5580444335938,549.22998046875,552.3800048828125,547.2000122070312,551.2000122070312,4305000
2024-11-26,540.5726928710938,552.3099975585938,552.8200073242188,549.8499755859375,550.5,4438600
2024-11-27,538.8500366210938,550.5499877929688,552.3800048828125,549.1099853515625,552.0399780273438,3312200
2024-11-29,541.6884155273438,553.4500122070312,554.7000122070312,551.0700073242188,551.2899780273438,3988700
2024-12-02,543.2152099609375,555.010009765625,555.5700073242188,553.8900146484375,554.3599853515625,5441000
2024-12-03,543.3424072265625,555.1400146484375,555.4299926757812,553.7899780273438,554.7999877929688,4202900
2024-12-04,546.76806640625,558.6400146484375,558.8800048828125,556.1699829101562,556.8300170898438,5490300
2024-12-05,545.8578491210938,557.7100219726562,559.4099731445312,557.4600219726562,558.6300048828125,3021600
2024-12-06,546.9442749023438,558.8200073242188,559.9600219726562,558.0800170898438,558.469970703125,5134900
2024-12-09,544.0960693359375,555.9099731445312,558.8699951171875,555.3800048828125,558.7100219726562,4412300
2024-12-10,542.5497436523438,554.3300170898438,556.8800048828125,553.5700073242188,556.5800170898438,4110100
2024-12-11,546.6605224609375,558.530029296875,559.3900146484375,556.6599731445312,556.9199829101562,3514400
2024-12-12,543.8416748046875,555.6500244140625,558.2000122070312,555.6199951171875,557.6699829101562,4048600
2024-12-13,543.802490234375,555.6099853515625,558.1599731445312,554.2000122070312,557.510009765625,4666900
2024-12-16,545.9361572265625,557.7899780273438,558.7999877929688,556.4199829101562,557.1300048828125,22846800
2024-12-17,543.6459350585938,555.4500122070312,556.3900146484375,554.2899780273438,555.469970703125,6110900
2024-12-18,527.6824340820312,539.1400146484375,557.530029296875,538.530029296875,555.2999877929688,24584900
2024-12-19,527.4867553710938,538.9400024414062,545.0999755859375,538.6500244140625,543.6900024414062,16792100
2024-12-20,533.45703125,545.0399780273438,549.5399780273438,535.8499755859375,536.6099853515625,9389400
2024-12-23,537.2755737304688,547.1900024414062,547.3599853515625,540.3200073242188,543.3099975585938,7063400
2024-12-24,542.8035888671875,552.8200073242188,552.9000244140625,547.5399780273438,548.0599975585938,3439300
2024-12-26,542.7938232421875,552.8099975585938,553.969970703125,549.9199829101562,551.2000122070312,4492000
2024-12-27,537.1676025390625,547.0800170898438,549.6199951171875,543.2000122070312,549.3699951171875,7077100
2024-12-30,531.1879272460938,540.989990234375,544.0900268554688,537.4000244140625,540.5599975585938,6505100
2024-12-31,529.0474853515625,538.8099975585938,543.0700073242188,537.4000244140625,542.4500122070312,6040800
2025-01-02,527.7218627929688,537.4600219726562,543.5399780273438,533.7899780273438,542.02001953125,7142700
2025-01-03,534.5361938476562,544.4000244140625,544.8800048828125,539.2000122070312,540.1900024414062,6416300
2025-01-06,537.6487426757812,547.5700073242188,551.4299926757812,545.8200073242188,548.280029296875,5983400
2025-01-07,531.6002807617188,541.4099731445312,549.5999755859375,539.5599975585938,549.3200073242188,5383200
2025-01-08,532.3171997070312,542.1400146484375,543.0,538.0800170898438,541.3200073242188,4317000
2025-01-10,524.216552734375,533.8900146484375,538.75,532.0,538.7100219726562,7935200
2025-01-13,524.8941040039062,534.5800170898438,534.9099731445312,529.02001953125,529.4000244140625,5621000
2025-01-14,525.561767578125,535.260009765625,537.9099731445312,531.8099975585938,537.3200073242188,8820000
2025-01-15,535.1744384765625,545.0499877929688,546.1300048828125,541.760009765625,542.8400268554688,5307300
2025-01-16,534.3790283203125,544.239990234375,546.510009765625,543.3900146484375,546.3499755859375,3632800
2025-01-17,539.5045166015625,549.4600219726562,551.1199951171875,547.6799926757812,548.9199829101562,6558700
2025-01-21,544.4139404296875,554.4600219726562,554.4600219726562,550.5,552.3200073242188,5301700
2025-01-22,547.5067749023438,557.6099853515625,558.9299926757812,556.72998046875,557.1900024414062,4780000
2025-01-23,550.5408325195312,560.7000122070312,560.7000122070312,556.7999877929688,557.0399780273438,6217900
2025-01-24,548.8814697265625,559.010009765625,561.6599731445312,558.02001953125,560.760009765625,3612100
2025-01-27,541.242431640625,551.22998046875,551.3900146484375,546.8300170898438,546.9299926757812,7617400
2025-01-28,545.7787475585938,555.8499755859375,556.6500244140625,549.219970703125,552.2999877929688,4164700
2025-01-29,543.3828125,553.4099731445312,555.5,550.969970703125,555.1699829101562,4174500
2025-01-30,546.220458984375,556.2999877929688,557.780029296875,552.3800048828125,555.3699951171875,4296500
2025-01-31,543.3043823242188,553.3300170898438,560.8900146484375,552.7100219726562,558.6199951171875,6233900
2025-02-03,539.7401123046875,549.7000122070312,551.9600219726562,542.97998046875,544.989990234375,7824000
2025-02-04,543.3239135742188,553.3499755859375,553.8300170898438,549.22998046875,549.7000122070312,4181400
2025-02-05,545.5528564453125,555.6199951171875,555.72998046875,550.4099731445312,552.3400268554688,3424200
2025-02-06,547.5167236328125,557.6199951171875,557.6500244140625,554.1900024414062,557.2899780273438,3606300
2025-02-07,542.1949462890625,552.2000122070312,559.2000122070312,551.7899780273438,558.0999755859375,10161600
2025-02-10,546.0733032226562,556.1500244140625,556.780029296875,554.239990234375,555.4400024414062,3517600
2025-02-11,546.5642700195312,556.6500244140625,557.1199951171875,553.989990234375,554.0999755859375,2752900
2025-02-12,544.7575073242188,554.8099975585938,555.9199829101562,550.3900146484375,551.0,3579500
2025-02-13,550.5113525390625,560.6699829101562,560.8800048828125,554.7000122070312,555.8699951171875,3388500
2025-02-14,550.531005859375,560.6900024414062,561.8599853515625,560.0700073242188,560.9000244140625,3380600
2025-02-18,552.1216430664062,562.3099975585938,562.3099975585938,559.489990234375,561.7999877929688,3844900
2025-02-19,553.4569702148438,563.6699829101562,563.9199829101562,560.530029296875,561.02001953125,3857600
2025-02-20,551.1299438476562,561.2999877929688,562.47998046875,558.219970703125,562.3900146484375,4446800
2025-02-21,541.7530517578125,551.75,561.2000122070312,551.27001953125,561.0999755859375,6148700
2025-02-24,539.1903076171875,549.1400146484375,554.510009765625,548.510009765625,553.6099853515625,4772300
2025-02-25,536.509765625,546.4099731445312,549.77001953125,542.1699829101562,549.1799926757812,5491500
2025-02-26,536.8436279296875,546.75,551.3499755859375,544.25,548.010009765625,4180800
2025-02-27,528.22265625,537.969970703125,549.8800048828125,537.5999755859375,548.8300170898438,5521400
2025-02-28,536.43115234375,546.3300170898438,546.8900146484375,535.5800170898438,538.4199829101562,7328100
2025-03-03,527.191650390625,536.9199829101562,549.2899780273438,533.25,548.2000122070312,7290000
2025-03-04,520.8389892578125,530.4500122070312,538.280029296875,526.1599731445312,533.0599975585938,10477400
2025-03-05,526.68115234375,536.4000244140625,537.7899780273438,526.9299926757812,530.25,6221700
2025-03-06,517.1273803710938,526.6699829101562,533.4299926757812,524.219970703125,529.1900024414062,7228900
2025-03-07,519.9159545898438,529.510009765625,530.8800048828125,520.1300048828125,524.9000244140625,7308300
2025-03-10,506.1696472167969,515.510009765625,523.7000122070312,510.8299865722656,521.9000244140625,11176900
2025-03-11,502.0162658691406,511.2799987792969,517.530029296875,507.5299987792969,514.3300170898438,11208900
2025-03-12,504.4513244628906,513.760009765625,517.739990234375,509.1000061035156,516.8900146484375,8590600
2025-03-13,497.8628845214844,507.04998779296875,514.0599975585938,505.4200134277344,513.510009765625,21650000
2025-03-14,508.0843505859375,517.4600219726562,518.4199829101562,510.8399963378906,511.2799987792969,7412300
2025-03-17,511.96270751953125,521.4099731445312,523.8400268554688,517.0800170898438,517.4500122070312,6269800
2025-03-18,506.5623474121094,515.9099731445312,519.52001953125,514.0700073242188,519.3200073242188,6010600
2025-03-19,511.88421630859375,521.3300170898438,524.9600219726562,516.4199829101562,517.5399780273438,5373900
2025-03-20,510.7059631347656,520.1300048828125,524.6199951171875,517.3200073242188,517.9600219726562,6029700
2025-03-21,510.8335876464844,520.260009765625,520.9500122070312,514.6599731445312,515.7899780273438,5059000
2025-03-24,519.798095703125,529.3900146484375,530.3900146484375,525.8800048828125,526.47998046875,22376300
2025-03-25,521.0352783203125,530.6500244140625,531.5999755859375,529.1099853515625,530.5900268554688,6260200
2025-03-26,514.95751953125,524.4600219726562,531.4099731445312,523.0999755859375,530.5599975585938,4410200
2025-03-27,513.5405883789062,521.2100219726562,524.6799926757812,519.22998046875,521.2899780273438,5534900
2025-03-28,503.28375244140625,510.79998779296875,520.4600219726562,510.1600036621094,519.760009765625,5831800
2025-03-31,506.3480224609375,513.9099731445312,515.3300170898438,502.6400146484375,505.30999755859375,8196700
2025-04-01,508.210205078125,515.7999877929688,517.3499755859375,508.8800048828125,512.3599853515625,7697000
2025-04-02,511.2744140625,518.9099731445312,521.489990234375,509.92999267578125,510.1400146484375,6308600
2025-04-03,486.88861083984375,494.1600036621094,503.6600036621094,493.5,501.0,16226000
2025-04-04,458.6700744628906,465.5199890136719,483.29998779296875,464.239990234375,481.2799987792969,30966500
2025-04-07,456.7389221191406,463.55999755859375,480.760009765625,442.79998779296875,449.5400085449219,31285300
2025-04-08,450.019287109375,456.739990234375,482.489990234375,449.6000061035156,479.67999267578125,19002700
2025-04-09,491.7559814453125,499.1000061035156,502.05999755859375,453.1600036621094,453.489990234375,29286600
2025-04-10,474.9666748046875,482.05999755859375,490.29998779296875,468.3299865722656,489.1499938964844,16651300
2025-04-11,483.3317565917969,490.54998779296875,493.0,478.0,480.69000244140625,11541200
2025-04-14,488.1891784667969,495.4800109863281,500.260009765625,490.69000244140625,500.04998779296875,7701500
2025-04-15,486.8197021484375,494.0899963378906,499.2699890136719,493.4200134277344,496.0299987792969,8200600
2025-04-16,476.11944580078125,483.2300109863281,491.7699890136719,478.2300109863281,488.6499938964844,6374900
2025-04-17,476.77960205078125,483.8999938964844,488.1600036621094,481.5,484.7900085449219,5638900
2025-04-21,465.41925048828125,472.3699951171875,479.489990234375,467.3299865722656,479.0199890136719,7762500
2025-04-22,477.1639099121094,484.2900085449219,486.4800109863281,477.19000244140625,478.07000732421875,6236300
2025-04-23,484.82940673828125,492.07000732421875,501.17999267578125,490.70001220703125,496.69000244140625,8047600
2025-04-24,495.01727294921875,502.4100036621094,503.0,492.2200012207031,493.260009765625,6184300
2025-04-25,498.66278076171875,506.1099853515625,506.5199890136719,499.75,502.44000244140625,6933400
2025-04-28,498.96826171875,506.4200134277344,508.739990234375,500.9599914550781,506.80999755859375,4210000
2025-04-29,501.9930419921875,509.489990234375,510.54998779296875,504.260009765625,504.5400085449219,6525500
2025-04-30,502.2393798828125,509.739990234375,511.5,497.760009765625,503.260009765625,7873700
2025-05-01,505.7962341308594,513.3499755859375,518.4400024414062,512.77001953125,515.1300048828125,5784500
2025-05-02,513.0479736328125,520.7100219726562,522.4099731445312,516.8900146484375,519.1199951171875,6285400
2025-05-05,510.3679504394531,517.989990234375,520.8499755859375,516.27001953125,517.0800170898438,4793500
2025-05-06,506.0228576660156,513.5800170898438,517.8300170898438,511.94000244140625,512.8900146484375,4694300
2025-05-07,508.30877685546875,515.9000244140625,518.1799926757812,511.1000061035156,514.9199829101562,5460000
2025-05-08,511.6982116699219,519.3400268554688,524.22998046875,516.3499755859375,519.5399780273438,5088200
2025-05-09,511.018310546875,518.6500244140625,521.6300048828125,517.3599853515625,520.6900024414062,4739500
2025-05-12,528.0341796875,535.9199829101562,535.9199829101562,530.3900146484375,534.5,7793600
2025-05-13,531.5023803710938,539.4400024414062,541.47998046875,535.780029296875,536.3300170898438,7356800
2025-05-14,532.1624755859375,540.1099853515625,541.4199829101562,538.239990234375,540.3699951171875,5031300
2025-05-15,534.7734985351562,542.760009765625,543.25,537.8400268554688,538.260009765625,7362200
2025-05-16,538.2219848632812,546.260009765625,546.469970703125,541.7000122070312,543.469970703125,7255300
2025-05-19,538.7737426757812,546.8200073242188,547.4500122070312,540.5800170898438,540.6300048828125,7766100
2025-05-20,536.8623657226562,544.8800048828125,546.0599975585938,541.989990234375,545.219970703125,7158200
2025-05-21,527.886474609375,535.77001953125,544.6900024414062,534.8200073242188,540.9099731445312,6339500
2025-05-22,528.1326904296875,536.02001953125,539.22998046875,534.4400024414062,535.5999755859375,5816600
2025-05-23,524.5659790039062,532.4000244140625,534.8099975585938,529.1099853515625,529.4299926757812,6455900
2025-05-27,535.344970703125,543.3400268554688,543.52001953125,537.1799926757812,538.719970703125,6118100
2025-05-28,532.2905883789062,540.239990234375,544.9000244140625,539.6099853515625,543.7899780273438,4910500
2025-05-29,534.3399658203125,542.3200073242188,545.280029296875,538.739990234375,545.1500244140625,4659500
2025-05-30,533.7882080078125,541.760009765625,543.3900146484375,536.1599731445312,541.3499755859375,6171500
2025-06-02,536.8917846679688,544.9099731445312,544.9099731445312,537.7999877929688,540.25,5933500
2025-06-03,539.9364013671875,548.0,548.8699951171875,544.0900268554688,544.530029296875,4993600
2025-06-04,539.591552734375,547.6500244140625,549.6500244140625,547.4400024414062,548.75,4543400
2025-06-05,537.0692749023438,545.0900268554688,550.6300048828125,543.3400268554688,549.47998046875,6372100
2025-06-06,542.5572509765625,550.6599731445312,552.3200073242188,548.7000122070312,550.2999877929688,4736000
2025-06-09,543.1385498046875,551.25,552.7000122070312,550.2000122070312,551.2999877929688,4516400
2025-06-10,546.2324829101562,554.3900146484375,554.739990234375,550.739990234375,551.780029296875,5984100
2025-06-11,544.724853515625,552.8599853515625,556.22998046875,550.9099731445312,555.4099731445312,20800600
2025-06-12,546.7841796875,554.9500122070312,555.0,551.1300048828125,551.5999755859375,8422900
2025-06-13,540.695068359375,548.77001953125,553.25,547.4099731445312,550.239990234375,7100600
2025-06-16,545.9171142578125,554.0700073242188,555.6900024414062,551.8699951171875,551.9400024414062,7421300
2025-06-17,541.2665405273438,549.3499755859375,553.1599731445312,548.6400146484375,551.7899780273438,4753300
2025-06-18,541.1581420898438,549.239990234375,552.7100219726562,548.3900146484375,550.1599731445312,4602300
2025-06-20,539.6604614257812,547.719970703125,552.719970703125,546.6199951171875,551.719970703125,9978500
2025-06-23,545.2175903320312,553.3599853515625,553.7000122070312,545.75,548.6599731445312,9820200
2025-06-24,551.2080078125,559.4400024414062,560.4299926757812,556.3699951171875,557.1799926757812,6770000
2025-06-25,551.48388671875,559.719970703125,561.02001953125,558.3400268554688,560.52001953125,16472300
2025-06-26,555.8487548828125,564.1500244140625,564.5499877929688,560.9600219726562,561.52001953125,6081400
2025-06-27,558.6076049804688,566.9500122070312,568.3300170898438,563.2100219726562,565.1099853515625,6056500
2025-06-30,561.3995361328125,568.030029296875,569.1500244140625,565.3800048828125,567.5,5750600
2025-07-01,561.1426391601562,567.77001953125,568.7999877929688,565.7999877929688,566.5599975585938,7412700
2025-07-02,563.6332397460938,570.2899780273438,570.3400268554688,566.8099975585938,567.3699951171875,6164000
2025-07-03,568.5056762695312,575.219970703125,575.6699829101562,572.1300048828125,572.1799926757812,4837000
2025-07-07,563.949462890625,570.6099853515625,573.5900268554688,567.97998046875,573.0,6417800
2025-07-08,563.5739135742188,570.22998046875,571.8300170898438,569.47998046875,571.1500244140625,6944600
2025-07-09,566.9144287109375,573.6099853515625,574.260009765625,570.760009765625,572.4600219726562,7156500
2025-07-10,568.5748291015625,575.2899780273438,576.260009765625,572.7000122070312,573.780029296875,4961700
2025-07-11,566.5289916992188,573.219970703125,574.3800048828125,571.3699951171875,572.4500122070312,4428900
2025-07-14,567.6458129882812,574.3499755859375,574.6799926757812,571.5800170898438,572.8499755859375,4747000
2025-07-15,565.1848754882812,571.8599853515625,577.1599731445312,571.8499755859375,576.8499755859375,5399000
2025-07-16,567.0429077148438,573.739990234375,574.260009765625,568.1699829101562,573.4000244140625,6141200
2025-07-17,570.4428100585938,577.1799926757812,577.6500244140625,573.7999877929688,574.02001953125,6495300
2025-07-18,570.185791015625,576.9199829101562,578.5,575.8400268554688,578.469970703125,4262400
2025-07-21,571.203857421875,577.9500122070312,580.530029296875,577.5900268554688,577.97998046875,5913800
2025-07-22,571.203857421875,577.9500122070312,578.8400268554688,575.6400146484375,578.280029296875,4767700
2025-07-23,576.0565185546875,582.8599853515625,582.9600219726562,578.8699951171875,580.5700073242188,4257300
2025-07-24,576.4518432617188,583.260009765625,584.75,582.719970703125,583.3400268554688,3840900
2025-07-25,578.7447509765625,585.5800170898438,586.0399780273438,583.5900268554688,583.8099975585938,4210100
2025-07-28,578.6063842773438,585.4400024414062,586.5,584.239990234375,586.0399780273438,4193100
2025-07-29,577.1040649414062,583.9199829101562,587.0800170898438,583.1199951171875,586.8200073242188,5053400
2025-07-30,576.4024047851562,583.2100219726562,586.1500244140625,580.5499877929688,584.6599731445312,6974700
2025-07-31,574.2379760742188,581.02001953125,588.1599731445312,579.8400268554688,587.8300170898438,7046800
2025-08-01,564.7797241210938,571.4500122070312,575.739990234375,569.2899780273438,575.72998046875,8781300
2025-08-04,573.3682861328125,580.1400146484375,580.2100219726562,575.0800170898438,575.1699829101562,6640100
2025-08-05,570.6107788085938,577.3499755859375,581.5,576.4000244140625,580.7899780273438,4647400
2025-08-06,574.8507690429688,581.6400146484375,582.27001953125,577.4099731445312,578.25,4545000
2025-08-07,574.5048217773438,581.2899780273438,585.52001953125,578.3099975585938,584.8699951171875,4594300
2025-08-08,578.90283203125,585.739990234375,586.1699829101562,582.5999755859375,582.9299926757812,4342300
2025-08-11,577.7168579101562,584.5399780273438,587.3599853515625,583.4400024414062,586.030029296875,5373900
2025-08-12,583.8840942382812,590.780029296875,590.9600219726562,585.4299926757812,586.75,5851900
2025-08-13,585.9199829101562,592.8400268554688,594.030029296875,590.8099975585938,592.8599853515625,5393000
2025-08-14,585.9298706054688,592.8499755859375,593.510009765625,590.5,590.9199829101562,6236700
2025-08-15,584.6648559570312,591.5700073242188,593.9500122070312,590.6599731445312,593.8599853515625,7196300
2025-08-18,584.457275390625,591.3599853515625,592.02001953125,590.3499755859375,590.97998046875,5311700
2025-08-19,581.2649536132812,588.1300048828125,592.1199951171875,586.9400024414062,591.25,6739300
2025-08-20,579.7330322265625,586.5800170898438,588.0,581.8499755859375,587.8099975585938,7113600
2025-08-21,577.4500122070312,584.27001953125,586.4600219726562,582.6500244140625,584.9299926757812,4807300
2025-08-22,586.2857055664062,593.2100219726562,594.3200073242188,585.8400268554688,586.27001953125,6389300
2025-08-25,583.8050537109375,590.7000122070312,593.22998046875,590.5499877929688,592.0499877929688,6483000
2025-08-26,586.1373901367188,593.0599975585938,593.4299926757812,589.7899780273438,590.3800048828125,4776600
2025-08-27,587.4815063476562,594.4199829101562,595.1400146484375,592.4400024414062,592.52001953125,6171400
2025-08-28,589.5570678710938,596.52001953125,597.0700073242188,593.27001953125,595.0700073242188,5058700
2025-08-29,586.1572265625,593.0800170898438,595.5499877929688,591.25,595.239990234375,7512000
2025-09-02,581.8381958007812,588.7100219726562,588.7999877929688,583.6699829101562,586.0599975585938,11116700
2025-09-03,584.8130493164062,591.719970703125,592.22998046875,588.780029296875,590.8099975585938,8205900
2025-09-04,589.6262817382812,596.5900268554688,596.77001953125,591.5999755859375,592.469970703125,8045600
2025-09-05,588.0152587890625,594.9600219726562,599.5999755859375,591.4500122070312,598.9099731445312,6641500
2025-09-08,589.5372924804688,596.5,597.4099731445312,595.030029296875,596.3099975585938,9472200
2025-09-09,590.9703369140625,597.9500122070312,598.3699951171875,595.010009765625,596.6099853515625,7844800
2025-09-10,592.68017578125,599.6799926757812,601.75,598.1599731445312,600.9199829101562,21641100
2025-09-11,597.5131225585938,604.5700073242188,605.22998046875,600.8900146484375,601.4299926757812,9109700
2025-09-12,597.3845825195312,604.4400024414062,605.97998046875,603.9500122070312,604.5900268554688,8130500
2025-09-15,600.4978637695312,607.5900268554688,607.77001953125,606.2000122070312,606.469970703125,7710700
2025-09-16,599.7070922851562,606.7899780273438,608.4199829101562,606.0599975585938,608.1599731445312,6393200
2025-09-17,599.0153198242188,606.0900268554688,608.3300170898438,601.5499877929688,606.8400268554688,11613600
2025-09-18,601.8320922851562,608.9400024414062,611.3099975585938,607.0700073242188,608.5499877929688,11057500
2025-09-19,604.6389770507812,611.780029296875,612.6699829101562,608.8499755859375,610.6199951171875,6065700
2025-09-22,607.5841064453125,614.760009765625,615.219970703125,610.510009765625,610.52001953125,11583800
2025-09-23,604.4017333984375,611.5399780273438,615.260009765625,610.3400268554688,614.7100219726562,10753000
2025-09-24,602.385498046875,609.5,612.739990234375,608.1900024414062,612.6300048828125,23787300
2025-09-25,599.5094604492188,606.5900268554688,607.9299926757812,603.3499755859375,606.6199951171875,6965700
2025-09-26,603.0377807617188,610.1599731445312,610.7000122070312,606.5700073242188,608.030029296875,6438600
2025-09-29,604.732666015625,610.1300048828125,611.6799926757812,608.47998046875,610.7899780273438,5658800
2025-09-30,606.9628295898438,612.3800048828125,612.8599853515625,608.27001953125,609.4299926757812,6515700
2025-10-01,609.1334228515625,614.5700073242188,615.3900146484375,609.5700073242188,609.7000122070312,10020000
2025-10-02,609.8074340820312,615.25,616.47998046875,613.02001953125,616.4099731445312,7139500
2025-10-03,609.85693359375,615.2999877929688,618.4199829101562,614.2899780273438,615.9500122070312,7210700
2025-10-06,611.9384155273438,617.4000244140625,618.280029296875,615.47998046875,617.4600219726562,6056400
2025-10-07,609.7578735351562,615.2000122070312,618.739990234375,613.8200073242188,618.2999877929688,7466300
2025-10-08,613.2963256835938,618.77001953125,618.9000244140625,615.4600219726562,616.219970703125,5035200
2025-10-09,611.6410522460938,617.0999755859375,619.5900268554688,615.280029296875,619.22998046875,5898500
2025-10-10,595.1978149414062,600.510009765625,619.5999755859375,600.22998046875,617.989990234375,13664200
2025-10-13,604.21728515625,609.6099853515625,611.030029296875,606.5800170898438,607.3699951171875,6968400
2025-10-14,603.3649291992188,608.75,612.1400146484375,600.510009765625,604.2000122070312,7493500
2025-10-15,606.021240234375,611.4299926757812,616.2100219726562,605.8200073242188,613.0700073242188,6504900
2025-10-16,602.0169067382812,607.3900146484375,614.7999877929688,604.1400146484375,613.1099853515625,7594800
2025-10-17,605.3571166992188,610.760009765625,612.02001953125,605.0999755859375,606.3400268554688,6911000
2025-10-20,611.71044921875,617.1699829101562,618.010009765625,613.510009765625,613.510009765625,4086200
2025-10-21,611.631103515625,617.0900268554688,618.739990234375,615.97998046875,617.3300170898438,4216200
2025-10-22,608.5386962890625,613.969970703125,617.8300170898438,609.8300170898438,617.8300170898438,6961600
2025-10-23,611.97802734375,617.4400024414062,618.469970703125,613.989990234375,614.25,5851800
2025-10-24,617.0427856445312,622.5499877929688,623.7899780273438,621.2100219726562,621.9199829101562,5694900
2025-10-27,624.4269409179688,630.0,630.2899780273438,627.1599731445312,627.739990234375,7804300
2025-10-28,626.1019287109375,631.6900024414062,633.3900146484375,629.6400146484375,631.7100219726562,5625600
2025-10-29,626.3596801757812,631.9500122070312,634.1300048828125,627.8699951171875,633.2100219726562,6104500
2025-10-30,619.7090454101562,625.239990234375,630.6300048828125,625.0999755859375,628.8099975585938,6243300
2025-10-31,621.4931030273438,627.0399780273438,629.9400024414062,624.5,629.8400268554688,7058600
2025-11-03,622.7122802734375,628.27001953125,630.5399780273438,625.1599731445312,630.4199829101562,5568100
2025-11-04,615.49658203125,620.989990234375,625.1699829101562,620.2000122070312,621.6500244140625,8390500
2025-11-05,617.35009765625,622.8599853515625,626.0,619.8300170898438,620.5900268554688,10323100
2025-11-06,610.7886352539062,616.239990234375,622.7899780273438,614.8200073242188,621.9600219726562,7099400
2025-11-07,611.4329223632812,616.8900146484375,617.02001953125,607.9199829101562,614.0900268554688,7571300
2025-11-10,620.9281616210938,626.469970703125,627.2100219726562,620.6599731445312,622.6900024414062,8425000
2025-11-11,622.3553466796875,627.9099731445312,628.489990234375,624.0700073242188,625.1599731445312,5639200
2025-11-12,622.6626586914062,628.219970703125,629.77001953125,626.0999755859375,629.6500244140625,6090200
2025-11-13,612.523193359375,617.989990234375,626.02001953125,616.510009765625,625.6699829101562,13065800
2025-11-14,612.3645629882812,617.8300170898438,621.219970703125,609.8300170898438,611.75,9681700
2025-11-17,606.625732421875,612.0399780273438,619.4500122070312,608.8099975585938,615.739990234375,8902500
2025-11-18,601.63037109375,607.0,611.510009765625,603.0,608.719970703125,8542600
2025-11-19,603.8109741210938,609.2000122070312,613.5700073242188,605.6699829101562,607.52001953125,7449400
2025-11-20,594.6527099609375,599.9600219726562,621.1300048828125,599.3599853515625,618.719970703125,13985000
2025-11-21,600.56982421875,605.9299926757812,611.010009765625,598.3800048828125,602.25,9821400
2025-11-24,609.5001220703125,614.9400024414062,616.0900268554688,608.3099975585938,609.280029296875,6242700
2025-11-25,615.1694946289062,620.6599731445312,621.75,610.989990234375,614.780029296875,7389500
2025-11-26,619.421630859375,624.9500122070312,626.8099975585938,622.260009765625,623.0599975585938,5323200
2025-11-28,622.8510131835938,628.4099731445312,628.6300048828125,625.7100219726562,626.030029296875,2953200
2025-12-01,619.9866333007812,625.52001953125,628.010009765625,624.0999755859375,624.1699829101562,9191600
2025-12-02,621.0371704101562,626.5800170898438,628.77001953125,624.6199951171875,627.010009765625,5280600
2025-12-03,623.2078247070312,628.77001953125,629.780029296875,624.9500122070312,625.77001953125,6338400
2025-12-04,623.7330932617188,629.2999877929688,630.1799926757812,626.47998046875,630.1300048828125,5147700
2025-12-05,624.9026489257812,630.47998046875,632.97998046875,629.47998046875,630.2999877929688,5693100
2025-12-08,623.0491943359375,628.6099853515625,631.469970703125,626.7000122070312,631.3599853515625,6876700
2025-12-09,622.543701171875,628.0999755859375,630.2100219726562,627.6599731445312,628.1799926757812,12849000
2025-12-10,626.5678100585938,632.1599731445312,633.510009765625,626.469970703125,627.6300048828125,22457400
2025-12-11,628.1041259765625,633.7100219726562,633.8699951171875,627.27001953125,630.0,33921000
2025-12-12,621.3246459960938,626.8699951171875,633.4299926757812,624.47998046875,632.7999877929688,8534700
2025-12-15,620.4227294921875,625.9600219726562,630.5599975585938,624.5700073242188,630.5599975585938,11337200
2025-12-16,618.6881713867188,624.2100219726562,626.219970703125,620.6500244140625,624.5499877929688,15819600
2025-12-17,611.8887939453125,617.3499755859375,625.6400146484375,617.1599731445312,625.1900024414062,21356900
2025-12-18,616.507568359375,622.010009765625,625.9400024414062,620.5700073242188,623.0499877929688,37062400
2025-12-19,622.0084838867188,627.5599975585938,628.1300048828125,623.8599853515625,623.97998046875,10487000
2025-12-22,625.9256591796875,629.72998046875,630.27001953125,627.7999877929688,628.969970703125,9850100
2025-12-23,628.8479614257812,632.6699829101562,632.8800048828125,628.9199829101562,628.9400024414062,13798500
2025-12-24,630.9451904296875,634.780029296875,635.3200073242188,632.5399780273438,632.6699829101562,3275200
2025-12-26,631.0048828125,634.8400268554688,636.0800170898438,633.8800048828125,635.1400146484375,3852100
2025-12-29,628.7783813476562,632.5999755859375,633.7899780273438,630.9500122070312,632.2999877929688,6579400
2025-12-30,627.9036865234375,631.719970703125,633.2100219726562,631.4099731445312,632.2000122070312,4180400
2025-12-31,623.3414306640625,627.1300048828125,632.1400146484375,626.9400024414062,631.9400024414062,5556800
2026-01-02,624.5043334960938,628.2999877929688,631.6599731445312,625.2100219726562,630.6400146484375,11337000
2026-01-05,628.6392822265625,632.4600219726562,634.0399780273438,631.22998046875,631.3800048828125,16175600
2026-01-06,632.3665771484375,636.2100219726562,636.6799926757812,632.530029296875,632.6400146484375,8672000
2026-01-07,630.3388671875,634.1699829101562,638.219970703125,633.9299926757812,636.5800170898438,8820100
2026-01-08,630.2295532226562,634.0599975585938,635.0999755859375,632.239990234375,633.47998046875,9017400
2026-01-09,634.453857421875,638.3099975585938,639.4400024414062,633.7999877929688,635.1500244140625,7864100
2026-01-12,635.4776611328125,639.3400268554688,640.1599731445312,635.1599731445312,635.1900024414062,7929800
2026-01-13,634.1755981445312,638.030029296875,640.1500244140625,635.8200073242188,639.6799926757812,8860000
2026-01-14,631.104248046875,634.9400024414062,636.1199951171875,631.0,635.489990234375,8683400
2026-01-15,632.7740478515625,636.6199951171875,639.5800170898438,635.7000122070312,638.77001953125,6937000
2026-01-16,632.247314453125,636.0900268554688,638.510009765625,634.6799926757812,637.9600219726562,6733700
2026-01-20,619.385498046875,623.1500244140625,629.760009765625,622.219970703125,626.760009765625,14877600
2026-01-21,626.4822998046875,630.2899780273438,633.4000244140625,623.6500244140625,625.02001953125,10403800
2026-01-22,629.7424926757812,633.5700073242188,635.6199951171875,631.75,634.4299926757812,6085500
2026-01-23,630.0009765625,633.8300170898438,635.469970703125,631.969970703125,632.8800048828125,5850400
2026-01-26,633.2412719726562,637.0900268554688,638.3900146484375,634.52001953125,635.030029296875,9007400
2026-01-27,635.83544921875,639.7000122070312,640.5999755859375,637.8699951171875,638.4199829101562,4339600
2026-01-28,635.736083984375,639.5999755859375,641.8099975585938,638.219970703125,641.0499877929688,5568700
2026-01-29,634.4141235351562,638.27001953125,641.0399780273438,629.8200073242188,640.4299926757812,8697200
2026-01-30,632.37646484375,636.219970703125,638.4500122070312,631.9500122070312,636.25,6562300
2026-02-02,635.8155517578125,639.6799926757812,640.9600219726562,634.0700073242188,634.1799926757812,9490300
2026-02-03,630.3190307617188,634.1500244140625,641.0,629.1099853515625,640.3300170898438,9702800
2026-02-04,627.0985717773438,630.9099731445312,635.9199829101562,627.0,634.9299926757812,11322000
2026-02-05,619.335693359375,623.0999755859375,628.75,621.5,626.239990234375,11714700
2026-02-06,631.4024047851562,635.239990234375,636.719970703125,626.2000122070312,626.719970703125,12987900
2026-02-09,634.3743286132812,638.22998046875,639.989990234375,633.1099853515625,634.0700073242188,8908500
2026-02-10,632.59521484375,636.4400024414062,640.6199951171875,636.0800170898438,639.1400146484375,13645300
2026-02-11,632.5056762695312,636.3499755859375,641.1500244140625,633.8400268554688,640.489990234375,5345000
2026-02-12,622.705322265625,626.489990234375,639.52001953125,625.760009765625,638.510009765625,8951100
2026-02-13,623.1029052734375,626.8900146484375,631.1699829101562,623.1199951171875,626.9299926757812,9312800
2026-02-17,624.1961669921875,627.989990234375,629.9299926757812,621.510009765625,625.5399780273438,8718600
2026-02-18,627.337158203125,631.1500244140625,633.7999877929688,628.0,629.1099853515625,9509200
2026-02-19,625.7269287109375,629.530029296875,631.0800170898438,626.8099975585938,628.9500122070312,5212400
2026-02-20,630.1898193359375,634.02001953125,634.5800170898438,627.030029296875,627.47998046875,7482000
2026-02-23,623.8384399414062,627.6300048828125,634.6099853515625,625.75,632.6099853515625,10868700
2026-02-24,628.3907470703125,632.2100219726562,633.0900268554688,625.4000244140625,627.1500244140625,6930300
2026-02-25,633.6785888671875,637.530029296875,638.0,634.739990234375,634.77001953125,12135200
2026-02-26,630.1202392578125,633.9500122070312,637.77001953125,629.4299926757812,637.6500244140625,9497700
2026-02-27,627.227783203125,631.0399780273438,631.6900024414062,626.9400024414062,628.239990234375,10471100
2026-03-02,627.4663696289062,631.280029296875,633.3400268554688,623.5999755859375,624.1900024414062,9211400
2026-03-03,621.9398803710938,625.719970703125,627.7899780273438,615.8800048828125,620.8099975585938,18493400
2026-03-04,626.3729858398438,630.1799926757812,631.9600219726562,625.0700073242188,626.9199829101562,13489800
2026-03-05,623.0233154296875,626.8099975585938,630.5,621.4000244140625,627.2899780273438,12198800
2026-03-06,614.6939697265625,618.4299926757812,621.8200073242188,616.0,619.3400268554688,9739200
2026-03-09,620.031494140625,623.7999877929688,625.3200073242188,609.2000122070312,612.8599853515625,13929200
2026-03-10,618.9580078125,622.719970703125,628.5,620.6300048828125,623.3200073242188,15570400
2026-03-11,618.272216796875,622.030029296875,625.4299926757812,619.2999877929688,623.2000122070312,6433300
2026-03-12,608.7998046875,612.5,617.7100219726562,612.4199829101562,617.219970703125,15487600
2026-03-13,605.4104614257812,609.0900268554688,618.3300170898438,608.25,615.5399780273438,25527500
2026-03-16,611.4735717773438,615.1900024414062,618.0800170898438,613.5399780273438,614.719970703125,8303200
2026-03-17,613.1632690429688,616.8900146484375,620.27001953125,616.27001953125,618.3699951171875,9941800
2026-03-18,604.7046508789062,608.3800048828125,615.8900146484375,608.1300048828125,614.6900024414062,14276900
2026-03-19,603.0845336914062,606.75,609.6900024414062,602.5399780273438,604.1400146484375,10271900
2026-03-20,594.3277587890625,597.9400024414062,605.5999755859375,594.5700073242188,605.4299926757812,17685700
2026-03-23,600.778564453125,604.4299926757812,611.030029296875,603.0599975585938,606.8599853515625,24014300
2026-03-24,598.7409057617188,602.3800048828125,605.9099731445312,599.3200073242188,600.6300048828125,18363300
2026-03-25,602.0010375976562,605.6599731445312,609.4400024414062,603.3599853515625,607.4000244140625,23288300
2026-03-26,591.3259887695312,594.9199829101562,603.9099731445312,594.6799926757812,601.2999877929688,7712600
2026-03-27,581.267333984375,582.9600219726562,590.8300170898438,582.030029296875,590.6799926757812,11707700
2026-03-30,579.2431640625,580.9299926757812,588.6699829101562,578.4600219726562,588.3900146484375,11839200
2026-03-31,595.81494140625,597.5499877929688,598.8499755859375,586.5,587.3499755859375,12447300
2026-04-01,600.5511474609375,602.2999877929688,605.3499755859375,600.27001953125,601.0599975585938,11332500
2026-04-02,601.2391357421875,602.989990234375,604.7899780273438,593.030029296875,594.22998046875,12780100
2026-04-06,603.9113159179688,605.6699829101562,606.4400024414062,602.6099853515625,602.9199829101562,6316800
2026-04-07,604.2802734375,606.0399780273438,606.3099975585938,598.5,603.5800170898438,6690000
2026-04-08,619.535888671875,621.3400268554688,622.489990234375,617.2999877929688,621.7999877929688,9805100
2026-04-09,623.2052001953125,625.02001953125,626.1699829101562,619.4000244140625,620.3400268554688,5498300
2026-04-10,622.786376953125,624.5999755859375,626.989990234375,623.719970703125,626.3300170898438,4609400
2026-04-13,628.8886108398438,630.719970703125,630.9000244140625,621.97998046875,622.75,5158400
2026-04-14,636.4964599609375,638.3499755859375,638.52001953125,632.219970703125,632.22998046875,5042900
2026-04-15,641.5816650390625,643.4500122070312,643.7899780273438,638.22998046875,639.1900024414062,5165600
2026-04-16,642.987548828125,644.8599853515625,646.0700073242188,642.1500244140625,644.510009765625,5882400
2026-04-17,650.8845825195312,652.780029296875,654.8800048828125,648.8599853515625,649.1799926757812,7815300
2026-04-20,649.6481323242188,651.5399780273438,652.5999755859375,649.1699829101562,651.6199951171875,6384100
2026-04-21,645.37060546875,647.25,653.8599853515625,645.9400024414062,652.9400024414062,8514900
2026-04-22,652.0013427734375,653.9000244140625,654.1900024414062,651.0900268554688,651.97998046875,4537200
2026-04-23,649.3689575195312,651.260009765625,654.9000244140625,645.6599731445312,652.22998046875,6519500
2026-04-24,654.5139770507812,656.4199829101562,656.8200073242188,651.8200073242188,653.4000244140625,4793800
2026-04-27,655.5908813476562,657.5,657.9000244140625,654.8400268554688,655.6699829101562,5319200
2026-04-28,652.3602905273438,654.260009765625,655.3900146484375,652.010009765625,654.4099731445312,5527100
2026-04-29,652.34033203125,654.239990234375,654.719970703125,651.260009765625,653.6199951171875,6302000
2026-04-30,658.6619262695312,660.5800170898438,661.77001953125,653.1500244140625,657.0,5948400
2026-05-01,660.5963134765625,662.52001953125,666.4199829101562,662.3800048828125,663.0900268554688,5426500
2026-05-04,658.2032470703125,660.1199951171875,663.8499755859375,657.3900146484375,661.989990234375,5962400
2026-05-05,663.3682250976562,665.2999877929688,666.5499877929688,663.3300170898438,663.5800170898438,5052600
2026-05-06,672.7009887695312,674.6599731445312,675.3400268554688,669.1500244140625,669.4500122070312,6441500
2026-05-07,670.587158203125,672.5399780273438,676.760009765625,670.9199829101562,675.8200073242188,6260300
2026-05-08,676.0711669921875,678.0399780273438,678.530029296875,675.3699951171875,675.7000122070312,4348100
2026-05-11,677.5469360351562,679.52001953125,681.0599975585938,677.0800170898438,677.0800170898438,5693400
2026-05-12,676.6993408203125,678.6699829101562,679.260009765625,672.7999877929688,677.469970703125,6073400
2026-05-13,680.4285278320312,682.4099731445312,683.9099731445312,676.2000122070312,678.9000244140625,4918000
2026-05-14,685.7330322265625,687.72998046875,689.0999755859375,683.6599731445312,683.739990234375,5370000
2026-05-15,677.4671630859375,679.4400024414062,683.52001953125,678.4400024414062,682.0399780273438,6448500
2026-05-18,676.9386596679688,678.9099731445312,681.6099853515625,674.25,680.1799926757812,7585400
2026-05-19,672.6312866210938,674.5900268554688,678.1500244140625,672.5499877929688,675.5599975585938,5664200
2026-05-20,679.5910034179688,681.5700073242188,682.0,674.739990234375,676.3200073242188,5506800
2026-05-21,680.8572998046875,682.8400268554688,684.8300170898438,677.6199951171875,679.0800170898438,7335400
2026-05-22,683.5593872070312,685.5499877929688,688.5800170898438,684.47998046875,686.0999755859375,4319800
2026-05-26,688.0064697265625,690.010009765625,691.510009765625,688.0800170898438,689.6500244140625,6633800
2026-05-27,687.9566040039062,689.9600219726562,690.780029296875,687.9199829101562,690.3599853515625,7386500
2026-05-28,691.8950805664062,693.9099731445312,694.2899780273438,688.8499755859375,689.760009765625,8477100
2026-05-29,693.4705200195312,695.489990234375,697.0,693.8900146484375,695.0,5080400
2026-06-01,695.2752685546875,697.2999877929688,699.0599975585938,693.9400024414062,694.5399780273438,10051200
2026-06-02,696.2325439453125,698.260009765625,699.1500244140625,695.780029296875,696.0599975585938,4750700
2026-06-03,691.3467407226562,693.3599853515625,697.6500244140625,692.8499755859375,697.0800170898438,5970400
2026-06-04,694.0388793945312,696.0599975585938,697.2000122070312,690.9000244140625,691.489990234375,6630000
2026-06-05,676.0313110351562,678.0,692.1799926757812,676.25,691.7100219726562,10846500
2026-06-08,677.7064208984375,679.6799926757812,685.2899780273438,678.7000122070312,683.469970703125,8867200
2026-06-09,675.7322387695312,677.7000122070312,686.760009765625,664.3200073242188,683.7100219726562,16197200
2026-06-10,665.1130981445312,667.0499877929688,678.8800048828125,666.8800048828125,674.3200073242188,16472700
2026-06-11,676.2606201171875,678.22998046875,680.3800048828125,666.0,670.0999755859375,19974200
2026-06-12,679.9698486328125,681.9500122070312,684.4400024414062,675.8099975585938,681.0800170898438,6328000
2026-06-15,691.8153686523438,693.8300170898438,695.75,691.260009765625,691.2999877929688,14068900
2026-06-16,687.7471923828125,689.75,694.5700073242188,689.4400024414062,693.8300170898438,13324100
2026-06-17,679.431396484375,681.4099731445312,691.530029296875,679.6400146484375,690.760009765625,15029600
2026-06-18,686.1119384765625,688.1099853515625,689.7000122070312,685.7000122070312,689.2999877929688,17747900
2026-06-22,684.1077880859375,686.0999755859375,691.5,685.0,689.1699829101562,13367200
2026-06-23,674.3761596679688,676.3400268554688,681.72998046875,675.02001953125,676.3599853515625,17581700
2026-06-24,673.72802734375,675.6900024414062,682.0700073242188,673.6799926757812,677.6799926757812,9677000
2026-06-25,673.7479858398438,675.7100219726562,681.5399780273438,672.5800170898438,681.1400146484375,26266500
2026-06-26,670.260009765625,670.260009765625,676.9600219726562,668.0999755859375,669.9600219726562,6007600
2026-06-29,681.010009765625,681.010009765625,681.5700073242188,672.9299926757812,677.010009765625,5703800
2026-06-30,686.8099975585938,686.8099975585938,687.530029296875,680.989990234375,681.3200073242188,9892400
2026-07-01,685.4600219726562,685.4600219726562,688.8300170898438,682.2999877929688,684.72998046875,8659300
2026-07-02,684.8400268554688,684.8400268554688,690.5,680.219970703125,686.97998046875,6994700
2026-07-06,690.6199951171875,690.6199951171875,691.5800170898438,687.0,688.1099853515625,5610000
2026-07-07,687.0800170898438,687.0800170898438,690.239990234375,684.989990234375,689.5800170898438,4847400
2026-07-08,685.260009765625,685.260009765625,685.8400268554688,679.72998046875,683.0999755859375,4839800
2026-07-09,690.6900024414062,690.6900024414062,691.1900024414062,685.2899780273438,686.9500122070312,6423900
2026-07-10,693.8599853515625,693.8599853515625,694.3300170898438,687.6300048828125,691.25,5326400
2026-07-13,688.5,688.5,692.9600219726562,687.5399780273438,691.5999755859375,6637600
2026-07-14,691.0999755859375,691.0999755859375,692.4000244140625,688.2000122070312,690.2100219726562,4610200
2026-07-15,693.7999877929688,693.7999877929688,694.5,689.5800170898438,693.27001953125,4132800
2026-07-16,690.1400146484375,690.1400146484375,693.5499877929688,687.4299926757812,691.97998046875,4764000
2026-07-17,683.1699829101562,683.1699829101562,686.8699951171875,680.9199829101562,682.1199951171875,5679300
2026-07-20,682.2100219726562,682.2100219726562,688.2000122070312,681.5700073242188,686.6699829101562,5360300
2026-07-21,687.8699951171875,687.8699951171875,688.489990234375,684.030029296875,685.9500122070312,4075500
2026-07-22,687.030029296875,687.030029296875,689.4000244140625,686.02001953125,686.2899780273438,3418300
2026-07-23,678.6099853515625,678.6099853515625,682.5499877929688,675.760009765625,679.5499877929688,4983100
2026-07-24,679.1400146484375,679.1400146484375,683.5499877929688,677.7000122070312,678.7999877929688,6311600
2026-07-27,679.3099975585938,679.3099975585938,685.239990234375,676.4000244140625,684.6900024414062,5232200
2026-07-28,680.9600219726562,680.9600219726562,682.760009765625,676.47998046875,679.4500122070312,5090000
2026-07-29,670.6300048828125,670.6300048828125,682.6300048828125,670.1599731445312,680.1199951171875,7970700
2026-07-30,681.7899780273438,681.7899780273438,682.4400024414062,675.2100219726562,676.5399780273438,6094800
2026-07-31,686.6500244140625,686.6500244140625,688.3499755859375,678.0599975585938,684.5,7715400
2026-08-03,696.4000244140625,696.4000244140625,697.3099975585938,688.6099853515625,688.8300170898438,7283200
2026-08-04,708.97998046875,708.97998046875,710.9099731445312,699.0700073242188,699.1599731445312,6566400
2026-08-05,707.5999755859375,707.5999755859375,714.1599731445312,707.3200073242188,713.1400146484375,5225700
2026-08-06,706.4000244140625,706.4000244140625,709.4600219726562,705.4299926757812,707.9299926757812,4668700
2026-08-07,710.7100219726562,710.7100219726562,711.3699951171875,707.4400024414062,708.72998046875,4653100
2026-08-10,710.6500244140625,710.6500244140625,712.4400024414062,709.5,710.3099975585938,6689300
2026-08-11,708.4199829101562,708.4199829101562,712.0,707.0,711.9600219726562,5169300
2026-08-12,710.1699829101562,710.1699829101562,712.260009765625,708.9299926757812,712.1199951171875,4919100
2026-08-13,714.9500122070312,714.9500122070312,716.3900146484375,711.6099853515625,712.2999877929688,4590000
2026-08-14,713.6099853515625,713.6099853515625,715.8900146484375,712.7999877929688,715.6300048828125,4236400
2026-08-17,710.27001953125,710.27001953125,714.0499877929688,710.0999755859375,713.5,5745000
2026-08-18,705.4000244140625,705.4000244140625,707.3499755859375,704.9600219726562,706.6099853515625,5278600
2026-08-19,706.9099731445312,706.9099731445312,710.0999755859375,706.0999755859375,708.1900024414062,7021800
2026-08-20,701.010009765625,701.010009765625,706.0800170898438,700.469970703125,704.0499877929688,8458600
2026-08-21,703.7100219726562,703.7100219726562,705.7999877929688,702.4400024414062,704.0700073242188,10712800
2026-08-24,701.8300170898438,701.8300170898438,703.3900146484375,700.530029296875,702.969970703125,7727600
2026-08-25,704.02001953125,704.02001953125,704.8400268554688,701.4500122070312,704.2899780273438,4315600
2026-08-26,704.2000122070312,704.2000122070312,705.3200073242188,702.22998046875,702.9000244140625,7157800
2026-08-27,708.75,708.75,709.9600219726562,705.2100219726562,706.3900146484375,6745700
2026-08-28,707.239990234375,707.239990234375,712.6699829101562,706.260009765625,709.3900146484375,8084500
2026-08-31,704.8900146484375,704.8900146484375,705.9400024414062,702.9600219726562,705.3599853515625,5733400
2026-09-01,700.280029296875,700.280029296875,702.9099731445312,698.1400146484375,700.4500122070312,6486900
2026-09-02,703.4099731445312,703.4099731445312,704.530029296875,700.1799926757812,700.8499755859375,7742300
2026-09-03,710.719970703125,710.719970703125,711.52001953125,705.510009765625,705.8200073242188,8585400
2026-09-04,708.010009765625,708.010009765625,710.4500122070312,706.9000244140625,709.719970703125,6806600
2026-09-08,704.0700073242188,704.0700073242188,707.510009765625,703.3699951171875,706.97998046875,7827600
2026-09-09,700.8699951171875,700.8699951171875,702.7100219726562,699.489990234375,702.3499755859375,4293300
2026-09-10,696.6500244140625,696.6500244140625,698.6400146484375,695.5399780273438,696.780029296875,18313400
2026-09-11,702.5599975585938,702.5599975585938,704.5,701.9299926757812,703.0,5792000
2026-09-14,699.2999877929688,699.2999877929688,701.8499755859375,696.719970703125,697.780029296875,6801300
2026-09-15,696.2000122070312,696.2000122070312,698.9400024414062,695.0900268554688,698.77001953125,9657900
2026-09-16,693.239990234375,693.239990234375,700.0999755859375,689.0399780273438,698.1699829101562,14168400
2026-09-17,701.030029296875,701.030029296875,701.8800048828125,698.6099853515625,701.5999755859375,9903400
2026-09-18,701.780029296875,701.780029296875,702.1900024414062,698.5,701.5800170898438,9586400
